{
 "(200, 50, 50)|0.5": [
  165.1,
  59.93,
  16.32
 ],
 "(200, 50, 50)|1.0": [
  110.65,
  74.73,
  4.82
 ],
 "(200, 50, 50)|1.5708": [
  53.42,
  92.51,
  3.45
 ],
 "(200, 50, 50)|3.14159": [
  8.5,
  101.96,
  101.48
 ],
 "(50, 200, 50)|0.5": [
  31.75,
  202.2,
  111.4
 ],
 "(50, 200, 50)|1.0": [
  33.1,
  190.52,
  207.4
 ],
 "(50, 200, 50)|1.5708": [
  152.0,
  208.0,
  255.0
 ],
 "(50, 200, 50)|3.14159": [
  255.0,
  175.0,
  255.0
 ],
 "(50, 50, 200)|0.5": [
  96.31,
  39.36,
  185.35
 ],
 "(50, 50, 200)|1.0": [
  144.1,
  34.47,
  135.21
 ],
 "(50, 50, 200)|1.5708": [
  173.07,
  34.06,
  66.62
 ],
 "(50, 50, 200)|3.14159": [
  65.68,
  65.69,
  0.99
 ],
 "(200, 200, 50)|0.5": [
  130.12,
  221.63,
  57.56
 ],
 "(200, 200, 50)|1.0": [
  85.05,
  235.36,
  91.88
 ],
 "(200, 200, 50)|1.5708": [
  65.17,
  234.88,
  169.65
 ],
 "(200, 200, 50)|3.14159": [
  215.0,
  215.0,
  255.0
 ],
 "(50, 200, 200)|0.5": [
  160.0,
  218.0,
  255.0
 ],
 "(50, 200, 200)|1.0": [
  184.0,
  206.0,
  255.0
 ],
 "(50, 200, 200)|1.5708": [
  221.0,
  194.0,
  255.0
 ],
 "(50, 200, 200)|3.14159": [
  255.0,
  190.0,
  188.0
 ],
 "(200, 50, 200)|0.5": [
  242.24,
  49.05,
  114.13
 ],
 "(200, 50, 200)|1.0": [
  237.4,
  55.44,
  46.6
 ],
 "(200, 50, 200)|1.5708": [
  178.68,
  71.06,
  9.42
 ],
 "(200, 50, 200)|3.14159": [
  15.79,
  123.44,
  15.82
 ],
 "(180, 120, 60)|0.5": [
  137.69,
  133.05,
  47.7
 ],
 "(180, 120, 60)|1.0": [
  98.65,
  145.19,
  51.32
 ],
 "(180, 120, 60)|1.5708": [
  68.89,
  153.02,
  75.43
 ],
 "(180, 120, 60)|3.14159": [
  82.17,
  133.37,
  216.63
 ]
}