{
  "id": "curve.interp.bezier.eval",
  "kind": "curve",
  "status": "VERIFIED",
  "n_cases": 166,
  "max_abs_err": 3.197442310920451e-14,
  "max_rel_err": 1.7793109999639577e-15,
  "worst": {
    "case": {
      "ctrl": [
        -46.39266018350674,
        47.267435921232405,
        17.408996307659947,
        0.3140483766658235
      ],
      "u": 0.6143553481173157
    },
    "output": "ret",
    "oracle": 17.970114898324205,
    "engine": 17.970114898324237
  },
  "n_failures": 0,
  "failures": [],
  "tol_abs": 1e-06,
  "tol_rel": 1e-06,
  "swept": "2026-07-22T10:30:07Z"
}