{
  "id": "OZBezierFindParameter",
  "status": "VERIFIED",
  "n_cases": 135,
  "max_abs_err": 4.293831956658778e-10,
  "max_rel_err": 1.1745022423449324e-09,
  "worst": {
    "case": {
      "tctrl": [
        2.0,
        2.5,
        3.5,
        4.0
      ],
      "t": 2.7
    },
    "output": "ret",
    "oracle": 0.3655873779383244,
    "engine": 0.3655873783677076
  },
  "n_failures": 0,
  "failures": [],
  "tol_abs": 1e-06,
  "tol_rel": 1e-06,
  "swept": "2026-07-22T10:08:06Z"
}