fw	class	nMethods	nPorted
Flexo	FFAnchoredTimelineModule	1471	0
Helium	(free)	1458	0
Flexo	FFAnchoredSequence	1170	0
Flexo	FFAnchoredObject	924	0
Flexo	(free)	821	0
Flexo	FFOrganizerFilmstripModule	638	0
Ozone	(free)	627	0
Flexo	FFEffect	554	0
ProCore	(free)	537	0
Flexo	FFEffectStack	502	1
Flexo	FFProOSC	405	0
Flexo	FFAsset	386	0
Flexo	FFPlayerVideoModule	382	0
Flexo	FFOrganizerFilmstripView	380	0
Flexo	FFOrganizerFilmListViewController	374	0
Ozone	OZScene	365	0
Ozone	OZPreferenceManager	365	0
Ozone	LKColor	318	0
Flexo	FFXMLImporter	306	0
Flexo	FFAnchoredCollection	300	0
Ozone	OZViewer	277	0
Flexo	FFLibraryDocument	277	0
Ozone	OZDocumentKeyResponder	265	0
Flexo	FFMediaEventProject	264	0
Ozone	OZFxPlugParameterHandler	261	0
Flexo	FFPlayer	254	0
ProChannel	OZChannel	241	0
Flexo	FFLibrary	240	0
Ozone	OZCanvasModule	232	0
Flexo	FFAnchoredStack	227	0
Flexo	FFVideoProps	216	0
Flexo	FFCurveEditorLayer	216	0
Flexo	FFOutlineView	214	0
Ozone	OZImageElement	212	0
Ozone	OZElement	205	0
Flexo	FFCurveEditorDataSource	201	0
Flexo	FFPlayerModule	197	0
Ozone	OZTimelineView	194	0
Flexo	FFEventLibraryModule	194	0
Flexo	FFTheaterModule	194	0
Helium	HGGPURenderer	193	0
Flexo	FFMDMusicModule	192	0
Ozone	OZViewerOSC	189	0
Ozone	OZSceneNode	186	0
ProChannel	OZCurve	184	0
Flexo	FFMediaRep	181	0
Ozone	OZFootage	180	0
Flexo	FFRoleEditorController	180	0
Flexo	FFVoiceOverController	179	0
Flexo	FFInspectorModuleCaptionEditor	176	0
Flexo	FFXMLExporter	172	0
Ozone	OZLibraryEntry	171	0
Flexo	FFPlayerScheduledData	171	0
Ozone	OZImageMask	166	0
Flexo	FFAudioUnitEffect	165	0
Flexo	FFAudioComponentSource	164	0
Ozone	OZOSCObjectDelegate	161	0
Flexo	FFModelDocument	158	0
Flexo	FFImage	156	0
Flexo	CALayer	155	0
ProChannel	OZChannelBase	154	0
ProCore	PCMotionBundle	154	0
Ozone	OZGroup	153	0
Ozone	OZRotoshape	153	0
Ozone	OZLibraryModuleBase	153	0
Flexo	FFOZNullCurve	150	0
Flexo	FFBaseSharePanel	150	0
Ozone	OZFxPlugSharedBase	148	0
Flexo	FFImportOrganizerModule	147	0
Flexo	FFTrailerController	146	0
Flexo	FFImageBrowserView	145	0
Flexo	FFProject	144	0
Flexo	FFShareDestinationExportMediaController	143	0
Flexo	FFHeColorEffect	142	0
Flexo	FFShareDestination	141	0
Flexo	FFStoryTimelinePresentation	140	0
Flexo	FFOrganizerFilmListOutlineDataNode	139	0
Flexo	Flexo	139	0
ProChannel	OZSpline	137	0
Flexo	FFMedia	136	0
Ozone	OZObjCDocument	135	0
Flexo	FFOSC	135	0
ProChannel	OZChannelCurve	131	0
Flexo	FFIMovieImporter	131	0
Flexo	FFLibraryManagerPanelController	131	0
Flexo	FFAnchoredMediaComponent	128	0
Flexo	FFPixelFormat	122	0
Ozone	OZFxFilter	121	0
Flexo	FFMIORADVolume	121	0
Flexo	FFTrackerManager	120	0
Flexo	FFMediaSidebarController	119	0
Flexo	FFContext	119	0
Flexo	FFShareInfoDataSource	118	0
Ozone	OZTemplateBrowserController	117	0
Flexo	FFOrganizerFilmstripViewController	117	0
Helium	HGRasterizer	117	0
Flexo	FFSidebarModule	116	0
Flexo	FFShareDestinationController	115	0
Flexo	FFAnchoredSequenceSettingsModule	115	0
Flexo	FFAudioEffectEditorWindowController	114	0
Flexo	FFOutlineViewCell	114	0
Flexo	FFInspectorModuleMetadata	112	0
Helium	HGString	112	0
Ozone	OZTimelineModule	110	0
Flexo	FFPlayerView	110	0
Flexo	FFTheaterDatabase	110	0
Flexo	FFMediaEventDocument	109	0
Flexo	FFEnhanceAudioManager	109	0
Flexo	FFOrganizerModule	108	0
Flexo	FFMaskedEffectBase	107	0
Flexo	FFTransportViewController	107	0
Flexo	FFRetimingEffect	106	0
Flexo	FFOrganizerFilmstripChunk	106	0
Flexo	FFSnappingCalculation	106	0
Flexo	FFRole	104	0
Flexo	FFLibraryItem	102	0
Flexo	FFFilmstripLayer	102	0
Helium	HGMetalHandler	102	0
Flexo	FFTimelineItemAppearance	101	0
Flexo	FFMDPhotoObjectViewController	101	0
ProCore	Json::Value	100	0
Helium	HGRenderQueue	99	0
Flexo	FFSpeedSegmentLayer	98	0
Flexo	FFEventMediaSidebarController	97	0
Flexo	FFImageBrowserCell	97	0
Flexo	FFSourceVideoFig	97	0
Flexo	FFCutawayTool	97	0
Helium	HGTextureManager	97	0
ProCore	PCColor	96	0
Flexo	FFMediaEventFolder	96	0
Flexo	FFREDSettings	96	0
Flexo	FFSharePanel	96	0
Flexo	RCTeamController	95	0
Flexo	FFRADIngestManager	95	0
ProChannel	OZChannelFolder	94	0
Flexo	FFSegmentationMask	94	0
Flexo	FFAnchoredStackAuditioner	94	0
Flexo	FFOrganizedLaneManager	94	0
Helium	HGNode	94	0
Ozone	OZEffect	93	0
Flexo	FFAnchoredCaption	93	0
Flexo	FFMDPhotoLibraryModule	93	0
Ozone	OZRenderParams	92	0
Ozone	non-virtual thunk to OZRotoshape	92	0
Ozone	OZLinkBehavior	92	0
Flexo	FFMultiAngleManager	92	0
Flexo	FFBackgroundTaskQueue	92	0
Ozone	OZFootageListModule	91	0
Flexo	FFAudioObjectComponentsLayoutMap	91	0
Flexo	FFInspectorTabModule	91	0
Ozone	OZBehavior	90	0
Flexo	FFFilmstripCell	90	0
ProCore	PCString	89	0
Ozone	OZTransformNode	89	0
Flexo	FFMetadataDefinition	89	0
Flexo	FFEffectLibraryCollectionView	89	0
Flexo	FFShareInfoViewController	89	0
ProChannel	OZDynamicCurve	88	0
Flexo	FFProvider	88	0
Flexo	FFShareExportMediaDestination	87	0
Flexo	FFDataListModule	87	0
Flexo	FFOrganizerFilmstripViewLayout	87	0
Flexo	FFScheduleTokenVTDecode	87	0
Helium	HGRenderer	86	0
Ozone	OZViewerBase	85	0
Flexo	FFCaptionTextBlock	85	0
Flexo	FFTrackerUtils	85	0
Flexo	FFKeywordEditor	85	0
Flexo	FFOrganizerFilterHUDUtils	85	0
Flexo	FFLibraryContainer	84	0
Flexo	FFLibraryTask	84	0
Helium	HGColorGamma	84	0
Ozone	OZDropZonePanScanOSC	83	0
Flexo	FFOZSlaveCurve	83	0
Flexo	FFRoleColorScheme	83	0
Flexo	FFDataListLaneNode	83	0
Ozone	OZLayerListModule	82	0
Flexo	FFEffectBundlePart	82	0
Flexo	FFHeCinematicEffect	82	0
Flexo	FFInspectorModuleChannels	82	0
Flexo	FFMediaDetailContainerModule	82	0
Flexo	FFAnchoredTransition	81	0
Flexo	FFDominantMotionMediaRep	81	0
Flexo	FFDestVideoDisplay	81	0
Ozone	OZMaterialSubstanceLayer	80	0
Flexo	FFAnchoredAngle	80	0
Flexo	FFNoiseReductionScheduleToken	80	0
Flexo	FFIMovieIOSEdits	80	0
Helium	HGRenderJob	80	0
Flexo	FFInlineColorBoardInspectorController	79	0
Flexo	FFSequenceInfo	79	0
Flexo	FFEffectBundle	79	0
Flexo	FFDataListLanesOutlineCellView	79	0
Flexo	FFRetimeSettingsTool	79	0
Ozone	OZObjectManipulator	78	0
Flexo	FFHeXForm3DEffect	78	0
ProChannel	(free)	77	0
Ozone	OZMoCurveEditorCtrl	77	0
Flexo	FFSplitAudioTimelineComponent	77	0
Flexo	FFMicaTitle	77	0
Flexo	FFSegmentationMaskOSC	77	0
Flexo	FFVAMLSearchContext	77	0
ProChannel	CHChannel	76	0
Flexo	FFStabilizationEffect	76	0
Flexo	FFIsolationMask	76	0
Flexo	FFInspectorModuleColorHeaderController	76	0
Flexo	FFMDAbstractLibraryView	76	0
Flexo	FFTheaterItem	76	0
Ozone	OZMaterialFinishLayer	75	0
Ozone	OZSceneCamera	75	0
Ozone	OZTimingCoordinator	75	0
Flexo	NSString	75	0
Flexo	FFSVContext	75	0
Flexo	FFDupeDetectionMediaUsage	74	0
Flexo	FFHeCropEffect	74	0
Flexo	FFVideoScopesView	74	0
Flexo	FFViewSetEditorWindowController	74	0
Flexo	FFAudioVolumeTool	74	0
Ozone	OZDocument	73	0
Flexo	FFMediaEventSmartCollection	73	0
Flexo	FFCatalogDocument	73	0
Flexo	FFCurvesLayer	73	0
Flexo	FFCurvesDataSource	73	0
Flexo	FFPasteboard	73	0
Flexo	FFAnchoredComponent	72	0
Flexo	FFLibraryBackupTask	72	0
Flexo	FFMultiAngleItem	72	0
Flexo	FFFadeHandlesLayer	72	0
Flexo	FFShareInfoItem	72	0
ProCore	PCColorSpaceCache	71	0
Flexo	FFAudioPlayer	71	0
Flexo	FFMotionEffectBundle	71	0
Flexo	EDTDupeDetector	71	0
Flexo	FFMaskedEffectOSC	71	0
Flexo	FFSharePanelRolesDataSource	71	0
Ozone	OZFxPlugTimingAPI	70	0
Ozone	OZDFRProjectNavigatorViewController	70	0
Flexo	FFEffectPickerView	70	0
Flexo	FFInspectorModuleOZViewCtlrDelegate	70	0
Flexo	FFMediaSidebarNode	70	0
Flexo	FFAudioComponentsConfigTile	69	0
Flexo	FFImportTapeModule	69	0
Flexo	FFColorSecondaryEffect	68	0
Flexo	FFAnchoredMediaRef	68	0
Flexo	FFREDRAWSettingsController	68	0
Helium	HGGLNode	68	0
Ozone	OZSceneNodeFile	67	0
Ozone	OZMoShape	67	0
Ozone	OZLayerNodeWrapper	67	0
Flexo	FFAudioComponentsLayout	67	0
Flexo	FFEventsSuperModule	67	0
Flexo	FFOrganizedLane	67	0
Flexo	FFVideoFormat	67	0
Flexo	MXFMedia	67	0
ProChannel	CHChannelBase	66	0
Ozone	OZAudioBehavior	66	0
Ozone	OZFileSystemLibEntry	66	0
Flexo	FFAudioGraph	66	0
Flexo	FFDataListClipsViewController	66	0
Flexo	FFInspectorButtonParameterController	66	0
Flexo	FFMDAllProjectsModule	66	0
Flexo	FFMDPhotoObjectCell	66	0
Flexo	FFCinematicOSC	66	0
Flexo	FFRenderStateTracker	66	0
Ozone	OZAudioMixer	65	1
Ozone	OZRetimingUtil	65	0
Ozone	OZRigWidget	65	0
Flexo	FFMaskBase	65	0
Flexo	FFInspectorTextParameterController	65	0
Flexo	FFDestVideoCMIODirect	65	0
Flexo	FFAudioDynamicScopingWindow	64	0
Flexo	FFIMovieIOSImporter	64	0
Flexo	FFDataListLanesDataSource	64	0
Flexo	FFOrganizerFilmstripChunkContainer	64	0
Flexo	FFTheaterBrowserCell	64	0
Ozone	OZCloneGenerator	63	0
Ozone	OZLibraryModule	63	0
Flexo	FFCaptionTextBlockController	63	0
Flexo	FFPhotosImportTask	63	0
Flexo	FFNamingPreset	63	0
Flexo	FFOrganizerAbstractChunk	63	0
Flexo	FFThumbnailRequest	63	0
Flexo	FFThemeInfo	63	0
Flexo	FFFontSettingsTool	63	0
Ozone	OZ3DEngineSceneFile	62	0
Ozone	OZShapeBehavior	62	0
Ozone	OZInspectorModule	62	0
Flexo	FFAudioComponentsLayoutMap	62	0
Flexo	FFConsumerOrganizerFilmstripModule	62	0
Flexo	FFBackgroundTask	62	0
Flexo	FFDestVideo	62	0
Flexo	FFVideoEffectTool	62	0
Flexo	FFBackgroundShareOperation	62	0
Ozone	OZAudioTrack	61	0
Ozone	OZTimebarViewBase	61	0
Flexo	MicaTextGroup	61	0
Flexo	FFOrganizerFilmstripViewConsumer	61	0
Flexo	FFAudioRecorder	60	0
Flexo	FFUpdateDupesOperation	60	0
Flexo	FFEffectLibraryItemView	60	0
Flexo	FFImportOrganizerFilmListViewController	60	0
Flexo	FFOutlineViewLayout	60	0
Flexo	FFCaptionExportFileSelector	59	0
Flexo	FFMediaEventKeyword	59	0
Flexo	FFRelinkPanelController	59	0
Flexo	FFRetimeEditorLayer	59	0
Flexo	FFResponderLayer	59	0
Flexo	FFAudioEnhancementTool	59	0
Flexo	FFShareVideoPreviewViewController	59	0
Helium	HGComicImplementation	59	0
Flexo	FFBalanceColorBaseEffect	58	0
Flexo	FFMediaRef	58	0
Flexo	FFNoiseReduction	58	0
Flexo	FFMediaAnalyzerAndOptimizer	58	0
Flexo	FFResponderLayerHostView	58	0
Ozone	OZ3DEngineSceneElement	57	0
Flexo	FFWorkspace	57	0
Flexo	FFMDAbstractLibraryCell	57	0
Ozone	OZViewerState	56	0
Ozone	OZFxPlugOnscreenControl	56	0
Flexo	FFScopedEffect	56	0
Flexo	FFPentaSliderThumbCell	56	0
Flexo	FFMediaEventProjectData	56	0
Flexo	FFComparePickerView	56	0
Flexo	FFDataListTagsViewController	56	0
Flexo	FFThumbnailRequestManager	56	0
Flexo	FFConsumerGeneratorTool	56	0
Flexo	FFTrailerClipTrimmer	56	0
ProChannel	OZChannelBlindData	55	0
ProCore	PCMatrix44Double	55	0
Ozone	OZMaterialPaintLayer	55	0
Flexo	FFRollingShutterEffect	55	0
Flexo	FFPXMediaReader	55	0
Flexo	FFCPSProjectEditVC	55	0
Flexo	FFImportOrganizerFilmstripModule	55	0
Flexo	FFDestQTExporter	55	0
Flexo	FFResponderAccessoryLayer	55	0
Helium	HGColorConform	55	0
ProChannel	OZChannelObjectRootBase	54	0
Ozone	OZLayeredMaterial	54	0
Ozone	OZOpticalFlow::Private::AnalyzerImpl	54	0
Ozone	OZRigBehavior	54	0
Ozone	TMCollection	54	0
Ozone	OZSegmentationMaskOSC	54	0
Ozone	OZFxPlugPathHandler	54	0
Flexo	FFBinObject	54	0
Flexo	FFCatalog	54	0
Flexo	FFUndoHandler	54	0
Flexo	FFPencilEffect	54	0
Flexo	FFAudioComponentsConfigViewModule	54	0
Flexo	FFOrganizerUtils	54	0
Flexo	FFProviderCG	54	0
Flexo	FFTool	54	0
Ozone	OZMaterialBase	53	0
Ozone	OZSingleChannelBehavior	53	0
Ozone	OZMetalLayerView	53	0
Ozone	OZDragManager	53	0
Ozone	OZAudioListModule	53	0
Flexo	FFIntrinsicColorConformEffect	53	0
Flexo	FFQCIMEffect	53	0
Flexo	FFQCSportsEffect	53	0
Flexo	FFInspectorRootViewController	53	0
Flexo	FFSearchHeaderSearchField	53	0
Flexo	FFPasteEffectsWindowController	53	0
Flexo	FFVTRAWSettingsHud	53	0
Flexo	FFTransform2DOSC	53	0
Flexo	FFDestVideoCMIO	53	0
Ozone	OZMaterialSpecularLayer	52	0
Ozone	OZPublishSettings	52	0
Ozone	OZToolbarModule	52	0
Flexo	FFMXFMediaReader	52	0
Flexo	FFPasteAttributesOperation	52	0
Flexo	FFDataListLanesOutlineViewController	52	0
Flexo	FFToolManager	52	0
Flexo	FFSegmentStoreManager	52	0
Flexo	FFBackgroundRenderManager	52	0
Flexo	FFSubRangeMD5Info	52	0
Flexo	MXFPictureMediaDecode	52	0
ProCore	PCICCProfile	51	0
Ozone	OZChannelObjectRoot	51	0
Ozone	OZVelocityView	51	0
Ozone	OZProjectPropertiesCtlr	51	0
Flexo	ProResRaw::PluginSettingsController	51	0
Flexo	FFAVFMediaReader	51	0
Flexo	FFInnerOuterCorrectionEffectBasicClass	51	0
Flexo	FFImprovedEllipseMask	51	0
Flexo	FFSequenceSettingsExporter	51	0
Flexo	FFMXFWriter	51	0
Ozone	OZTimelineRow	50	0
Ozone	OZMoViewCtlrDelegate	50	0
Flexo	FFProStoryTimelinePresentation	50	0
Flexo	FFIMovieIOSv5EditTransformer	50	0
Flexo	FFImportDevicesSidebarCollection	50	0
Flexo	FFProviderFig	50	0
ProCore	PCChangeLog	49	0
Flexo	FFAnchoredClip	49	0
Flexo	FFAnchoredTimeMarker	49	0
Flexo	FFInspectorFileInfoMediaRepsInfoTile	49	0
Flexo	FFMDEventLibraryModule	49	0
ProChannel	OZChannelDoubleOverRange	48	0
ProChannel	OZChannelAngleOverRange	48	0
ProChannel	OZChannelPercentOverRange	48	0
Ozone	OZAudioTrackBase	48	0
Ozone	OZCacheManager	48	0
Flexo	FFCaptionMultipleSelectionController	48	0
Flexo	FFAnchoredGeneratorComponent	48	0
Flexo	FFLibraryTaskOptionsView	48	0
Flexo	FFStorageManager	48	0
Flexo	FFMIORADAsset	48	0
Flexo	MicaTitleAnimator	48	0
Flexo	FFImportTapeDevice	48	0
Flexo	FFTitleOSC	48	0
Flexo	FFTimelineNUpDisplayController	48	0
Flexo	FFColorSettingsTool	48	0
ProCore	PCHashWriteStream	47	0
ProCore	PCBinaryXMLWriteStream	47	0
Ozone	OZMaterialLayerBase	47	0
Ozone	OZMaterialCompoundLayer	47	0
Ozone	OZFxXPCAPIMediator	47	0
Ozone	OZShareManager	47	0
Flexo	FFInspectorModuleProjectSharing	47	0
Flexo	FFEventMediaSidebarModule	47	0
Flexo	FFTheaterRepresentation	47	0
Flexo	FFConsolidateLibraryFilesController	47	0
Flexo	FFEditorModule	47	0
Flexo	FFTransportControlsOSC	47	0
Helium	HGLinearFilter2D	47	0
Ozone	OZStyle	46	0
Ozone	OZHUDManager	46	0
Flexo	FFAudioObjectComponentsLayoutItem	46	0
Flexo	FFMediaSource	46	0
Flexo	FFSkimmableProxy	46	0
Flexo	FFCreateClipsForModelChangesOperation	46	0
Flexo	FFTranslateSequenceItemChangesToStoryOperation	46	0
Flexo	FFHe360TransformEffect	46	0
Flexo	FFHGRendererManager	46	0
Flexo	FFAudioSurroundPannerView	46	0
Flexo	FFDataListCaptionsViewController	46	0
Flexo	FFSegmentationMaskEditorLayer	46	0
Ozone	OZObjectSimulator	45	0
Ozone	non-virtual thunk to OZFxFilter	45	0
Ozone	OZTrackerMotionSpecific	45	0
Ozone	OZTimeAxis	45	0
Ozone	OZDistributeLayersPanelController	45	0
Ozone	TMManager	45	0
Flexo	FFAudioDeviceObject	45	0
Flexo	FFCaptionImportFileSelector	45	0
Flexo	FFURLDownloadTask	45	0
Flexo	FFMIOAFCDevice	45	0
Flexo	FFTimelineDFRController	45	0
Flexo	FFFilmstrip	45	0
Flexo	FFFilmstripSelectionLayer	45	0
Flexo	FFOrganizerProjectChunk	45	0
Flexo	FFCameraArchiveController	45	0
Flexo	FFMediaSidebarLibrarySectionNode	45	0
Flexo	FFREDRAWSettings	45	0
Flexo	FFCombinedCropOSC	45	0
Flexo	FFRenderer	45	0
Flexo	FFStreamVideo	45	0
Helium	HGMetalTexture	45	0
ProChannel	OZChannelEnum	44	0
ProCore	PCBitmap	44	0
Ozone	OZSaveManager	44	0
Ozone	OZTimelineLayerCoordinator	44	0
Flexo	FFAnchoredFlexMusicObject	44	0
Flexo	FFVerticalOrderManager	44	0
Flexo	FFVolumeDFRController	44	0
Flexo	FFOrganizerFilterHUD	44	0
Flexo	FFMDModule	44	0
Flexo	FFVideoScopesWaveformBodyLayer	44	0
Flexo	FFPlayerFrame	44	0
Flexo	PETimelineItemLayer	44	0
ProCore	PCHMDRender	43	0
Ozone	OZFxGenerator	43	0
Ozone	OZMaterialDiffuseLayer	43	0
Ozone	OZTimingControlModule	43	0
Flexo	FFFlowMediaRep	43	0
Flexo	FFMIOPTPDevice	43	0
Flexo	FFRoleChangeOperation	43	0
Flexo	FFAddEffectCommand	43	0
Flexo	FFTimelineDupeIndicatorLayerUpdateDelegate	43	0
Flexo	FFHeTrimEffect	43	0
Flexo	FFCaptionEditorViewModule	43	0
Flexo	FFProMediaSidebarModule	43	0
Flexo	FFMotionPath	43	0
Flexo	FFMatchTool	43	0
Flexo	FFSharePanelRolesPresetsDelegate	43	0
Flexo	FFTranscriptionCoordinator	43	0
ProCore	PCXMLWriteStream	42	0
ProCore	PCWorkingColor	42	0
Ozone	non-virtual thunk to OZEffect	42	0
Ozone	OZFxPlugParameterHandler_v4	42	0
Flexo	FFMXFVideoCursor	42	0
Flexo	FFMediaEventController	42	0
Flexo	FFMetadataViewSet	42	0
Flexo	EDTUpdateDupeDetectorOperation	42	0
Flexo	FFCPSProjectInfoVC	42	0
Flexo	FFInspectorEffectsController	42	0
Flexo	FFMDGeneratorsModule	42	0
Flexo	FFMDTitleModule	42	0
Flexo	TheaterUbiquityProgressWatcher	42	0
Flexo	FFMetalVideoPainter	42	0
Flexo	FFAutoMatchColorTool	42	0
Flexo	FFConsumerSourceCropTool	42	0
Flexo	FFVerticalIndexPath	42	0
Flexo	FFEditActionMgr	42	0
Flexo	libCompressorKit	42	0
ProChannel	OZChannelPosition3D	41	0
ProCore	PCInfo	41	0
ProCore	Json::Reader	41	0
Ozone	OZAlignToBehavior	41	0
Ozone	OZLibraryThumbnailMatrix	41	0
Ozone	CALayer	41	0
Ozone	TMDocument	41	0
Ozone	OZFootageNodeWrapper	41	0
Flexo	FFScheduledReadAudioFile	41	0
Flexo	FFUserDefaults	41	0
Flexo	FFProjectDocument	41	0
Flexo	FFTimelineIndexClipsTableViewDupeIndicatorUpdateDelegate	41	0
Flexo	MicaAnimator	41	0
Flexo	FFShareDestinationFileController	41	0
Flexo	FFAddMaskPopoverController	41	0
Flexo	FFVideoView	41	0
Flexo	FFBrickListView	41	0
Flexo	FFBrickTreeView	41	0
Flexo	FFSegmentReadSample	41	0
ProCore	PCSerializerReadStream	40	0
Ozone	OZChanObjectRefWithPicker	40	0
Flexo	FFShape	40	0
Flexo	FFAssetCopyQueue	40	0
Flexo	FFPentaSliderCell	40	0
Flexo	FFMediaRefChannel	40	0
Flexo	FFStory	40	0
Flexo	FFRateConformEffect	40	0
Flexo	FFHGAsyncFanoutJob	40	0
Flexo	FFShareDestinationVimeoController	40	0
Flexo	FFProResRAWSettingsHud	40	0
Flexo	FFInfoTool	40	0
Flexo	FFMapSettingsTool	40	0
Flexo	FFSequenceExporter	40	0
Flexo	FFObjectCache	40	0
Helium	HGRenderNode	40	0
Helium	HGGLShaderCache	40	0
ProChannel	OZDynamicSpline	39	0
ProChannel	OZChannelGradient	39	0
ProCore	PCBinaryXMLStreamElement	39	0
Ozone	non-virtual thunk to OZSceneNode	39	0
Ozone	OZMaterialDistressLayer	39	0
Ozone	OZChannelBehavior	39	0
Flexo	FFAudioPlaybackMediator	39	0
Flexo	MXF::FileReader	39	0
Flexo	FFAssetRef	39	0
Flexo	FFImportFileSystemSidebarItem	39	0
Flexo	FFEffectConsolidationController	39	0
Flexo	FFImageRepMultiPlanarHGBuffer	39	0
Flexo	FFInspectorController	39	0
Flexo	FFConsumerMediaSidebarModule	39	0
Flexo	FFMediaExtensionManager	39	0
Flexo	FFStreamVideoFig	39	0
Flexo	FFConsumerSharePanel	39	0
Flexo	FFShareExportPanelsHelper	39	0
Flexo	FFSendPackageToCompressorPanel	39	0
Helium	HGXForm	39	0
ProChannel	OZChannelColorNoAlpha	38	0
Ozone	OZTimingMarkers	38	0
Ozone	OZTimelineViewMulti	38	0
Flexo	ausdk::AUBufferList	38	0
Flexo	FFRefColorMatchInfoContainer	38	0
Flexo	FFMultiAngleInfo	38	0
Flexo	FFSharedLock	38	0
Flexo	iMovieScalableTextLayer	38	0
Flexo	FFSemanticMask	38	0
Flexo	FFSemanticMaskPreviewOSC	38	0
Flexo	FFTrackerAnalyzerController	38	0
Flexo	FFImageRep	38	0
Flexo	FFDataListLanesViewController	38	0
Flexo	FFShareDestinationYouTubeController	38	0
Flexo	FFTransitionAttributesPopoverController	38	0
Flexo	FFPTPDownloadManager	38	0
Helium	HGHWBlend	38	0
ProChannel	CHChannelFolder	37	0
ProCore	PCAtomBoxFile	37	0
ProCore	PCApp	37	0
Ozone	OZApplication	37	0
Ozone	OZMaterialFlatLayer	37	0
Ozone	OZLight	37	0
Ozone	OZLinkChannelExpression	37	0
Ozone	OZAudioWaveform	37	0
Ozone	VHOutlineView	37	0
Ozone	OZExposeOverlay	37	0
Flexo	FFAudioClipComponentsLayoutMap	37	0
Flexo	FFAudioDuckingLoudnessManager	37	0
Flexo	FFCinematicScriptItem	37	0
Flexo	FFNavViewController	37	0
Flexo	FFTimelineStoryView	37	0
Flexo	FFInspectorContainerController	37	0
Flexo	FFInspectorModuleColorChannels	37	0
Flexo	FFRiggedChannelFolderLabelController	37	0
Flexo	FFCinematicEditorLayer	37	0
Flexo	FFConsumerCropTool	37	0
Flexo	FFFaceSelectionTool	37	0
Flexo	FFWhiteBalanceSelectionTool	37	0
Flexo	FFConsumerShareInfoController	37	0
Flexo	FFDestAutoReframe	37	0
Flexo	FFFaceDetectionInfoCollection	37	0
Helium	HGTransform	37	0
ProCore	ProCore::Private	36	0
ProCore	Json::OurReader	36	0
Ozone	non-virtual thunk to OZBehavior	36	0
Ozone	OZRig	36	0
Ozone	OZCurveEditorModule	36	0
Ozone	OZFreeHandSplineTool	36	0
Flexo	MXF::MXFEssenceContainer	36	0
Flexo	FFStorageLocation	36	0
Flexo	FFImportFileSystemNodeData	36	0
Flexo	FFEffectBundleSnapshot	36	0
Flexo	FFColorCorrectionEffect	36	0
Flexo	FFSourceVideo	36	0
Flexo	FFEffectLibraryModule	36	0
Flexo	FFCustomOverlayRepositoryController	36	0
Flexo	FFColorMatchTool	36	0
Flexo	FFAssetImportManager	36	0
Flexo	FFMotionSettingsTool	36	0
Flexo	FFColorSpaceCache	36	0
Flexo	FFFileCopyOperation	36	0
Helium	HGProgramDescriptor	36	0
ProCore	PCURL	35	0
ProCore	PCAtomMetadataHandler	35	0
Ozone	OZTimingMarkersBase	35	0
Ozone	OZRulersOverlay	35	0
Ozone	OZDFRDocumentFunctionBarManager	35	0
Ozone	OZAudioNodeWrapper	35	0
Flexo	FFAudioComponentsLayoutItem	35	0
Flexo	FFEventRecord	35	0
Flexo	InfoForTracker	35	0
Flexo	FFRoleSet	35	0
Flexo	FFTimelineIndex	35	0
Flexo	FFHeS3DAdjustEffect	35	0
Flexo	iMovieTextLayer	35	0
Flexo	SquareImagePicker	35	0
Flexo	FFInnerOuterGroupEffect	35	0
Flexo	FFSourceVideoEffect	35	0
Flexo	FFImportMediaSidebarMIORADVolumeNode	35	0
Flexo	FFColorSelectionOSC	35	0
Flexo	FFComponentOSC	35	0
Flexo	FFMCSwitcherVideoSource	35	0
Flexo	FFTimelineLaneLayer	35	0
Flexo	FFAdjustmentTool	35	0
Flexo	FFVideoAnalysisCollatedItem	35	0
Flexo	FFXMLTranslationTask	35	0
Flexo	MXFSourceTrack	35	0
ProChannel	OZRecordingNode	34	0
ProCore	PCBlend	34	0
Ozone	non-virtual thunk to OZMaterialFinishLayer	34	0
Ozone	OZProjectPanelState	34	0
Ozone	OZSharePanelAccessoryController	34	0
Ozone	OZFxPlugTemporalImageHandler	34	0
Ozone	OZDFRTextAppearanceViewController	34	0
Ozone	OZMoCurveEditorAppDelegate	34	0
Ozone	OZLibraryTopPaneEntry	34	0
Flexo	FFCaptionFormatDefaultValues	34	0
Flexo	FFLibraryCacheMigrater	34	0
Flexo	FFLibraryRepairTask	34	0
Flexo	FFMediaState	34	0
Flexo	FFPixelBuffer	34	0
Flexo	NSCoder	34	0
Flexo	FFHeXFormEffect	34	0
Flexo	FFTrackerShapeMask	34	0
Flexo	FFSemanticMaskOSC	34	0
Flexo	FFAnalyzeAndOptimizeViewController	34	0
Flexo	FFAudioComponentsConfigManager	34	0
Flexo	FFConsumerProjectSettingsModule	34	0
Flexo	FFEventsDetailModule	34	0
Flexo	FFOrganizerDataItem	34	0
Flexo	FFSpeedEditorViewModule	34	0
Flexo	FFTrackingEditorLayer	34	0
Flexo	FFXMLImportOptions	34	0
ProChannel	OZChannel2DOverRange	33	0
ProChannel	OZChannelScaleOverRange	33	0
ProCore	char const* std::__1::basic_regex<char, std::__1::regex_traits<char>>	33	0
Ozone	OZSceneSettings	33	0
Ozone	OZChanSceneNodeRef	33	0
Ozone	OZTransitiveBehavior	33	0
Ozone	non-virtual thunk to OZMaterialSpecularLayer	33	0
Ozone	OZTimelineViewForViewer	33	0
Ozone	OZTextSearchDelegate	33	0
Flexo	FFAssetCopyRequest	33	0
Flexo	FFFileLock	33	0
Flexo	FFTimelineIndexFilterMenuBuilder	33	0
Flexo	FFFetchItemTitlePropertiesOperation	33	0
Flexo	FFEffectBundleSurroundPanner	33	0
Flexo	FFBKEffectLibraryFolder	33	0
Flexo	FFInspectorOZEffectsController	33	0
Flexo	FFTheaterBrowserView	33	0
Flexo	FFDestRenderer	33	0
Flexo	FFVTRAWProcessorSession	33	0
Flexo	PEDrawSelectionOperation	33	0
Flexo	FFShareInfoFileSizePopoverViewController	33	0
Flexo	FFExportCaptionsFromCKSourceOperation	33	0
Flexo	FFBackgroundRenderJob	33	0
Helium	HGBitmapLoader	33	0
ProChannel	OZCompoundChannel	32	0
ProChannel	OZChannelRotation3D	32	0
ProCore	PCImageDescAtomBox	32	0
Ozone	OZMotionToForcesBehavior	32	0
Ozone	non-virtual thunk to OZFxGenerator	32	0
Ozone	OZEditTool	32	0
Ozone	OZLayerListOutlineView	32	0
Flexo	FFTimelineBenchmarkController	32	0
Flexo	FFCloudContentDownloadTask	32	0
Flexo	FFImportFileSystemTreeNode	32	0
Flexo	FFVerticalOrderInfo	32	0
Flexo	MapLocation	32	0
Flexo	FFEffectNode	32	0
Flexo	FFRetimingVideoEffect	32	0
Flexo	FFHGFanoutResultInternal	32	0
Flexo	FFAudioComponentsConfigWaveform	32	0
Flexo	FFExternalProvidersManager	32	0
Flexo	FFInspectorRatingParameterController	32	0
Flexo	FFOrganizerFilmstripChunkImportProgressLayer	32	0
Flexo	ProMSMediaServer	32	0
Flexo	FFMDPhotoGroupViewController	32	0
Flexo	FFMediaSidebarModule	32	0
Flexo	OKPaneCapItem	32	0
Flexo	FFTextSearchDelegate	32	0
Flexo	FFDestVideoRequestInfo	32	0
Flexo	FFHMDRender	32	0
Flexo	FFScheduleTokenDeinterlace	32	0
Flexo	FFNUpDisplay	32	0
Flexo	FFSharePanelEditAbstractTrackViewController	32	0
ProChannel	OZChannelImpl	31	0
ProCore	PCXMLStreamElement	31	0
Ozone	OZHMDRender	31	0
Ozone	OZMainTimingModule	31	0
Ozone	OZFontFamilyPopUpController	31	0
Flexo	FFPlayerHealthMeter	31	0
Flexo	FFFindRelateDupeCommand	31	0
Flexo	FFTrimAdapter	31	0
Flexo	FFRemoveAttributesOperation	31	0
Flexo	FFTimelineEditor	31	0
Flexo	FFAudioEqualizationController	31	0
Flexo	FFAudioSurroundPannerController	31	0
Flexo	FFLibraryModifySettingsController	31	0
Flexo	FFOrganizerFilterHUDRoleTileModule	31	0
Flexo	FFMediaSidebarLibraryNode	31	0
Flexo	FFArrangedItemsModule	31	0
Flexo	FFTextSearchDelegateBase	31	0
Flexo	FFTransportLongPressButton	31	0
Flexo	FFOZSuperEllipseTrackerOSC	31	0
Flexo	FFDestHMD	31	0
Flexo	FFProviderOffline	31	0
Flexo	FFMarqueeSelectionModeDetector	31	0
Flexo	FFResponderLayerControl	31	0
Flexo	FFIMTrailerInfo	31	0
Flexo	FFShareSourcesListViewController	31	0
Flexo	FFSegmentStoreInfo	31	0
Helium	HGRenderContext	31	0
ProChannel	OZDynamicVertex	30	0
ProCore	PCAtomBox	30	0
ProCore	PMRStopwatch	30	0
Ozone	non-virtual thunk to OZElement	30	0
Ozone	OZAudioMasterTrack	30	0
Ozone	OZChanObjectManipRef	30	0
Ozone	non-virtual thunk to OZImageMask	30	0
Ozone	OZCamera	30	0
Ozone	non-virtual thunk to OZMaterialBase	30	0
Ozone	OZChannelFontBase	30	0
Ozone	TMMatrix	30	0
Ozone	OZCompassOverlay	30	0
Ozone	OZTypefacePopUpController	30	0
Flexo	FFScopedExternalUnitEffect	30	0
Flexo	HPMCoreMedia	30	0
Flexo	FFSplitCaptionsOperation	30	0
Flexo	FFTimelineCaptionItemLayer	30	0
Flexo	FFInlineColorBoardPuckInfoView	30	0
Flexo	FFSwitch	30	0
Flexo	FFLumaBump	30	0
Flexo	FFMediaSourceDescription	30	0
Flexo	NSImage	30	0
Flexo	FFSaveEffectPresetOperation	30	0
Flexo	FFHeOrientationEffect	30	0
Flexo	FFSegmentationAnalysisRequest	30	0
Flexo	FFHeVAMLMatteEffect	30	0
Flexo	FFStreamVideoEffect	30	0
Flexo	FFBeatGridSubOperation	30	0
Flexo	FFAssetTranscodeRequest	30	0
Flexo	FFCPSViewController	30	0
Flexo	FFDataListLanesBuilder	30	0
Flexo	FFInspectorEnumParameterController	30	0
Flexo	FFInspectorFolderController	30	0
Flexo	FFMediaSidebarCell	30	0
Flexo	FFPlayerVideoScopesModule	30	0
Flexo	FFMultiCamOSC	30	0
Flexo	FFPopulateStorylineOperation	30	0
Flexo	FFXMLExportOptions	30	0
Helium	HGComicDesignerInterfaceImplementation	30	0
Helium	HGColorMatrix	30	0
ProChannel	OZChannelBool3D	29	0
ProChannel	OZChannelText	29	0
ProCore	PCColorUtil	29	0
Ozone	OZSplineTool	29	0
Ozone	OZPresetManager	29	0
Flexo	FFAudioSourceScope	29	0
Flexo	FFCloudContentCategoryDownloadView	29	0
Flexo	FFAudioObjectComponentsConfigObject	29	0
Flexo	FFMediaRepDownloadController	29	0
Flexo	FFModelObject	29	0
Flexo	FFMultiAngleAudioSyncTask	29	0
Flexo	FFShareExportFileDestination	29	0
Flexo	FFMediaTimeConverter	29	0
Flexo	FFNudgeClipsVerticallyCommand	29	0
Flexo	FFSharedAudioUnitPool	29	0
Flexo	FFMicaEffect	29	0
Flexo	FFCameraLUTController	29	0
Flexo	FFRendererInfo	29	0
Flexo	FFDataListLanesDragOperation	29	0
Flexo	FFInspectorBaseFolderController	29	0
Flexo	FFOrganizerFilterHUDKeywordsTileModule	29	0
Flexo	FFOrganizerMediaDetailSearchHeader	29	0
Flexo	FFTranscodeMediaWindowController	29	0
Flexo	FFPlayerMetalLayer	29	0
Flexo	FFJSONUnarchiver	29	0
Flexo	FFTheaterStore	29	0
Flexo	FFVideoScopesWaveformModule	29	0
Flexo	FFCombinedCropBackgroundOSC	29	0
Flexo	FFDestVAMLVisualSearchAnalyzer	29	0
ProChannel	OZSplineNode	28	0
ProChannel	OZStaticVertex	28	0
ProChannel	OZChannel2D	28	0
ProChannel	CHChannelDouble	28	0
ProCore	PCFilter	28	0
ProCore	PCColorDescription	28	0
Ozone	OZRetimingBehavior	28	0
Ozone	OZMotionPathBehavior	28	0
Ozone	OZProjectNode	28	0
Ozone	OZLayerNameStatusCell	28	0
Ozone	OZLibraryBrowserMatrix	28	0
Ozone	OZDFRIdentifier	28	0
Flexo	FFOZMediaRefChannel	28	0
Flexo	ProResRaw::PluginMultiSettingsController	28	0
Flexo	CoreMediaMovieReader_Decode	28	0
Flexo	FFVTDecompressionSession	28	0
Flexo	AUSampleRateConverterWithTimeStamps	28	0
Flexo	FFCaptionTextBlockLayoutManager	28	0
Flexo	FFAnchoredObjectOperations	28	0
Flexo	FFCollectionFades	28	0
Flexo	FFBaseDSObject	28	0
Flexo	FFAssetProxy	28	0
Flexo	FFDupeDetectionChangeLogFilter	28	0
Flexo	FFStorySequenceBridge	28	0
Flexo	RCPlayer	28	0
Flexo	FFProExtensionAudioDecoder	28	0
Flexo	FFIMovieIOSProjectArchive	28	0
Flexo	FFAudioAnalysisConfigManager	28	0
Flexo	FFColumnSetUtils	28	0
Flexo	FFShareDestinationOpenWithMenuMaker	28	0
Flexo	FFMaskAdditionsAnimStateCell	28	0
Flexo	FFTrimOSC	28	0
Flexo	FFVoiceOverController_macOS	28	0
Flexo	FFFlexMusicLibrary	28	0
Flexo	FFPasteboardItem	28	0
Flexo	MXFSoundMedia	28	0
Helium	HGFormatUtils	28	0
Helium	HGLimits	28	0
Helium	HGGLContext	28	0
ProCore	PCDelaunay::TriangleEdge	27	0
Ozone	OZAudioLayer	27	1
Ozone	OZPasteList	27	0
Ozone	OZImageGenerator	27	0
Ozone	OZHostApplicationDelegateHandler	27	0
Ozone	OZDFRProjectNavigatorFrame	27	0
Ozone	OZCameraOptionsOverlay	27	0
Ozone	OZMoAnimStatusCell	27	0
Ozone	OZMoCurveEditorAudioDelegate	27	0
Ozone	OZTXInterface	27	0
Ozone	OZRigAspectRatioListCtlr	27	0
Flexo	FFAVFVideoCursor	27	0
Flexo	FFOrganizerDFRController	27	0
Flexo	FFUpdateCaptionThroughEditIndicatorsOperation	27	0
Flexo	FFBeatGridFeature	27	0
Flexo	FFNewUserTimelineOverlayViewController	27	0
Flexo	FFCustomCameraLUTProps	27	0
Flexo	FFCPSEventInfoVC	27	0
Flexo	FFInspectorParameterController	27	0
Flexo	_FFInspectorContainerStackView	27	0
Flexo	_FFInspectorMediaFormatsController	27	0
Flexo	PHAsset	27	0
Flexo	FFMDPhotoAbstractViewController	27	0
Flexo	FFItemsContainerView	27	0
Flexo	FFCustomOverlayOSC	27	0
Flexo	FFSuperEllipseShapeOSC	27	0
Flexo	FFTransform2DBackgroundOSC	27	0
Flexo	FFImageRepFigSchedFrame	27	0
Flexo	FFSourceAudio	27	0
Flexo	FFResponderLayerStaticText	27	0
Flexo	FFFadeHandlesDataSource	27	0
Flexo	FFSegmentationMaskTrackLayer	27	0
Flexo	FFVAMLVisualSearchAnalysisRequest	27	0
Flexo	FFColorMatchHelper	27	0
Flexo	FFConsumerCinematicTool	27	0
Flexo	FFExportCaptionSidecarFileOperation	27	0
Flexo	FFMediaShareHelper	27	0
Flexo	FFSharePanelChildBrick	27	0
Flexo	FFStaticTextLayer	27	0
Flexo	FFDestAutoReframeTrack	27	0
Flexo	MXFPictureMedia	27	0
Helium	HGGPURenderContext	27	0
Helium	arb	27	0
Helium	HGMetalDeviceInfo	27	0
ProChannel	OZChannelPosition	26	0
ProChannel	CHChannelEnum	26	0
ProCore	PCCaption	26	0
ProCore	PCMotionBundleProjectSettings	26	0
ProCore	PCMapLocation	26	0
Ozone	OZNotificationManager	26	0
Ozone	OZTimeMarkerSet	26	0
Ozone	OZChannelStringEnum	26	0
Ozone	OZSystemSimulator	26	0
Ozone	OZTool	26	0
Ozone	OZTimecodeFormatter	26	0
Ozone	OZDFRItemFactory	26	0
Ozone	OZPlaylineView	26	0
Flexo	FFAudioPlaybackScrubBuffer	26	0
Flexo	FFAudioStreamObjectScope	26	0
Flexo	MXF::MXFPartitionData	26	0
Flexo	MXF::MXFTimeline	26	0
Flexo	FFInlinePuckButton	26	0
Flexo	FFButtonLayerRep	26	0
Flexo	FFUpdateItemLayerTitlesOperation	26	0
Flexo	FFHeFlowTransitionEffect	26	0
Flexo	RCTeam	26	0
Flexo	FFQCEffect	26	0
Flexo	FFSemanticSegmentation	26	0
Flexo	FFAudioPanDishView	26	0
Flexo	FFOrganizerFilmListEditorWindowController	26	0
Flexo	FFContentBrowserModule	26	0
Flexo	FFMDEffectsModule	26	0
Flexo	FFVideoScopesVectorscopeBodyLayer	26	0
Flexo	FFSourceAudioScheduledReadFile	26	0
Flexo	FFAnchoredObjectSegmentedVideoSource	26	0
Flexo	FFResponderLayerPopupButton	26	0
Flexo	FFBrickView	26	0
Flexo	FFShareHelper	26	0
Flexo	FFChannelAction	26	0
Flexo	FFQTMovieWriter	26	0
Flexo	FFSourceVideoStreamCostInfo	26	0
Flexo	FFDestDominantMotion	26	0
Helium	HGBitmap	26	0
Helium	HKNode	26	0
ProChannel	OZChannelVaryingFolder	25	0
ProChannel	OZChannelDiscreteColor	25	0
ProChannel	CHChannelUint32	25	0
ProChannel	CHChannelUint16	25	0
ProChannel	CHChannelBool	25	0
Ozone	METimeRemap	25	0
Ozone	OZSimulationBehavior	25	0
Ozone	OZImagePreview	25	0
Ozone	OZBackgroundShareOperation	25	0
Ozone	OZBasePreset	25	0
Ozone	OZCacheDisplayManager	25	0
Ozone	OZDFRTimingOptionsViewController	25	0
Ozone	OZDFRSliderBarItemBaseController	25	0
Ozone	OZCaarPreviewWindowController	25	0
Flexo	FFAudioObjectComponentsLayout	25	0
Flexo	FFRoleChangeContext	25	0
Flexo	FFDupeContainerLayer	25	0
Flexo	FFFindCaptionThroughEditsOperation	25	0
Flexo	FFTimelineClipsIndexFilterPredicateBuilder	25	0
Flexo	FFTimelineLayoutMetrics	25	0
Flexo	FFEffectBundleInternalBundle	25	0
Flexo	FFHeReorientEffect	25	0
Flexo	FFImportFileManager	25	0
Flexo	FFAudioComponentsConfigWaveformManager	25	0
Flexo	FFInspectorLegacyEffectsRootDelegate	25	0
Flexo	FFInspectorModuleProjectProperties	25	0
Flexo	FFMarkerEditorViewModule	25	0
Flexo	FFOrganizerFilmListOutlineView	25	0
Flexo	FFPurgeRenderFilesWindowController	25	0
Flexo	FFMediaSidebarOutlineView	25	0
Flexo	FFShareDestinationAddControllerTileView	25	0
Flexo	FFTheaterTranscodeController	25	0
Flexo	FFTextSearchController	25	0
Flexo	FFTrackerShapeMaskOSC	25	0
Flexo	FFGeometryBasedMarqueeSelectionModeDetector	25	0
Flexo	FFStreamAudioOptions	25	0
Flexo	FFMutableStreamAudioOptions	25	0
Flexo	_AnchoredObjectRecord	25	0
Flexo	FFSharePanelVideoChildBrick	25	0
Flexo	FFBackgroundShareOperationUserNotificationFactory	25	0
Flexo	FFIndexPath	25	0
Flexo	FFPromiseOp	25	0
Flexo	FFDestSceneDetection	25	0
Flexo	FFImportFCPProjOperation	25	0
Helium	HGeometryData	25	0
Helium	HGBlur	25	0
ProChannel	OZChannel3D	24	0
ProChannel	OZChannelButton	24	0
ProChannel	OZChannelHistogram	24	0
ProCore	PCColorSpaceHandle	24	0
Ozone	non-virtual thunk to OZFootage	24	0
Ozone	OZMaterialFresnelLayer	24	0
Ozone	OZSimSystemMoToFoBehavior	24	0
Ozone	OZMaterialBumpMapLayer	24	0
Ozone	OZImageEnvironment	24	0
Ozone	OZMaterialEmissiveLayer	24	0
Ozone	non-virtual thunk to OZMaterialDiffuseLayer	24	0
Ozone	OZLibraryOutlineView	24	0
Ozone	OZProjectPreset	24	0
Ozone	OZRamCacheManager	24	0
Ozone	OZDFRColorPickerController	24	0
Ozone	LKFont	24	0
Flexo	FFAVFQTMediaReader	24	0
Flexo	FFCaptionRenderer	24	0
Flexo	FFColorBalanceLabelController	24	0
Flexo	FFAnchoredEffectComponent	24	0
Flexo	FFFileSet	24	0
Flexo	FFShowRelateDupeCommand	24	0
Flexo	FFPrivateClipCreationCommand	24	0
Flexo	FFHeBlendEffect	24	0
Flexo	NSDictionary	24	0
Flexo	FFShapeMaskEffect	24	0
Flexo	FFEffectCopyRequestSet	24	0
Flexo	FFEffectPreset	24	0
Flexo	FFImageRepCGImage	24	0
Flexo	FFPlayerItemModule	24	0
Flexo	FFTheaterProgressLayer	24	0
Flexo	FFVideoScopesHistogramBodyLayer	24	0
Flexo	FFVideoScopesWaveformView	24	0
Flexo	FFConsolidateOptionsWindowController	24	0
Flexo	FFBalanceColorUserEffectOSC	24	0
Flexo	FFOutlineViewCellContentLayer	24	0
Flexo	FFDestVideoDCD	24	0
Flexo	FFProviderLayeredPSD	24	0
Flexo	FFTimelineAudioComponentUtilities	24	0
Flexo	FFShareStatus	24	0
Flexo	FFSharePanelRolesListVideoFooterBrickViewController	24	0
Flexo	FFSharePanelEditTrackCaptionsAccessoryViewController	24	0
Flexo	FFSharePanelRolesListBrickViewController	24	0
Flexo	FFSharePanelRoleHomogeneityDeterminer	24	0
Flexo	FFSegmentStore	24	0
Flexo	FFSegmentStoreRef	24	0
Flexo	FFFaceRegistryEntry	24	0
Flexo	FFXMLTranslationTaskDelegate	24	0
Helium	HGToneCurve	24	0
ProChannel	OZConstantNode	23	0
ProChannel	OZBSplineInterpolator	23	0
ProChannel	OZChanObjectRef	23	0
ProChannel	OZChannelLevels	23	0
ProChannel	CHChannelColorNoAlpha	23	0
ProCore	operator<<(std::__1::basic_ostream<char, std::__1	23	0
ProCore	PCCurveFit	23	0
ProCore	PCTimecodeMode	23	0
Ozone	OZFxGenerator_Factory	23	0
Ozone	OZCIPluginGenerator_Factory	23	0
Ozone	OZFxFilter_Factory	23	0
Ozone	OZSnowflakeReplacementEffect_Factory	23	0
Ozone	OZMaterialLayerSequenceFolder	23	0
Ozone	OZFxXPCConnectionMap	23	0
Ozone	OZFolderLightShadow	23	0
Ozone	non-virtual thunk to OZLinkBehavior	23	0
Ozone	OZLibraryThumbnailScrollView	23	0
Ozone	OZPerson3DSCNSceneBuilder	23	0
Ozone	OZPXVideoDecoder	23	0
Ozone	OZShapeBehaviorOSC	23	0
Ozone	OFProgressEntry	23	0
Ozone	OZMoCurveEditorView	23	0
Flexo	FFAudioPlaybackSkipStyleBuffer	23	0
Flexo	FFAVFCompositionMediaReader	23	0
Flexo	AUSimpleScoper	23	0
Flexo	FFInlineColorBoardPuckInfoGroupView	23	0
Flexo	FFAnchoredObjectMetadataHelper	23	0
Flexo	FFAudioComponentSourceDisabledRange	23	0
Flexo	FFLibraryTaskOptions	23	0
Flexo	FFClipRef	23	0
Flexo	FFToggleAudioSummaryCommand	23	0
Flexo	FFCrossFadeAlignedClipsOperation	23	0
Flexo	FFCrossFadeAudioOperation	23	0
Flexo	EDTUpdateStoryModelOperation	23	0
Flexo	FFPrecisionMediaTimeConverter	23	0
Flexo	FFTimelineIndexClipsTableViewDupeDetectionDelegate	23	0
Flexo	FFTimelineIndexClipsTableViewDupeSelectionReloadDelegate	23	0
Flexo	FFRemoveEffectsOperation	23	0
Flexo	FFHeConformEffect	23	0
Flexo	FFMapCacher	23	0
Flexo	FFMapLocationViewController	23	0
Flexo	FFFileImporter	23	0
Flexo	FFImageRepDeferredBlockImage	23	0
Flexo	FFImageRepInteropTex	23	0
Flexo	FFIMovieUpgrade	23	0
Flexo	FFCPSPhotoEventInfoVC	23	0
Flexo	FFCPSClapperboardView	23	0
Flexo	FFInspectorDoubleParameterController	23	0
Flexo	FFInspectorControllerFrameDrawer	23	0
Flexo	FFInspectorControllerBaseHighlightDrawer	23	0
Flexo	FFInspectorEffectBrickController	23	0
Flexo	FFInspectorModuleAudioComponents	23	0
Flexo	FFTimelineCurvesEditor	23	0
Flexo	FFOrganizerFilterHUDTextTileModule	23	0
Flexo	FFRenderFilesPurgeManager	23	0
Flexo	FFRoleEditorOutlineView	23	0
Flexo	FFShareDestinationDiscController	23	0
Flexo	FFShareDestinationVideoPresetsMenuMaker	23	0
Flexo	FFVideoScopesVectorscopeModule	23	0
Flexo	FFSportTitleOSC	23	0
Flexo	FFDragObjectOSC	23	0
Flexo	FFDestAudioOutputUnit	23	0
Flexo	FFAudioSession	23	0
Flexo	FFVideoOutScreenBlocker	23	0
Flexo	FFPinTimelineLanesOperation	23	0
Flexo	FFTimelineMarkerLayer	23	0
Flexo	_FaceColorSelectionToolDelegate	23	0
Flexo	_WhiteBalanceSelectionToolDelegate	23	0
Flexo	FFExportCaptionSidecarFilesOperation	23	0
Helium	HGHWMultiBlend	23	0
Helium	HGDotGraph	23	0
Helium	HGHandler	23	0
ProChannel	OZChannelBase_Factory	22	0
ProChannel	OZChannelDouble_Factory	22	0
ProChannel	OZChannelBool_Factory	22	0
ProChannel	OZChannelUint32_Factory	22	0
ProChannel	OZChannelAngle_Factory	22	0
ProChannel	OZChannelPercent_Factory	22	1
ProChannel	OZChannelShearAngle_Factory	22	0
ProChannel	OZChannelAspectRatio_Factory	22	0
ProChannel	OZChannelAspectRatioFootage_Factory	22	0
ProChannel	OZChannelGammaFootage_Factory	22	0
ProChannel	OZChannelFolder_Factory	22	0
ProChannel	OZCompoundChannel_Factory	22	0
ProChannel	OZChannel2D_Factory	22	0
ProChannel	OZChannelBool3D_Factory	22	0
ProChannel	OZChannelPosition_Factory	22	0
ProChannel	OZChannelPositionPercent_Factory	22	0
ProChannel	OZChannelShear_Factory	22	0
ProChannel	OZChannelScale_Factory	22	0
ProChannel	OZChannel3D_Factory	22	0
ProChannel	OZChannelScale3D_Factory	22	0
ProChannel	OZChannelColorNoAlpha_Factory	22	0
ProChannel	OZChannelColor_Factory	22	0
ProChannel	OZChannelQuad_Factory	22	0
ProChannel	OZChannelCrop_Factory	22	0
ProChannel	OZChannelDiscreteColor_Factory	22	0
ProChannel	OZChannelGradientRGBFolder_Factory	22	0
ProChannel	OZChannelGradientAlphaFolder_Factory	22	0
ProChannel	OZChannelGradientSample_Factory	22	0
ProChannel	OZChannelGradientSampleRGB_Factory	22	0
ProChannel	OZChannelGradientSampleAlpha_Factory	22	0
ProChannel	OZChannelGradientExtras_Factory	22	0
ProChannel	OZChannelGradientPositioned_Factory	22	0
ProChannel	OZChannelVaryingFolder_Factory	22	0
ProChannel	OZChannelObjectRootBase_Factory	22	0
ProChannel	OZChannelLevels_Factory	22	0
ProChannel	OZChannelButton_Factory	22	0
ProChannel	OZChannelHelpButton_Factory	22	0
ProChannel	OZChannelText_Factory	22	0
ProChannel	OZChannelDoubleOverRange_Factory	22	0
ProChannel	OZChannelScaleOverRange_Factory	22	0
ProChannel	OZChannelAngleOverRange_Factory	22	0
ProChannel	OZChannelPercentOverRange_Factory	22	0
ProChannel	OZChannel2DOverRange_Factory	22	0
ProChannel	OZChannelTransformSwitch_Factory	22	0
ProChannel	OZChannelUint16_Factory	22	0
ProChannel	OZChannelSeed_Factory	22	0
ProChannel	OZChannelDecibel_Factory	22	0
ProChannel	OZChannelFrame_Factory	22	0
ProChannel	OZChannelTimecode_Factory	22	0
ProChannel	OZChannelBlindData_Factory	22	0
ProChannel	OZChannelCurve_Factory	22	0
ProChannel	OZChannelEnum_Factory	22	0
ProChannel	OZChannelGradientWithAngle_Factory	22	0
ProChannel	OZChannelHistogramSample_Factory	22	0
ProChannel	OZChannelProgress_Factory	22	0
ProChannel	OZChannelVertexFolder_Factory	22	0
ProChannel	OZChanObjectRef_Factory	22	0
ProChannel	OZChannelPosition3D_Factory	22	0
ProChannel	OZChannelRotation3D_Factory	22	0
ProChannel	OZChannelGradient_Factory	22	0
ProChannel	OZChannelHistogram_Factory	22	0
ProChannel	OZChannelRef	22	0
ProChannel	OZChannelEnumInterpMode_Factory	22	0
ProChannel	OZChannelPositionPercent3D_Factory	22	0
ProChannel	OZChannelQuadPercent_Factory	22	0
ProChannel	CHChannelIntegral	22	0
ProCore	PCImage	22	0
ProCore	PCDelaunay	22	0
ProCore	FigTimeRangeObj	22	0
ProCore	PCMotionProjectXMLParser	22	0
ProCore	PMRSplitTime	22	0
Ozone	OZSnowflakeReplacementGenerator_Factory	22	0
Ozone	non-virtual thunk to OZMaterialFlatLayer	22	0
Ozone	OZChannelMaterialLayerMap	22	0
Ozone	OZChannelMaterialMapTransform	22	0
Ozone	non-virtual thunk to OZStyle	22	0
Ozone	OZFootageLayer	22	0
Ozone	OZTimeMarker	22	0
Ozone	OZ3DEngineSceneFileImpl	22	0
Ozone	non-virtual thunk to OZCloneGenerator	22	0
Ozone	OZWriteOnBehavior	22	0
Ozone	non-virtual thunk to OZMaterialSubstanceLayer	22	0
Ozone	OZ3DEnginePhysicsFieldBehavior	22	0
Ozone	OZMaterialLayersFolder	22	0
Ozone	OZFontManagerBase	22	0
Ozone	OZTimelineViewAudio	22	0
Ozone	OZCopyFootageInfo	22	0
Ozone	OZDFRProjectNavigatorPlayRangeView	22	0
Ozone	OZChanObjectRefWithPickerController	22	0
Ozone	OZRetimingController	22	0
Ozone	OZMotionPathOSC	22	0
Ozone	OZLibraryTopPaneController	22	0
Ozone	OZInspectorSegmentedCell	22	0
Ozone	OZDeferredLoadLibEntry	22	0
Flexo	FFPMRXMLInstrument	22	0
Flexo	FFAudioEffectChain	22	0
Flexo	FFColorBalanceUtils	22	0
Flexo	FFModelUpdateHandler	22	0
Flexo	FFResourceMap	22	0
Flexo	FFSequenceRecord	22	0
Flexo	FFMediaResource	22	0
Flexo	FFUTDiffReport	22	0
Flexo	FFReloadItemTitlesOperation	22	0
Flexo	FFSingleMaskedEffect	22	0
Flexo	FFRateConformVideoEffect	22	0
Flexo	FFImageAbsoluteOutputFormat	22	0
Flexo	FFImageRepFFPixelBuffer	22	0
Flexo	FFMediaUsageEnumerator	22	0
Flexo	FFAudioPanController	22	0
Flexo	FFBKEffectLibraryItem	22	0
Flexo	FFInspectorControllerHighlightDrawer	22	0
Flexo	FFOZChannelBridgeInspectorController	22	0
Flexo	FFInspectorTabSplitViewModuleColor	22	0
Flexo	FFOrganizerFilmstripClipLabelLayer	22	0
Flexo	FFImportFavoritesSidebarCollection	22	0
Flexo	FFMDPhotoObjectSequenceStore	22	0
Flexo	FFImportMediaSidebarDeviceNode	22	0
Flexo	FFMediaSidebarEventNode	22	0
Flexo	FFRoleEditorConsolidatedActions	22	0
Flexo	FFShareDestinationVideoSettingsMenuDelegate	22	0
Flexo	FFVideoScopesHistogramModule	22	0
Flexo	FFAudioMatchTask	22	0
Flexo	FFNamingPresetWindowController	22	0
Flexo	PRRawPluginSettingsController	22	0
Flexo	FFSharingFieldWindowController	22	0
Flexo	FFOrganizedLaneByRoleArranger	22	0
Flexo	FFFullScreenDCDView	22	0
Flexo	FFSourceVideoLayeredPSD	22	0
Flexo	FFTimelineViewDataSource	22	0
Flexo	FFTimelineRangeItem	22	0
Flexo	FFScheduleTokenAndImage	22	0
Flexo	FFSegmentationMaskSegmentLayer	22	0
Flexo	FFTrackingSelectorLayer	22	0
Flexo	FFCSDestinationPopoverIView	22	0
Flexo	FFShareDestinationViewController	22	0
Flexo	FFBrickTreeController	22	0
Flexo	FFMakeCaptionSetForEmbeddingOperation	22	0
Flexo	FFUserAgreementPanel	22	0
Flexo	FFBackgroundShareOperationUserNotificationGroup	22	0
Flexo	FFSelectCaptionsPanel	22	0
Flexo	NSMutableDictionary	22	0
Flexo	FFMessageTracer	22	0
Flexo	FFCaptionValidator	22	0
Flexo	FFFaceDetectionInfo	22	0
Helium	HGGLContextCGL	22	0
Helium	HGRenderExecUnit	22	0
Helium	TextureDeleteQueue	22	0
Helium	HGApply3DLUT	22	0
Helium	HGConvolution	22	0
Helium	HGMetalContext	22	0
Helium	HGLodFilter	22	0
Helium	HGCVPixelBuffer	22	0
ProChannel	OZCurveNode	21	0
ProChannel	OZVertex	21	0
ProChannel	OZXSplineInterpolator	21	0
ProCore	PCPixelFormat	21	0
Ozone	OZNULLBehavior_Factory	21	0
Ozone	OZSimulationBehavior_Factory	21	0
Ozone	OZShapeBehavior_Factory	21	0
Ozone	OZWriteOnBehavior_Factory	21	0
Ozone	OZReflexiveBehavior_Factory	21	0
Ozone	OZTransitiveBehavior_Factory	21	0
Ozone	OZChannelBehavior_Factory	21	0
Ozone	OZSingleChannelBehavior_Factory	21	0
Ozone	OZMotionToForcesBehavior_Factory	21	0
Ozone	OZSimSystemMoToFoBehavior_Factory	21	0
Ozone	OZCollisionBehavior_Factory	21	0
Ozone	OZAudioBehavior_Factory	21	0
Ozone	OZRetimingBehavior_Factory	21	0
Ozone	OZRigBehavior_Factory	21	1
Ozone	OZLinkBehavior_Factory	21	0
Ozone	OZMotionPathBehavior_Factory	21	0
Ozone	OZLayeredMaterial_Factory	21	0
Ozone	PCMatrix44Tmpl<double>	21	0
Ozone	std::__1::basic_string<char, std::__1::char_traits<char>, std::__1::allocator<char>>	21	0
Ozone	OZShape	21	0
Ozone	OZ3DExtrusionProperties	21	0
Ozone	OZChanImageNodeRef	21	0
Ozone	OZChanRotoshapeRef	21	0
Ozone	OZTimelineState	21	0
Ozone	non-virtual thunk to OZSingleChannelBehavior	21	0
Ozone	OZChanElementOrFootageRef	21	0
Ozone	OZChannelMaterialRoot	21	0
Ozone	OZChanShapeMaskRefWithPicker	21	0
Ozone	OZFxPlugRenderContextManager	21	0
Ozone	OZHGBuilderJob	21	0
Ozone	OZDFRDocumentOwnerController	21	0
Ozone	OZTimeTFController	21	0
Ozone	OZLibraryPresetsCell	21	0
Ozone	OZMusicLibEntry	21	0
Ozone	OZCanvasView	21	0
Ozone	OZProjectPublishingCtlr	21	0
Ozone	OZPreviewPlayButtonView	21	0
Flexo	FFMediaReader	21	0
Flexo	FFVideoDecoder_Intra	21	0
Flexo	ausdk::AUBase	21	0
Flexo	FFDuplicateCaptionsOperation	21	0
Flexo	FFJoinCaptionsOperation	21	0
Flexo	FFColorLooksList	21	0
Flexo	FFAudioComponentsConfigObject	21	0
Flexo	FFAudioAngleComponentsLayoutMap	21	0
Flexo	FFLibraryMediaLocationChooserController	21	0
Flexo	FFAssetFileIdentifier	21	0
Flexo	FFShareBundleDestination	21	0
Flexo	FFInspectorTabDFRController	21	0
Flexo	EDTFindClipsForObjectsWithDupesOperation	21	0
Flexo	FFDupeDetectionFeature	21	0
Flexo	FFHeDistortEffect	21	0
Flexo	CAKeyframeAnimation	21	0
Flexo	FFObservationOSC	21	0
Flexo	FFSegmentationAnalyzerController	21	0
Flexo	FFTrackingSegmentLayer	21	0
Flexo	FFRetimedFrameInfo	21	0
Flexo	FFMarkerLayer	21	0
Flexo	FFCinematicDecisionsLayer	21	0
Flexo	FFComparePickerWindowController	21	0
Flexo	FFDataListModeViewController	21	0
Flexo	FFDataListTableNameCell	21	0
Flexo	FFInspectorFolderHeadingController	21	0
Flexo	FFOrganizerFilmstripChunkMaskingLayer	21	0
Flexo	FFOrganizerFilmstripViewPro	21	0
Flexo	FFImportTapePreviewTimecodeLayer	21	0
Flexo	FFMDMusicTableView	21	0
Flexo	FFVTRAWSettingsController	21	0
Flexo	FFKeyerOSC	21	0
Flexo	FFOSCUtils	21	0
Flexo	FFSimpleMaskOSC	21	0
Flexo	FFNumericEntry	21	0
Flexo	FFGraphBuildInformation	21	0
Flexo	FFSharePanelAudioChildBrickViewController	21	0
Flexo	FFSharePanelEditTrackRoleEditorNode	21	0
Flexo	FFSharePanelRolesViewController	21	0
Flexo	FFMXFMovieWriter	21	0
Flexo	SFUZipEntry	21	0
Flexo	ImageCache	21	0
Flexo	FFFaceDetectionSegment	21	0
Flexo	MXFTCTrack	21	0
Helium	HGMetalBuffer	21	0
Helium	HGString::Digest	21	0
Helium	HGTW::HGTextureWrapRepeat	21	0
Helium	HgcRasterizerTexture	21	0
ProChannel	OZChannelSegmentVisitor	20	0
ProCore	PCMatrix44Tmpl<double>	20	0
ProCore	FigTimeRangeAndObject	20	0
ProCore	PCCaptionCEA608	20	0
ProCore	PCSRTCaptionsImporter	20	0
Ozone	OZAudioTrackBase_Factory	20	0
Ozone	OZRotoshape_Factory	20	0
Ozone	OZRotoMask_Factory	20	0
Ozone	OZFootage_Factory	20	0
Ozone	OZLayer_Factory	20	0
Ozone	OZFootageLayer_Factory	20	0
Ozone	OZAudioLayer_Factory	20	0
Ozone	OZGroup_Factory	20	0
Ozone	OZImageElement_Factory	20	0
Ozone	OZAudioMasterTrack_Factory	20	0
Ozone	OZAudioTrack_Factory	20	0
Ozone	OZImageMask_Factory	20	0
Ozone	OZSegmentationMask_Factory	20	0
Ozone	OZCamera_Factory	20	0
Ozone	OZLight_Factory	20	0
Ozone	OZRig_Factory	20	0
Ozone	OZRigWidget_Factory	20	0
Ozone	OZRigWidgetAspectRatio_Factory	20	1
Ozone	OZProjectNode_Factory	20	0
Ozone	OZImageGenerator_Factory	20	0
Ozone	OZGradientGenerator_Factory	20	0
Ozone	OZCloneGenerator_Factory	20	0
Ozone	OZSolid_Factory	20	0
Ozone	OZImageEnvironment_Factory	20	0
Ozone	OZGradientEnvironment_Factory	20	0
Ozone	OZPrimatteRT_Factory	20	0
Ozone	OZCIPluginEffect_Factory	20	0
Ozone	OZRotoshapeStyle_Factory	20	0
Ozone	OZChanObjectManipRef_Factory	20	0
Ozone	OZChanSceneNodeRef_Factory	20	0
Ozone	OZChanElementRef_Factory	20	0
Ozone	OZChanFootageRef_Factory	20	0
Ozone	OZChanTransformNodeRef_Factory	20	0
Ozone	OZChanImageNodeRef_Factory	20	0
Ozone	OZChanElementOrFootageRef_Factory	20	0
Ozone	OZChanRotoshapeRef_Factory	20	0
Ozone	OZChannelImageWithOptions_Factory	20	0
Ozone	OZChannelBlendMode_Factory	20	0
Ozone	OZChannelAffectedNodes_Factory	20	0
Ozone	OZChannelObjectRoot_Factory	20	0
Ozone	OZChannelSceneNode_Factory	20	0
Ozone	OZChannelBehaviorRoot_Factory	20	0
Ozone	OZChannelMoveableImage_Factory	20	0
Ozone	OZChannelImageForImageWithOptions_Factory	20	0
Ozone	OZChannelEnumInterpMode_Factory	20	0
Ozone	OZChannelEnumRetime_Factory	20	0
Ozone	OZChanTrackerMixedRefWithPicker_Factory	20	0
Ozone	OZChanAudioTrackRefWithPicker_Factory	20	0
Ozone	OZChanCameraRefWithPicker_Factory	20	0
Ozone	OZChanFootageRefWithPicker_Factory	20	0
Ozone	OZChan3DEngineSceneFileRefWithPicker_Factory	20	0
Ozone	OZChannelShape_Factory	20	0
Ozone	OZChanObjectRefWithPicker_Factory	20	0
Ozone	OZChanRotoshapeRefWithPicker_Factory	20	0
Ozone	OZChanShapeMaskRefWithPicker_Factory	20	0
Ozone	OZChanSceneNodeRefWithPicker_Factory	20	0
Ozone	OZChannelEnumLayer_Factory	20	0
Ozone	OZChannelEnumDimension_Factory	20	0
Ozone	OZChannelEnumWithList_Factory	20	0
Ozone	OZMaterialLayersFolder_Factory	20	0
Ozone	OZMaterialDiffuseLayer_Factory	20	0
Ozone	OZMaterialFinishLayer_Factory	20	0
Ozone	OZFolderMaterialProperties_Factory	20	0
Ozone	OZMaterialEmissiveLayer_Factory	20	0
Ozone	OZMaterialFlatLayer_Factory	20	0
Ozone	OZMaterialBumpMapLayer_Factory	20	0
Ozone	OZMaterialSpecularLayer_Factory	20	0
Ozone	OZMaterialFresnelLayer_Factory	20	0
Ozone	OZMaterialDistressLayer_Factory	20	0
Ozone	OZMaterialPaintLayer_Factory	20	0
Ozone	OZMaterialSubstanceLayer_Factory	20	0
Ozone	OZChannelFont_Factory	20	0
Ozone	OZChannelImageWithTransform_Factory	20	0
Ozone	OZChannelStringEnum_Factory	20	0
Ozone	OZChannelMaterialLayerMap_Factory	20	0
Ozone	OZChannelMaterialMapTransform_Factory	20	0
Ozone	OZLayeredMaterialSequenceFolder_Factory	20	0
Ozone	OZMaterialLayerSequenceFolder_Factory	20	0
Ozone	OZMaterialDiffuseLayerSequenceFolder_Factory	20	0
Ozone	OZMaterialSpecularLayerSequenceFolder_Factory	20	0
Ozone	OZMaterialEmissiveLayerSequenceFolder_Factory	20	0
Ozone	OZMaterialBumpMapLayerSequenceFolder_Factory	20	0
Ozone	OZMaterialFresnelLayerSequenceFolder_Factory	20	0
Ozone	OZMaterialSubstanceLayerSequenceFolder_Factory	20	0
Ozone	OZMaterialPaintLayerSequenceFolder_Factory	20	0
Ozone	OZMaterialFinishLayerSequenceFolder_Factory	20	0
Ozone	OZMaterialDistressLayerSequenceFolder_Factory	20	0
Ozone	OZMaterialEmitLayerSequenceFolder_Factory	20	0
Ozone	OZChannelMaterialMapScale_Factory	20	0
Ozone	OZChannelMaterialRoot_Factory	20	0
Ozone	OZ3DEngineSceneElement_Factory	20	0
Ozone	OZ3DEngineSceneFile_Factory	20	0
Ozone	non-virtual thunk to OZGroup	20	0
Ozone	OZMaterialSubstanceLayerSequenceFolder	20	0
Ozone	OZ3DExtrusionProperties_Factory	20	0
Ozone	OZ3DEngineApplyForceBehavior	20	0
Ozone	OZMaterialPaintLayerSequenceFolder	20	0
Ozone	non-virtual thunk to OZ3DEngineSceneFile	20	0
Ozone	OZSegmentationMask	20	0
Ozone	OZChanTrackerMixedRefWithPicker	20	0
Ozone	OZLightingFolder	20	0
Ozone	OZLightingFolder_Factory	20	0
Ozone	OZChannelRetimeFrame_Factory	20	0
Ozone	OZFolderElementShadows_Factory	20	0
Ozone	OZChannelFolder_Factory	20	0
Ozone	OZAutoInspectorController	20	0
Ozone	OZAudioPeakMeter	20	0
Ozone	OZHUDController	20	0
Ozone	OZLibraryThumbnailCell	20	0
Ozone	OZRovingTip	20	0
Ozone	OZTimelineViewForAudioEditor	20	0
Ozone	OZDFRSliderController	20	0
Ozone	OZShapeTool	20	0
Ozone	OZFilterLibEntry	20	0
Ozone	OZFontLibEntry	20	0
Ozone	OZEyeDropperTool	20	0
Ozone	OZRetimeFrameController	20	0
Ozone	FFPerformanceController	20	0
Flexo	FFOZActiveToolFolder_Factory	20	0
Flexo	FFOZAudioUnitEffectRootChannel_Factory	20	0
Flexo	FFOZBlindDataCustomUIChannel_Factory	20	0
Flexo	FFOZMediaRefChannel_Factory	20	0
Flexo	FFOZRiggedChannelFolder_Factory	20	0
Flexo	FFOZVideoTrackerFolder_Factory	20	0
Flexo	FFLocklessQueueBase	20	0
Flexo	FFOZShapeMaskFolder_Factory	20	0
Flexo	FFAudioScrubUnit	20	0
Flexo	FFAudioSamplesCache	20	0
Flexo	SurroundPanner	20	0
Flexo	FFOZObservableFolder_Factory	20	0
Flexo	FFOZRootChannel_Factory	20	0
Flexo	Observers	20	0
Flexo	FFScrollTimelineViewPerformanceTest	20	0
Flexo	FFTimelineBenchmarkDragMarqueeSelection	20	0
Flexo	FFCaptionBurnInGenerator	20	0
Flexo	FFAnchoredMarker	20	0
Flexo	FFAudioRoleComponentsLibraryUpdater	20	0
Flexo	FFLibraryAssetCopyTask	20	0
Flexo	FFAudioUnitAnalyzingEffect	20	0
Flexo	FFSharedAudioUnit	20	0
Flexo	FFMapEffect	20	0
Flexo	iMovieCreditsLayer	20	0
Flexo	FFSemanticMaskUtils	20	0
Flexo	FFVideoTrackerEffect	20	0
Flexo	FFVisionKitAnalyzerController	20	0
Flexo	FFImageRepFlattenNode	20	0
Flexo	TTextAttachment	20	0
Flexo	FFAudioComponentsConfigSectionTile	20	0
Flexo	FFTokenSearchField	20	0
Flexo	FFInspectorTimeParameterController	20	0
Flexo	_FFProjectSharingExportController	20	0
Flexo	FFOrganizerClusteringCollection	20	0
Flexo	FFOrganizerFilterHUDFormatInfoTileModule	20	0
Flexo	FFOrganizerFilterHUDTile	20	0
Flexo	FFOrganizerFilmstripClusterHeader	20	0
Flexo	FFOrganizerMediaDetailHeader	20	0
Flexo	FFMDPhotoLibraryDataSource	20	0
Flexo	FFSidebarOutlineCellView	20	0
Flexo	FFEffectCheckbox	20	0
Flexo	FFCMIOGlobalsManager	20	0
Flexo	FFShareDestinationVideoResolutionMenuMaker	20	0
Flexo	FFTap2DetectOptionsController	20	0
Flexo	FFVideoScopesVectorscopeView	20	0
Flexo	FFMediaRefChannelController	20	0
Flexo	FFNavigatorOSC	20	0
Flexo	FFContourDrawInfo	20	0
Flexo	FFProviderPDF	20	0
Flexo	FFAnchoredObjectSegmentedVideoStream	20	0
Flexo	FFAnchoredAngleVideoSource	20	0
Flexo	FFRenderFormat	20	0
Flexo	FFRenderProps	20	0
Flexo	FFShareInfoFileSizePopoverItemViewController	20	0
Flexo	SFUFileDataRepresentation	20	0
Flexo	SFUZipArchive	20	0
Flexo	FFLRUCache	20	0
Flexo	FFITTCaptionValidator	20	0
Flexo	FFFaceDetection	20	0
Helium	HGAnisotropicSampler	20	0
Helium	HGAnisotropicXForm	20	0
Helium	HGImmersiveVideoPreview	20	0
Helium	HGPixelBufferObj	20	0
Helium	HGExecutionUnit	20	0
Helium	HGLegacyBlend	20	0
Helium	Hgc2DeinterlaceLA	20	0
Helium	Hgc2ChannelCopy	20	0
Helium	Hgc2GammaMC	20	0
Helium	Hgc2LensGDC_BC	20	0
Helium	Hgc2LensGDC_BL	20	0
Helium	Hgc2Gamma	20	0
Helium	Hgc2GammaNoPremult	20	0
Helium	HgcRasterizerTextureNoColor	20	0
Helium	HgcRasterizerGenerator	20	0
ProChannel	OZChannelBool	19	0
ProChannel	OZChannelGradientRGBFolder	19	0
ProChannel	OZChannelGradientAlphaFolder	19	0
ProChannel	OZChannelPercent	19	0
ProChannel	CHChannelBool3D	19	0
Ozone	OZImageNode	19	0
Ozone	non-virtual thunk to OZImageElement	19	0
Ozone	OZFxPlugPlugInKitDelegate	19	0
Ozone	OZReflexiveBehavior	19	0
Ozone	OZChannelSceneNode	19	0
Ozone	GLRenderer	19	0
Ozone	OZMaterialBumpMapLayerSequenceFolder	19	0
Ozone	OZChannelImageWithOptions	19	0
Ozone	OZExportSettings	19	0
Ozone	non-virtual thunk to OZLayeredMaterial	19	0
Ozone	OZMaterialDistressLayerSequenceFolder	19	0
Ozone	std::__1::vector<HGBinding, std::__1::allocator<HGBinding>>	19	0
Ozone	OZMarkerInfoPanel	19	0
Ozone	OZDropMenuView	19	0
Ozone	OZDropShadowOSC	19	0
Ozone	OZFootageViewerWindow	19	0
Ozone	TMCell	19	0
Ozone	OZTimeScaleController	19	0
Ozone	OZCameraTool	19	0
Ozone	OZFxPlug3DAPI	19	0
Ozone	OZShareQualityController	19	0
Flexo	FFCacherHGNode	19	0
Flexo	FFMediaReaderService	19	0
Flexo	FFAudioGainChannelChaser	19	0
Flexo	FFParameterChaser	19	0
Flexo	AUSurroundPanner	19	0
Flexo	J2KCodeStream	19	0
Flexo	FFCaptionSharedHeader	19	0
Flexo	FFAmbiguousCompositingOrderValidator	19	0
Flexo	FFAnchoredAudioGeneratorObject	19	0
Flexo	FFDownloadController	19	0
Flexo	FFColorForRole	19	0
Flexo	FFMediaSourceChannel	19	0
Flexo	FFShareYouTubeDestination	19	0
Flexo	FFShareVimeoDestination	19	0
Flexo	FFTogglePlayEnableCommand	19	0
Flexo	EDTClip	19	0
Flexo	EDTStoryModel	19	0
Flexo	FFShuffleClipsHorizontallyCommand	19	0
Flexo	FFTimelineItemAppearanceTable	19	0
Flexo	FFHeliumXFormEffect	19	0
Flexo	MicaPosterAnimator	19	0
Flexo	FFEffectRegistry	19	0
Flexo	FFNoiseReductionAppleVPAWrapper	19	0
Flexo	FFRetimingAudioEffect	19	0
Flexo	FFBeatGridOperation	19	0
Flexo	FFInspectorCameraLUTParameterController	19	0
Flexo	FFOrganizerFilmstripProjectLabelLayer	19	0
Flexo	FFSkimmingModule	19	0
Flexo	FFContentBrowserWrapperModule	19	0
Flexo	FFCapsController	19	0
Flexo	FFShareDestinationAddController	19	0
Flexo	FFShareDestinationImageController	19	0
Flexo	FFJSONArchiver	19	0
Flexo	FFTheaterMenuViewController	19	0
Flexo	OKPaneCapItemSegmented	19	0
Flexo	FFGPUNSImage	19	0
Flexo	FFClipDisplayObject	19	0
Flexo	FFVoiceOverOSC	19	0
Flexo	FFOutlineViewRow	19	0
Flexo	FFAudioDeviceInfo	19	0
Flexo	FFAssetProvider	19	0
Flexo	FFSourceVideoRangePinExtend	19	0
Flexo	FFScheduleToken	19	0
Flexo	FFSource	19	0
Flexo	FFSourceDelegatingVideo	19	0
Flexo	FFCurveEditorSelectionList	19	0
Flexo	FFTrackingLayer	19	0
Flexo	FFVAMLVisualSearchAnalysisProcessor	19	0
Flexo	FFMediaRefChannelPickerHelper	19	0
Flexo	FFCustomColorSelectionTool	19	0
Flexo	FFVideoEffectToolEffectAmountSliderController	19	0
Flexo	FFBrickTreeNode	19	0
Flexo	FFSharePanelRolesTreeBuilder	19	0
Flexo	FFGetCaptionsForRoleOperationCached	19	0
Flexo	FFShareExportPanelsHelperSingleItem	19	0
Flexo	NSFileManager	19	0
Flexo	FFChannelChangeContext	19	0
Flexo	FFSnapGrid	19	0
Flexo	FFWeakPointerCache	19	0
Flexo	FFFaceDetectionOnDemand	19	0
Flexo	MXFDMTrack	19	0
Helium	HGGLTexture	19	0
Helium	HGUserJob	19	0
Helium	HGGPUResources	19	0
Helium	Hgc2ComputeDeltaEITP	19	0
ProChannel	OZChannelColor	18	0
ProChannel	OZChannelCrop	18	0
ProChannel	OZChannelScale3D	18	0
ProCore	PCTimer	18	0
ProCore	PCAlgorithm	18	0
ProCore	PCCaptioniTT	18	0
Ozone	OZAlignSimBehavior	18	0
Ozone	OZOpticalFlow::Private::MotionEstimator	18	0
Ozone	OZSolid	18	0
Ozone	HgcCombineFields	18	0
Ozone	HgcCopyMaskRGBToMaskAlpha	18	0
Ozone	OZSegmentationMaskInspectorController	18	0
Ozone	OZCinematicOSC	18	0
Ozone	OZLibraryEntryFilter	18	0
Ozone	OZSaveAsTemplateController	18	0
Ozone	OZInsetViewOverlay	18	0
Ozone	OFProgressCell	18	0
Ozone	OZObjectHighlightOverlay	18	0
Ozone	OZObjectPickerController	18	0
Ozone	OZTimecodeFormatterToo	18	0
Ozone	NSValue	18	0
Ozone	OZInspectorPreviewModule	18	0
Flexo	FFVideoScopes::HistogramRenderer	18	0
Flexo	FFAudioFileChannelStream	18	0
Flexo	FFConsumerColorEffect	18	0
Flexo	FFResolveCaptionOverlapsOperation	18	0
Flexo	FFAddTransitionCommand	18	2
Flexo	FFAudioComponentsLayoutSkimmable	18	0
Flexo	FFFileBookmark	18	0
Flexo	FFMediaEventFolderClip	18	0
Flexo	FFMediaEventFolderProject	18	0
Flexo	FFMediaEventThumbnail	18	0
Flexo	FFPropertyMergeDescription	18	0
Flexo	FFMetadataProxy	18	0
Flexo	FFMIODeviceConnection	18	0
Flexo	FFObjectDict	18	0
Flexo	FFRoleDefinition	18	0
Flexo	FFTestHelper	18	0
Flexo	FFCaptionsByRowTable	18	0
Flexo	FFSharedAudioUnitPoolEntry	18	0
Flexo	FFHeliumEffect	18	0
Flexo	FFBeatGridSnappingGuideImageLoader	18	0
Flexo	FFAuditionCollectionViewItem	18	0
Flexo	FFEffectLibraryThumbnailRequestManager	18	0
Flexo	FFInspectorLabelController	18	0
Flexo	FFInspectorHeaderController	18	0
Flexo	FFInspectorMediaHeaderController	18	0
Flexo	FFInspectorUserEffectsController	18	0
Flexo	FFImportNavigationController	18	0
Flexo	FFMDEventLibraryCell	18	0
Flexo	FFThumbnailImageRequestStats	18	0
Flexo	FFAudioEffectEditorDelegate	18	0
Flexo	FFImageBrowserSectionLayer	18	0
Flexo	FFVideoScopesSettingsButtonLayer	18	0
Flexo	FFBackgroundLoadManager	18	0
Flexo	SliderHandler	18	0
Flexo	FFRAWProcessingParameterBase	18	0
Flexo	FFRAWProcessingParameterNumber	18	0
Flexo	RAWSliderHandler	18	0
Flexo	_REDClipMD5Wrapper	18	0
Flexo	FFVTRAWMultiSettingsController	18	0
Flexo	FFOrganizedLanePersister	18	0
Flexo	FFProjectInfoOSC	18	0
Flexo	FFProOSCUndoContext	18	0
Flexo	FFAssetVideoSource	18	0
Flexo	FFSourceAudioBroadcastWaveMetadata	18	0
Flexo	FFSourceVideoCG	18	0
Flexo	FFProviderCGANIM	18	0
Flexo	FFStreamVideoDeinterlace	18	0
Flexo	FFCommonSequenceAudioStream	18	0
Flexo	FFAnchoredObjectSegmentedProvider	18	0
Flexo	FFReloadCaptionThroughEditLayersOperation	18	0
Flexo	FFTimelineNUpDisplayModel	18	0
Flexo	FFAnchoredClipVideoSource	18	0
Flexo	FFOnDiskRenderInfo	18	0
Flexo	FFSequenceRenderRangeState	18	0
Flexo	FFMatchHandler	18	0
Flexo	FFRollbackRecord_v2	18	0
Flexo	FFVAMLShotMatcher	18	0
Flexo	FFAutoexpandingTextField	18	0
Flexo	FFSharePanelRolesListAudioFooterBrickViewController	18	0
Flexo	FFSharePanelVideoChildBrickViewController	18	0
Flexo	FFEmbeddedCaptionsCacheKeyGenerator	18	0
Flexo	FFGetCaptionsForRoleOperation	18	0
Flexo	FFMXFAudio	18	0
Flexo	FFChannelChangeController	18	0
Flexo	FFClippedRangesHandler	18	0
Flexo	FFDirectory	18	0
Flexo	FFMXFFormatMapping	18	0
Helium	HGEquirectReorient	18	0
Helium	HGExecUnitStack	18	0
Helium	MultiGPUPoolingPolicy	18	0
Helium	HGGLRendererInfo	18	0
Helium	HGCVPixelBufferPool	18	0
Helium	HGEnhanceDetails_LProj	18	0
Helium	HgcYUV444BiPlanar_chroma	18	0
Helium	HgcYUV420TriPlanar_alpha	18	0
Helium	HgcInterlaceHandler_InterlaceFields	18	0
Helium	HgcExposure	18	0
Helium	HgcPixelFormatConversion_kV4B_WXYZ_output	18	0
Helium	HgcPixelFormatConversion_kV4F_WXYZ_output	18	0
Helium	HgcPixelFormatConversion_kV4S_WXYZ_output	18	0
ProChannel	OZChannelGradientPositioned	17	0
ProChannel	OZChannelGradientSample	17	0
ProChannel	OZChannelQuad	17	0
ProChannel	OZChannelScale	17	0
ProChannel	OZChannelVertexFolder	17	0
ProCore	PCBinaryXMLReadStream	17	0
ProCore	PCMaskBuffer	17	0
ProCore	PCVersionedFilename	17	0
Ozone	OZSceneNode_Factory	17	0
Ozone	OZTransformNode_Factory	17	0
Ozone	OZElement_Factory	17	0
Ozone	OZBehavior_Factory	17	0
Ozone	OZEffect_Factory	17	0
Ozone	OZStyle_Factory	17	0
Ozone	OZMaterial_Factory	17	0
Ozone	non-virtual thunk to OZAudioTrackBase	17	0
Ozone	OZFxPlugOOPDelegate	17	0
Ozone	OZMaterialEmitLayerSequenceFolder	17	0
Ozone	OZMaterialEmissiveLayerSequenceFolder	17	0
Ozone	OZSimulationCurveNode	17	0
Ozone	OZChannelBehaviorRoot	17	0
Ozone	OZChan3DEngineSceneFileRefWithPicker	17	0
Ozone	OZMaterialDiffuseLayerSequenceFolder	17	0
Ozone	OZ3DEngineScenePlacementBehavior	17	0
Ozone	OZSingleChanCurveNode	17	0
Ozone	OZLayeredMaterialSequenceFolder	17	0
Ozone	OZChanRotoshapeRefWithPicker	17	0
Ozone	OZInspectorState	17	0
Ozone	OZOpticalFlow::Private::CacheFileHeader	17	0
Ozone	OZFolderElementShadows	17	0
Ozone	OZChannelEnumWithList	17	0
Ozone	non-virtual thunk to OZProjectNode	17	0
Ozone	HgcMaskStrokeAdd	17	0
Ozone	HgcMaskStrokeSubtract	17	0
Ozone	HgcZebraStripe	17	0
Ozone	HgcCanvas	17	0
Ozone	HgcOutOfGamutCheck	17	0
Ozone	HgcOverexposureCheck	17	0
Ozone	HgcCombineFullHeightFields	17	0
Ozone	HgcMaskElem	17	0
Ozone	HgcMaskCompSubtract	17	0
Ozone	HgcRetimeBlend	17	0
Ozone	HgcCopyMaskAlphaToMaskRGB	17	0
Ozone	HgcRetimeOpticalFlow	17	0
Ozone	HgcStraight	17	0
Ozone	HgcMaskCompIntersect	17	0
Ozone	HgcMaskCompReplace	17	0
Ozone	HgcViewAlpha	17	0
Ozone	HgcWrapMirror	17	0
Ozone	HgcWrapRepeat	17	0
Ozone	OZHeSoftGradientGeneratorShader	17	0
Ozone	HgcMaskCompAdd	17	0
Ozone	HgcMaskCompFirstPass	17	0
Ozone	OZARPlaneInfo	17	0
Ozone	OZDFRAbstractBaseViewController	17	0
Ozone	OZMissingFootageController	17	0
Ozone	OZMissingFootageSearch	17	0
Ozone	OZSegmentationControlsCtrl	17	0
Ozone	OZAutoHUDController	17	0
Ozone	OZPhotoLibEntry	17	0
Ozone	OZDropZonesOverlay	17	0
Ozone	OZOpticalFlowProgressController	17	0
Ozone	OZRenderQualityController	17	0
Flexo	PCMatrix44Tmpl<double>	17	0
Flexo	FFPlayerThreadStateManager	17	0
Flexo	FFAudioPlayRateUnit	17	0
Flexo	CoreMediaMovieReader_Query	17	0
Flexo	FFAudioStreamScope	17	0
Flexo	FFAudioSamplesCache::Block	17	0
Flexo	LegacyMeteringService	17	0
Flexo	STParameterEventQueue	17	0
Flexo	HgcAddAlpha	17	0
Flexo	HgcApplyZebras	17	0
Flexo	HgcColorIMovie	17	0
Flexo	HgcColorIsolation	17	0
Flexo	HgcColorLegacy4w	17	0
Flexo	HgcColorMatch	17	0
Flexo	HgcColorSOP	17	0
Flexo	HgcCopyAlpha	17	0
Flexo	HgcCopyAlphaToRGB	17	0
Flexo	HgcGreyContrastMatte	17	0
Flexo	HgcHSLIsolation	17	0
Flexo	HgcKyotoTint	17	0
Flexo	HgcMultiplyAlpha	17	0
Flexo	HgcRGBTransformY	17	0
Flexo	HgcRangeChecker	17	0
Flexo	HgcReplaceExtendedColors	17	0
Flexo	HgcScreeningMatte	17	0
Flexo	HgcSimpleMaskBlend	17	0
Flexo	HgcSubtractAlpha	17	0
Flexo	HgcVibrancy	17	0
Flexo	HgcMaskCompFirstPass	17	0
Flexo	HgcMaskElem	17	0
Flexo	NSTextView	17	0
Flexo	FFColorSliderCell	17	0
Flexo	FFAnchoredCollectionImageCreation	17	0
Flexo	FFEventInfo	17	0
Flexo	FFClassDescription	17	0
Flexo	FFFileLockBypassIndicator	17	0
Flexo	FFMediaRepSyncRequest	17	0
Flexo	FFShareFacebookDestination	17	0
Flexo	FFShareYoukuDestination	17	0
Flexo	FFShareTudouDestination	17	0
Flexo	FFShareImageDestination	17	0
Flexo	FFCreateTimelineCompoundClipCommand	17	0
Flexo	FFTimelineItemAppearanceSelector	17	0
Flexo	FFAudioUnitEffectPresetMenuController	17	0
Flexo	iMovieZoomingTextWithRopeLayer	17	0
Flexo	FFSegmentationMaskChannelController	17	0
Flexo	FFAutomaticObjectDetectionOSC	17	0
Flexo	FFHGAsyncQueue	17	0
Flexo	FFImageRepHGNode	17	0
Flexo	FFMediaUsageTimeRangeList	17	0
Flexo	FFAddEffectComponentChooserWindowController	17	0
Flexo	FFAudioComponentsConfigCombinedTile	17	0
Flexo	FFCPSReflectionView	17	0
Flexo	FFInspectorModule	17	0
Flexo	FFInspectorModuleLibraryProperties	17	0
Flexo	FFInspectorTabSplitViewModule	17	0
Flexo	FFMultiAngleProgressController	17	0
Flexo	FFMDAllProjectsCell	17	0
Flexo	FFMDMediaObject	17	0
Flexo	FFMDMusicTableData	17	0
Flexo	FFMDPhotoLibraryUtilities	17	0
Flexo	FFImportMediaSidebarMIOPTPDeviceNode	17	0
Flexo	FFShareDestinationActionMenuHelper	17	0
Flexo	FFShareDestinationVideoResolutionMenuMakerPublishing	17	0
Flexo	FFShareDestinationVideoResolutionsDeterminer	17	0
Flexo	FFConsolidateOptions	17	0
Flexo	FFDistortOSC	17	0
Flexo	FFPlayer360OSC	17	0
Flexo	FFReorientOSC	17	0
Flexo	FFNRTFigClock	17	0
Flexo	FFAnchoredComponentVideoSource	17	0
Flexo	FFTimelineDebugOptions	17	0
Flexo	FFAnchoredProviderOptions	17	0
Flexo	FFProviderCache	17	0
Flexo	FFSegmentationMaskHeaderLayer	17	0
Flexo	FFModalToolDelegate	17	0
Flexo	FFSharePanelAudioChildBrick	17	0
Flexo	FFSharePanelVideoChildBrickMultiple	17	0
Flexo	FFTranscriptRetriever	17	0
Flexo	FFImageRepSegmentReadSample	17	0
Flexo	FFMD5AndOffset	17	0
Flexo	FFPixelFormat_unknownRAW	17	0
Flexo	FFSceneDetectionController	17	0
Helium	HGCPURenderContext	17	0
Helium	HGPool::Pool<id<MTLTexture>, HGMetalTexturePool::Descriptor>	17	0
Helium	HGFlipAndOffset	17	0
Helium	HGCVBitmap	17	0
Helium	HGGLHandler	17	0
Helium	HGPool::Pool<id<MTLHeap>, HGMetalHeapPool::Descriptor>	17	0
Helium	HGPool::Pool<id<MTLBuffer>, HGMetalBufferPool::Descriptor>	17	0
Helium	HGMetalUtils	17	0
Helium	HGPool::Pool<__CVBuffer*, HGCVPixelBufferPool::Descriptor>	17	0
Helium	HGCinematic	17	0
Helium	HgcSMAAEdgeDetect	17	0
Helium	HgcSMAAPatternSearch	17	0
Helium	HgcSMAABlend	17	0
Helium	HgcAVATemporalAverage	17	0
Helium	HgcAVAMotionDetection	17	0
Helium	HgcAVAMotionDilationInit	17	0
Helium	HgcAVAMotionDilation	17	0
Helium	HgcAVAEdgeStrength	17	0
Helium	HgcAVASpatialAverage2Tap	17	0
Helium	HgcAVASpatialAverage4Tap	17	0
Helium	HgcAVASpatialAverageAdaptive_UpperField	17	0
Helium	HgcAVASpatialAverageAdaptive_LowerField	17	0
Helium	HgcAVA_Fusion	17	0
Helium	HGChromatic	17	0
Helium	HGEnhanceDetails_Mix	17	0
Helium	HGEnhanceDetails_Classify	17	0
Helium	HGLevelsLumaKernel	17	0
Helium	HGLevelsRGBKernel	17	0
Helium	HgcBlendBlur	17	0
Helium	HgcBlendBlur_2	17	0
Helium	HgcBlendBlur_3	17	0
Helium	HgcBlendBlur_4	17	0
Helium	HgcBlendBlur_5	17	0
Helium	HgcBlendBlur_6	17	0
Helium	HgcBlendBlur_7	17	0
Helium	HGVignetting	17	0
Helium	HGDeVignetting	17	0
Helium	HgcAnaglyph	17	0
Helium	HgcYUV420BiPlanar_chroma_f1	17	0
Helium	HgcYUV422BiPlanar_chroma_f1	17	0
Helium	HgcScaleBiasCrop	17	0
Helium	HgcYUV444BiPlanar_chroma_pack2	17	0
Helium	HgcComputeDeltaE2000fromLAB	17	0
Helium	HgcComputeDeltaEITP	17	0
Helium	HgcGradeDeltaE	17	0
Helium	HgcYUV420TriPlanar_420To444_Type0	17	0
Helium	HgcYUV420TriPlanar_420To444_Type2	17	0
Helium	HgcXYZtoLAB	17	0
Helium	HgcYUV420TriPlanar_601ToRGB	17	0
Helium	HgcYUV420TriPlanar_709ToRGB	17	0
Helium	HgcYUV420TriPlanar_2020ToRGB	17	0
Helium	HgcYUV422TriPlanar_422To444_Type2	17	0
Helium	HgcYUV422TriPlanar_601ToRGB	17	0
Helium	HgcYUV422TriPlanar_709ToRGB	17	0
Helium	HgcYUV422TriPlanar_2020ToRGB	17	0
Helium	HgcYUV444TriPlanar_444To444_Type2	17	0
Helium	HgcYUV444TriPlanar_601ToRGB	17	0
Helium	HgcYUV444TriPlanar_709ToRGB	17	0
Helium	HgcYUV444TriPlanar_2020ToRGB	17	0
Helium	HgcQuadPlanarReader	17	0
Helium	HgcYUV420BiPlanar_luma	17	0
Helium	HgcYUV420BiPlanar_luma_pack2	17	0
Helium	HgcYUV420BiPlanar_luma_pack4	17	0
Helium	HgcYUV420BiPlanar_chroma_pack2	17	0
Helium	HgcYUV420BiPlanar_chroma	17	0
Helium	HgcYUV422BiPlanar_chroma	17	0
Helium	HgcYUV422BiPlanar_chroma_pack2	17	0
Helium	HgcYUV422BiPlanar_422To444_Type2	17	0
Helium	HgcYUV422BiPlanar_601ToRGB	17	0
Helium	HgcYUV422BiPlanar_709ToRGB	17	0
Helium	HgcYUV422BiPlanar_2020ToRGB	17	0
Helium	HgcYUV420BiPlanar_2020ToRGB	17	0
Helium	HgcYUV444BiPlanar_2020ToRGB	17	0
Helium	HgcYUV444BiPlanar_601ToRGB	17	0
Helium	HgcYUV444BiPlanar_709ToRGB	17	0
Helium	HgcGradientLinearTranslate	17	0
Helium	HgcGradientLinearAffine	17	0
Helium	HgcGradientLinearPerspective	17	0
Helium	HgcGradientLinearIdentity	17	0
Helium	HgcGradientRadialAffine	17	0
Helium	HgcGradientRadialIdentity	17	0
Helium	HgcGradientRadialPerspective	17	0
Helium	HgcGradientRadialTranslate	17	0
Helium	HgcBilateralFilterInterpSC_InterpolatorLastZ	17	0
Helium	HgcYUV420BiPlanar_709ToRGB	17	0
Helium	HgcMultiTexBlend_8	17	0
Helium	HgcConvertYIQToRGB	17	0
Helium	HgcConvertRGBToYIQ	17	0
Helium	HgcMultiTexBlend_2	17	0
Helium	HgcChromaticAdapter	17	0
Helium	HgcYUV420BiPlanar_420To444_Type2	17	0
Helium	HgcBilateralFilterInterp_InterpolatorLast	17	0
Helium	HgcBilateralFilterInterp_Divide	17	0
Helium	HgcSMixer	17	0
Helium	HgcBilateralFilterInterp_IntensityWeight	17	0
Helium	HgcBilateralFilterInterpSC_InterpolatorLastX	17	0
Helium	HgcLaplacianSharpen	17	0
Helium	HgcColorBars	17	0
Helium	HgcMultiTexBlend_5	17	0
Helium	HgcRetimeWithFlowInterpFullRez	17	0
Helium	HgcShadowHighlight	17	0
Helium	HgcYUV420BiPlanar_420To444_Type0	17	0
Helium	HgcReflectionClip	17	0
Helium	HgcClampPremultiplied	17	0
Helium	HgcShadowHighlightFast	17	0
Helium	HgcBilateralFilterInterpSC_Interpolator	17	0
Helium	HgcColorClamp	17	0
Helium	HgcBilateralFilterInterpSC_InterpolatorLastY	17	0
Helium	HgcSolidColor	17	0
Helium	HgcDefinition	17	0
Helium	HgcBilateralFilterInterpSC_InterpolatorFirst	17	0
Helium	HgcLuminize	17	0
Helium	HgcSimpleSpatialDenoise	17	0
Helium	HgcInvertAlpha	17	0
Helium	HgcOpenEXR	17	0
Helium	HgcBilateralFilterInterp_Multiply	17	0
Helium	HgcMultiTexBlend_4	17	0
Helium	HgcRetimeWithFlowInterpVariableRez	17	0
Helium	HgcRetimeWithFrameBlend	17	0
Helium	HgcMix	17	0
Helium	HgcInterlaceHandler_ExtractField	17	0
Helium	HgcYUV444BiPlanar_444To444_Type2	17	0
Helium	HgcChannelCopy	17	0
Helium	HgcRetimeFullRez	17	0
Helium	HgcBilateralFilterInterp_Interpolator	17	0
Helium	HgcMultiTexBlend_7	17	0
Helium	HgcRetimeVariableRez	17	0
Helium	HgcBilateralFilterInterpSC_IntensityWeight	17	0
Helium	HgcBilateralFilterInterp_InterpolatorFirst	17	0
Helium	HgcYUV420BiPlanar_601ToRGB	17	0
Helium	HgcMultiTexBlend_3	17	0
Helium	HgcMultiTexBlend_6	17	0
Helium	HgcGamutMap	17	0
Helium	HgcGamutDebug	17	0
Helium	HgcOutputClamp_RGBOnly	17	0
Helium	HgcOutputClamp	17	0
Helium	HgcCompositeWithMask	17	0
Helium	HgcGamma	17	0
Helium	HgcGammaNoPremult	17	0
Helium	HgcPower	17	0
Helium	HgcToneParamCurve1AntiSymmetric	17	0
Helium	HgcToneParamCurve2AntiSymmetric	17	0
Helium	HgcToneParamCurve3AntiSymmetric	17	0
Helium	HgcToneParamCurve4AntiSymmetric	17	0
Helium	HgcBT2446_Method_A_TMO	17	0
Helium	HgcBT2446_Method_A_TMO_Input_Clamped	17	0
Helium	HgcBT2446_Method_A_ITMO	17	0
Helium	HgcBT2390_Gain_Sat_ToneAdj	17	0
Helium	HgcWhiteBalanceRAW	17	0
Helium	HgcEquirectReorient	17	0
Helium	HgcDemosaic_1	17	0
Helium	HgcDemosaic_2	17	0
Helium	HgcColorGamma_chroma_upsample_f1	17	0
Helium	HgcTextureWrapClampToEdge	17	0
Helium	HgcBlur_g4u2_rect	17	0
Helium	HgcToneParamCurve2	17	0
Helium	HgcToneParamCurve1	17	0
Helium	HgcPixelFormatConversion_kV4B10Bit_BE_output	17	0
Helium	HgcPixelFormatConversion_kV4B_WXYZ_input	17	0
Helium	HgcColorGamma_v216_yxzx_expand	17	0
Helium	HgcApply3DLUTTetrahedral_basekernel	17	0
Helium	HgcApply3DLUTTrilinear_basekernel	17	0
Helium	HgcApply3DLUTTrilinearUniform_basekernel	17	0
Helium	HgcApply3DLUTTrilinearFast_basekernel	17	0
Helium	HgcColorGamma_2vuy_yxzx_expand	17	0
Helium	HgcPremultiply	17	0
Helium	HgcToneParamCurve4	17	0
Helium	HgcColorGamma_v210_yxzx_rgba_expand	17	0
Helium	HgcColorGamma_2vuy_xyxz_expand	17	0
Helium	HgcPixelFormatConversion_kV4S_BE_WXYZ_output	17	0
Helium	HgcUnpremultiply	17	0
Helium	HgcUnpremultiplySanitized	17	0
Helium	HgcApply3DLUTTetrahedralFast_basekernel	17	0
Helium	HgcPixelFormatConversion_kV4F_WXYZ_input	17	0
Helium	HgcPixelFormatConversion_kV4S_WXYZ_input	17	0
Helium	HgcColorGamma_v216_yxzx_collapse	17	0
Helium	HgcPixelFormatConversion_kV4B10Bit_BE_input	17	0
Helium	HgcColorGamma_chroma_downsample_f1	17	0
Helium	HgcColorGamma_v210_yxzx_rgba_collapse	17	0
Helium	HgcColorGamma_2vuy_xyxz_collapse	17	0
Helium	HgcBlur_cs9s_rect	17	0
Helium	HgcColorGamma_2vuy_yxzx_collapse	17	0
Helium	HgcBlur_g4u2	17	0
Helium	HgcPremultiplyWhiteToBlack	17	0
Helium	HgcApply3DLUTTetrahedralUniform_basekernel	17	0
Helium	HgcToneParamCurve3	17	0
Helium	HgcBlur_cs9s	17	0
Helium	HgcPixelFormatConversion_kV4S_BE_WXYZ_input	17	0
Helium	HgcColorGamma_bias	17	0
Helium	HgcColorGamma_bias_clamp	17	0
Helium	HgcASC_CDL	17	0
Helium	HgcST2084_EOTF	17	0
Helium	HgcST2084_InverseEOTF	17	0
Helium	HgcBT2100_PQ_OETF_qtApprox	17	0
Helium	HgcBT2100_PQ_OOTF	17	0
Helium	HgcBT2100_PQ_OOTF_qtApprox	17	0
Helium	HgcBT2100_PQ_InverseOOTF	17	0
Helium	HgcBT2100_PQ_OETF	17	0
Helium	HgcBT2100_PQ_InverseOETF	17	0
Helium	HgcBT2100_PQ_InverseOETF_qtApprox	17	0
Helium	HgcBT2100_HLG_OETF	17	0
Helium	HgcBT2100_HLG_InverseOETF	17	0
Helium	HgcBT2100_HLG_OOTF_InverseOOTF	17	0
Helium	HgcHybridQTGammaLog_encode	17	0
Helium	HgcHybridQTGammaLog_decode	17	0
Helium	HgcLogVideo_encode	17	0
Helium	HgcLogVideo_decode	17	0
Helium	HgcSony709_800_MLUT	17	0
Helium	HgcBT2390_EETF	17	0
Helium	HgcBT2390_EETF_YRGB	17	0
Helium	HgcRGB_EETF	17	0
Helium	HgcAppleLog_encode	17	0
Helium	HgcCanonLog_encode	17	0
Helium	HgcCanonLog3_encode	17	0
Helium	HgcNikonLog_encode	17	0
ProChannel	OZFactories	16	0
ProChannel	OZChannel_Factory	16	0
ProChannel	OZChannelGradientSampleRGB	16	0
ProChannel	OZChannelGradientSampleAlpha	16	0
ProChannel	OZChannelHistogramSample	16	0
ProChannel	OZChannelProgress	16	0
ProChannel	OZChannelEnumInterpMode	16	0
ProChannel	OZChannelTransformSwitch	16	0
ProChannel	OZChannelQuadPercent	16	0
ProChannel	CHChannelQuad	16	0
ProChannel	CHChannel3D	16	0
ProCore	PCSimplePolygon	16	0
ProCore	Json	16	0
ProCore	Json::StyledWriter	16	0
ProCore	Json::BuiltStyledStreamWriter	16	0
ProCore	FigTimePairObj	16	0
Ozone	OZChanTransformNodeRef	16	0
Ozone	OZVectorShape	16	0
Ozone	OZChanAudioTrackRefWithPicker	16	0
Ozone	OZChanSceneNodeRefWithPicker	16	0
Ozone	OZChanFootageRefWithPicker	16	0
Ozone	OZChanCameraRefWithPicker	16	0
Ozone	non-virtual thunk to OZAlignToBehavior	16	0
Ozone	OZOpticalFlow::Private	16	0
Ozone	non-virtual thunk to OZRigWidget	16	0
Ozone	OZProxyScrub	16	0
Ozone	OZMagnifyTool	16	0
Ozone	OZDebugWindowController	16	0
Ozone	OZChanSceneNodeRefController	16	0
Ozone	OZHistogramView	16	0
Ozone	TMCollectionHeader	16	0
Ozone	OZAudioMainThreadObject	16	0
Ozone	TXGeneratorLibEntry	16	0
Ozone	OZWalkCameraTool	16	0
Ozone	OZRigWidgetInspectorCtlr	16	0
Flexo	ProResRaw::PluginHandlerBase	16	0
Flexo	FFAudioQueueBuffer	16	0
Flexo	FFAudioDeviceObject_macOS	16	0
Flexo	FFMXFAudioCursor	16	0
Flexo	CoreMediaMovieReader_LongGOP	16	0
Flexo	FFVideoDecoder_LongGOP	16	0
Flexo	FFScopedBaseDSEffect	16	0
Flexo	AUChannelConform	16	0
Flexo	Fraction	16	0
Flexo	MXF::MXFIndexTableSequence	16	0
Flexo	MXF::MXFBuildIndexFrameWrapped	16	0
Flexo	NSArray	16	0
Flexo	FFColorLooksPuckControlValue	16	0
Flexo	FFColorBalanceDropDownController	16	0
Flexo	FFSimpleMetadataHelper	16	0
Flexo	FFLibraryBackupInfo	16	0
Flexo	FFResource	16	0
Flexo	FFMediaEventSyncRequest	16	0
Flexo	FFMultiAngleAudioSyncInfo	16	0
Flexo	FFVideoOverrideInfo	16	0
Flexo	FFCrossFadeAdapter	16	0
Flexo	FFTimelineIndexClipsTableViewDupeDetectionReloadObserver	16	0
Flexo	FFTrimOperation	16	0
Flexo	FFTranslateSequenceLaneChangesToStoryOperation	16	0
Flexo	FFAudioEffectWarningWindowController	16	0
Flexo	FFHeMultiCamEffect	16	0
Flexo	FFHePIPTransitionEffect	16	0
Flexo	RCSport	16	0
Flexo	FFIsolationMaskOSC	16	0
Flexo	FFSemanticMaskChannelController	16	0
Flexo	FFNoiseReductionBackgroundProcessor	16	0
Flexo	FFEnableBeatGridCommand	16	0
Flexo	FFTextureBuffer	16	0
Flexo	_FFInspectorContainerView	16	0
Flexo	FFInspectorModuleColorHeader	16	0
Flexo	_FFProjectSharingExportsHeaderController	16	0
Flexo	FFBaseSidebarProvider	16	0
Flexo	FFOrganizerFilterHUDTimeTileModule	16	0
Flexo	FFSearchHeaderSearchFieldCell	16	0
Flexo	FFMDPhotoGroupThumbnailStore	16	0
Flexo	FFMDPhotoObjectView	16	0
Flexo	FFMDPhotosQuery	16	0
Flexo	FFMDTransitionModule	16	0
Flexo	FFOrganizerMasterItem	16	0
Flexo	FFAnalyzeMediaWindowController	16	0
Flexo	FFRoleEditorAction	16	0
Flexo	FFRolesMenuController	16	0
Flexo	FFShareDestinationVideoPreset	16	0
Flexo	FFAudioEffectWindowParameterTracker	16	0
Flexo	RAWCheckboxHandler	16	0
Flexo	FFTimecodeDisplayObject	16	0
Flexo	SegmentInfoObject	16	0
Flexo	FFProviderAudio	16	0
Flexo	FFMCSwitcherVideoStream	16	0
Flexo	FFModalTool	16	0
Flexo	FFCurveEditorFadeHandleLayer	16	0
Flexo	FFSegmentationMaskBodyLayer	16	0
Flexo	FFTextTool	16	0
Flexo	FFSharePanelChildBrickMultiple	16	0
Flexo	FFTranscript	16	0
Flexo	FFAudioPreprocessorEffect	16	0
Flexo	FFSegmentStoreWriteLockIndexTracker	16	0
Flexo	FFPasteboardItemPromise	16	0
Flexo	FFObjectCacheEntry	16	0
Flexo	FFPixelFormat_2vuy	16	0
Flexo	FFPixelFormat_v210	16	0
Flexo	FFPixelFormat_v216	16	0
Flexo	FFPixelFormat_y408	16	0
Flexo	FFPixelFormat_y416	16	0
Flexo	FFPixelFormat_r408	16	0
Flexo	FFPixelFormat_r4fl	16	0
Flexo	FFPixelFormat_R10k	16	0
Flexo	FFPixelFormat_RGBX8	16	0
Flexo	FFPixelFormat_BGR8	16	0
Flexo	FFPixelFormat_ARGB8	16	0
Flexo	FFPixelFormat_BGRA8	16	0
Flexo	FFPixelFormat_RGBA8	16	0
Flexo	FFPixelFormat_RGBA16	16	0
Flexo	FFPixelFormat_b64a	16	0
Flexo	FFPixelFormat_RGBAh	16	0
Flexo	FFPixelFormat_RGBAf	16	0
Flexo	FFPixelFormat_hdis	16	0
Flexo	FFPixelFormat_hdep	16	0
Flexo	FFPixelFormat_ARGB8StraightAlpha	16	0
Flexo	FFPixelFormat_RGBAfStraightAlpha	16	0
Flexo	FFPixelFormat_y416StraightAlpha	16	0
Flexo	FFPixelFormat_s4asStraightAlpha	16	0
Flexo	FFPixelFormat_FullRangeLuma8In4Ch	16	0
Flexo	FFPixelFormat_420v	16	0
Flexo	FFPixelFormat_420f	16	0
Flexo	FFPixelFormat_x420	16	0
Flexo	FFPixelFormat_xf20	16	0
Flexo	FFPixelFormat_sv22	16	0
Flexo	FFPixelFormat_x422	16	0
Flexo	FFPixelFormat_xf22	16	0
Flexo	FFPixelFormat_sv44	16	0
Flexo	FFPixelFormat_x444	16	0
Flexo	FFPixelFormat_xf44	16	0
Flexo	FFPixelFormat_s4as	16	0
Flexo	FFPixelFormat_bp16	16	0
Flexo	FFPixelFormat_b16q	16	0
Flexo	FFPixelFormat_bp64	16	0
Flexo	FFPixelFormat_bred	16	0
Flexo	FFPixelFormat_grey8LumaPlane	16	0
Flexo	FFPixelFormat_grey8AlphaPlane	16	0
Flexo	FFPixelFormat_cbCr8ChromaPlane	16	0
Flexo	FFPixelFormat_grey16LumaPlane	16	0
Flexo	FFPixelFormat_cbCr16ChromaPlane	16	0
Flexo	FFAutoReframeTrackController	16	0
Flexo	FFSceneDetection	16	0
Helium	OpticalFlowFields	16	0
Helium	HGShadowHighlight	16	0
Helium	HGColorConformLook3DLUT	16	0
Helium	HGPool::Pool<id<MTLBuffer>, HGMetalBufferWrapperInfinipool::Descriptor>	16	0
Helium	HGPool::Pool<id<MTLTexture>, HGMetalTextureWrapperInfinipool::Descriptor>	16	0
Helium	HGBilateralFilterKernelNode	16	0
Helium	HGStencil	16	0
Helium	HKMetadata	16	0
ProChannel	OZChannelInfo	15	0
ProChannel	OZChannelGradientFolder	15	0
ProChannel	CHChannel2D	15	0
ProChannel	CHChannelRotation3D	15	0
ProChannel	CHChannelShear	15	0
ProCore	PCXMLReadStream	15	0
ProCore	PCBufferWriteStream	15	0
ProCore	void std::__1::__throw_regex_error[abi:nqe210106]<(std::__1::regex_constants	15	0
ProCore	PCMatchmoveProblem	15	0
ProCore	FigTimeObj	15	0
Ozone	OZChannelImageWithTransform	15	0
Ozone	OZChanElementRef	15	0
Ozone	OZChannelMaterialMapScale	15	0
Ozone	OZChanFootageRef	15	0
Ozone	OZMetalTextureCache	15	0
Ozone	OZMotionPathCurveNode	15	0
Ozone	OZChannelGradientWithTransform	15	0
Ozone	OZOpticalFlow::CacheFile::Impl	15	0
Ozone	non-virtual thunk to OZRetimingBehavior	15	0
Ozone	OZLayerDistributor	15	0
Ozone	OZ_HCache	15	0
Ozone	OZGuidesOverlay	15	0
Ozone	OZChooseChanController	15	0
Ozone	OZSegmentationStroke	15	0
Ozone	OZMaskTool	15	0
Ozone	OZLineTool	15	0
Ozone	OZBehaviorLibEntry	15	0
Ozone	OZLightOverlay	15	0
Ozone	OZProTabWrapperModule	15	0
Flexo	FFSemanticMatteNode	15	0
Flexo	FFAudioContinuousScrubUnit	15	0
Flexo	FFVideoDecoderSelector	15	0
Flexo	AUMultiInputBase	15	0
Flexo	FFOZRootChannel	15	0
Flexo	MXF::MXFBuildIndexCustomWrapped	15	0
Flexo	FFColorLooksListDataSourceController	15	0
Flexo	FFColorLooksPuckControlGroup	15	0
Flexo	FFSegmentedCell	15	0
Flexo	FFLumaBumpContainer	15	0
Flexo	FFBaseOnscreenControlController	15	0
Flexo	FFAudioEffectsObjectBundle	15	0
Flexo	FFRecordingTiming	15	0
Flexo	FFAudioDuckingLoudnessData	15	0
Flexo	FFCaptionColorScheme	15	0
Flexo	FFVirtualMediaSource	15	0
Flexo	FFShareDVDDestination	15	0
Flexo	FFShareBlurayDestination	15	0
Flexo	FFSharingField	15	0
Flexo	FFSharingToken	15	0
Flexo	FFUndoPerformBlockHandler	15	0
Flexo	FFBladeCommand	15	0
Flexo	EDTDupe	15	0
Flexo	EDTUpdateDupeLayersOperation	15	0
Flexo	FFPrecisionTimelineStoryView	15	0
Flexo	FFFinalCutProPrivateClipCreationCommandDelegate	15	0
Flexo	FFTimelineTagsIndexFilterPredicateBuilder	15	0
Flexo	FFHeSimpleBlendEffect	15	0
Flexo	FFHeSolidColorEffect	15	0
Flexo	FFFlatMapEffect	15	0
Flexo	FFMapStillEffect	15	0
Flexo	FFEllipseMask	15	0
Flexo	FFStreamAudioEffect	15	0
Flexo	FFBeatDetectionCoordinator	15	0
Flexo	_FFCameraLUTRepositoryDelegate	15	0
Flexo	FFHGCVPB	15	0
Flexo	FFProResRAWConversionAdjustmentParams	15	0
Flexo	FFInspectorModuleColorChannelsBase	15	0
Flexo	FFInspectorNodeTree	15	0
Flexo	FFInspectorVideoEffectsController	15	0
Flexo	NSView	15	0
Flexo	FFDuplicateProjectsOperation	15	0
Flexo	FFMDCreateProjectCell	15	0
Flexo	FFMDMapModule	15	0
Flexo	FFMDPhotosAssetQuery	15	0
Flexo	FFProjectExtrasSidebarController	15	0
Flexo	FFProjectExtrasCategoryNode	15	0
Flexo	FFProgressSheetController	15	0
Flexo	FFSpeedLayer	15	0
Flexo	FFRolesMenuContext	15	0
Flexo	FFVectorscopeGraticuleUnitsLayer	15	0
Flexo	PopupHandler	15	0
Flexo	CheckboxHandler	15	0
Flexo	RAWPopupHandler	15	0
Flexo	FFSettingsModule	15	0
Flexo	FFViewSetEditorExtendedViewSet	15	0
Flexo	FFMultiCamAngleOSC	15	0
Flexo	FFOrientationOSC	15	0
Flexo	FFProShapeOSC	15	0
Flexo	FFSimpleOSC	15	0
Flexo	FFTrackingOptionsPopoverController	15	0
Flexo	FFOutlineViewReuseManager	15	0
Flexo	FFAnchoredComponentAudioSource	15	0
Flexo	FFAnchoredSequenceAudioSource	15	0
Flexo	FFMarqueeSelectionGestureDetector	15	0
Flexo	FFAnchoredTimelineModuleUndoState	15	0
Flexo	FFTimelineToolController	15	0
Flexo	FFStreamAudio	15	0
Flexo	FFMutableVideoProps	15	0
Flexo	FFResponderLayerButton	15	0
Flexo	FFAutoexpandingTextFieldImpl	15	0
Flexo	FFAutoexpandingTokenField	15	0
Flexo	FFBrickListPairView	15	0
Flexo	FFSharePanelRolesListView	15	0
Flexo	NSMenu	15	0
Flexo	FFApplication	15	0
Flexo	FFMovieWriter	15	0
Flexo	FFTaskProgressIndicator	15	0
Helium	HGLodBlend2	15	0
Helium	HGApply1DLUT	15	0
Helium	HGBitmapUtils	15	0
Helium	HGBilateralFilterInterpSC	15	0
Helium	HGStats::UnitStats	15	0
Helium	HGRenderCinema	15	0
Helium	HGRect	15	0
Helium	HGObject	15	0
Helium	HgcCropShaderBlend	15	0
Helium	HGLightWrap	15	0
Helium	HgcDither_GPU_NoClamp	15	0
Helium	HgcDither_GPU	15	0
Helium	HKInputImage	15	0
ProChannel	OZFactory	14	0
ProChannel	OZInterpolator	14	0
ProChannel	OZChannelGradientExtras	14	0
ProChannel	OZChannelGradientWithAngle	14	0
ProChannel	OZChannelShear	14	0
ProChannel	CHChannelHistogram	14	0
ProChannel	CHChannelPosition3D	14	0
ProCore	PCICCTransferFunctionParametric4	14	0
ProCore	PCAsciiStream	14	0
ProCore	PCByteWriteStream	14	0
ProCore	PCWorkingColorVector	14	0
ProCore	cc_rgb	14	0
ProCore	PCICCTag	14	0
ProCore	Json::StyledStreamWriter	14	0
ProCore	PCUserDefaultsMigrator	14	0
ProCore	NSImage	14	0
ProCore	PCChangeLogRecord	14	0
ProCore	PCWeakPointerValue	14	0
Ozone	non-virtual thunk to OZSceneNodeFile	14	0
Ozone	HGLazyResIndependentBitmapLoader	14	0
Ozone	ProShade::Func<ProShade::Func_normalize>	14	0
Ozone	ProShade::Func<ProShade::ScalarFunctionTraits_2<ProShade::max_traits>>	14	0
Ozone	ProShade::Func<ProShade::Func_dot>	14	0
Ozone	ProShade::Func<ProShade::ScalarFunctionTraits_2<ProShade::pow_traits>>	14	0
Ozone	non-virtual thunk to OZTransitiveBehavior	14	0
Ozone	OZMaterialFresnelLayerSequenceFolder	14	0
Ozone	OZSimStateArray	14	0
Ozone	OZMaterialFinishLayerSequenceFolder	14	0
Ozone	OZChannelMoveableImage	14	0
Ozone	OZRetimingUtil::RetimingExaminer	14	0
Ozone	OZChannelBlendMode	14	0
Ozone	OZLiElementTimeRender	14	0
Ozone	OZFolderMaterialProperties	14	0
Ozone	OZFolderLightVolume	14	0
Ozone	OZAudioHeliumNode	14	0
Ozone	non-virtual thunk to OZ3DEngineSceneElement	14	0
Ozone	OZFrameQueue	14	0
Ozone	OZARAnchorElement	14	0
Ozone	OZLayerLockStatusCell	14	0
Ozone	OZViewCell	14	0
Ozone	OZSceneNodeDragTarget	14	0
Ozone	OZAddSegmentationMaskTool	14	0
Ozone	OZTimelineImageCompletion	14	0
Ozone	OZTimelineAudioImageCompletion	14	0
Ozone	OZListImageCompletion	14	0
Ozone	OZLibraryNodePreviewCtrl	14	0
Ozone	OZRecordingOptionsPanel	14	0
Ozone	OZNewCollectionController	14	0
Ozone	OZAddRemoveChanCtlr	14	0
Ozone	OZFxPlugCustomParameterController	14	0
Ozone	OZMoShapeVertexController	14	0
Ozone	NSCoder	14	0
Ozone	OZGeneratorLibEntry	14	0
Ozone	OZFxAnalysisHelper	14	0
Ozone	OZMaterialTextureTransformsController	14	0
Ozone	OZNewThemeController	14	0
Flexo	FFOZActiveToolFolder	14	0
Flexo	FFOZBlindDataCustomUIChannel	14	0
Flexo	FFAudioEffectsBuss::GainStageParameterChaser	14	0
Flexo	FFVideoScopes::WaveformRenderer	14	0
Flexo	ProResRaw::PluginHandlerXpc	14	0
Flexo	FFAudioEffectsBuss	14	0
Flexo	UpDownMixerUnit	14	0
Flexo	FFAudioBufferList	14	0
Flexo	FFConditionLock	14	0
Flexo	MXF::MXFColorSpace	14	0
Flexo	FFCaptionRendererContainer	14	0
Flexo	NSAttributedString	14	0
Flexo	FFColorLooksPuckControlObject	14	0
Flexo	FFInlineColorBoardUtils	14	0
Flexo	FFLibraryLocations	14	0
Flexo	FFQuery	14	0
Flexo	FFSearchQuery	14	0
Flexo	FFCatalogStore	14	0
Flexo	FFProxyObject	14	0
Flexo	FFConsumerTimelineDFRController	14	0
Flexo	FFMoveMarkerCommand	14	0
Flexo	EDTPipeStoryModelChangesToConsumerOperation	14	0
Flexo	FFDupeModel	14	0
Flexo	FFPrecisionDupeContainerLayer	14	0
Flexo	FFFindCaptionThroughEditsInRowOperation	14	0
Flexo	FFTrimAVAdapter	14	0
Flexo	FFHeBurnInEffect	14	0
Flexo	FFMapLocationChannelValue	14	0
Flexo	FFSegmentationStroke	14	0
Flexo	FFIsolationMaskChannelController	14	0
Flexo	FFCutawayEffects	14	0
Flexo	FFEffectAlertInfo	14	0
Flexo	FFMediaUsageMap	14	0
Flexo	FFCinematicLayer	14	0
Flexo	FFCinematicNameLayer	14	0
Flexo	FFInspectorEffectsSectionController	14	0
Flexo	FFInspectorModuleAudioChannels	14	0
Flexo	FFInspectorBridgeOZViewController	14	0
Flexo	FFMDExternalServiceModule	14	0
Flexo	FFMDAbstractPhotoGroupCell	14	0
Flexo	FFImportMediaSidebarController	14	0
Flexo	FFThumbnailGenerator	14	0
Flexo	FFMultiangleBankButtonCell	14	0
Flexo	FFShareDestinationAppPreviewController	14	0
Flexo	FFShareDestinationHTTPStreamingController	14	0
Flexo	FFTheaterMenuRolloverTableView	14	0
Flexo	FF3DTextVRAMWarning	14	0
Flexo	FFAudioUnitEffectRootChannelController	14	0
Flexo	FFProResRAWUndoState	14	0
Flexo	FFOverlayOSC	14	0
Flexo	FFDestProMSExporter	14	0
Flexo	FFProTimelineContainerLayer	14	0
Flexo	FFUIAction	14	0
Flexo	FFFileBuf	14	0
Flexo	FFSourceAudioSubset	14	0
Flexo	FFStreamVideoOptions	14	0
Flexo	FFCurveEditorSelection	14	0
Flexo	FFAudioCurvesLayer	14	0
Flexo	FFSegmentationMaskEditorSelection	14	0
Flexo	FFMatchReference	14	0
Flexo	FFRollbackRecord	14	0
Flexo	FFSharePanelRolesTreeBuilder_NoRolePreset	14	0
Flexo	NSUserDefaults	14	0
Flexo	SFUBufferedInputStream	14	0
Flexo	SFUZipInflateInputStream	14	0
Flexo	FFLocaleUtilities	14	0
Flexo	FFLogResultsController	14	0
Flexo	Stopwatch	14	0
Flexo	FFSCCCaptionValidator	14	0
Flexo	FFXMLImportDialogController	14	0
Flexo	FFXMLExportDialogController	14	0
Helium	HGComicEdges	14	0
Helium	HGComicQuantize	14	0
Helium	HGComicStrokeAndBlend	14	0
Helium	HGPool::BasePool	14	0
Helium	HGBilateralFilterInterp	14	0
Helium	HGLinearFilter	14	0
Helium	GLPBO	14	0
Helium	HGGLState	14	0
Helium	HGComicStroke	14	0
Helium	HGComicSobelOperator	14	0
Helium	HGComicBilateralFilter	14	0
Helium	HGComicGaussianBlurAndGradientGeneration	14	0
Helium	HGComicColorStroke	14	0
Helium	HGG4U2X<HgcBlur_g4u2>	14	0
Helium	HKErrorContext	14	0
Helium	HKRenderParameters	14	0
ProChannel	OZBezierInterpolator	13	0
ProChannel	OZSplineInterpolator	13	0
ProChannel	OZChannelPositionPercent	13	0
ProChannel	CHChannelScale3D	13	0
ProCore	ProCore_Private::PCBitmapRepDefault	13	0
ProCore	PCCalculus	13	0
ProCore	PCMath	13	0
ProCore	PCTime	13	0
ProCore	PCThread	13	0
ProCore	PCLMSolver	13	0
ProCore	PCGenMatrix<float>	13	0
ProCore	Json::Value::CZString	13	0
ProCore	Json::ValueIteratorBase	13	0
ProCore	PCMapRoute	13	0
Ozone	OZCurveNode	13	0
Ozone	OZBehaviorCurveNode	13	0
Ozone	OZMaterialSpecularLayerSequenceFolder	13	0
Ozone	OZLocking	13	0
Ozone	OZ3DEngineSceneFileImplUSDZ	13	0
Ozone	non-virtual thunk to OZShapeBehavior	13	0
Ozone	OZImageMaskRender	13	0
Ozone	OZLiFilter	13	0
Ozone	OZGradientEnvironment	13	0
Ozone	OZFolderLightVolumeClipPlane	13	0
Ozone	OZOpticalFlow::Analyzer	13	0
Ozone	OZOpticalFlow::Job	13	0
Ozone	OZLayerChildIterator	13	0
Ozone	non-virtual thunk to OZRigBehavior	13	0
Ozone	non-virtual thunk to OZMaterialPaintLayer	13	0
Ozone	OZPlaybackScheduler	13	0
Ozone	OZViewCellOutlineView	13	0
Ozone	OZDFRKerningSliderBarItemController	13	0
Ozone	OZCopyFootage	13	0
Ozone	OZLinkedResourcesController	13	0
Ozone	OZFrameRateController	13	0
Ozone	OZPluginBlockerController	13	0
Ozone	OZDropMenuManager	13	0
Ozone	OZTimelineViewImage	13	0
Ozone	OZSafeZonesOverlay	13	0
Ozone	OZDFRToolSelectionViewController	13	0
Ozone	OZBorderedView	13	0
Ozone	OZRectTool	13	0
Ozone	OZRamCacheProgressController	13	0
Ozone	TBDurationFormatter	13	0
Ozone	OZObjectDragTarget	13	0
Ozone	OZFreeHandMaskTool	13	0
Ozone	OZSetChanController	13	0
Ozone	OZCameraOverlay	13	0
Ozone	OZChannelPosition3DOSC	13	0
Ozone	OZTransform3DHUDController	13	0
Ozone	OZTransform3DHUDButton	13	0
Ozone	OZDFRFontSizeSliderBarItemController	13	0
Ozone	OZFxPlugHostPrivateAPI	13	0
Ozone	OZTimelineCurveEditorModule	13	0
Ozone	OZFontController	13	0
Flexo	OZCurveNode	13	0
Flexo	FFVAMLMatte	13	0
Flexo	FFAudioConstantPlayRateUnit	13	0
Flexo	FFAudioPlaybackBuffer	13	0
Flexo	FFHMDHealthMeter	13	0
Flexo	DecodedFrameCache	13	0
Flexo	FFAudioEffectsBussAnchoredObjectDelegate	13	0
Flexo	FFScopedEffectChain	13	0
Flexo	ausdk::AUScope	13	0
Flexo	AUPullController	13	0
Flexo	AUScoper	13	0
Flexo	FFLock	13	0
Flexo	FFCaptionBurnInSchedToken	13	1
Flexo	FFBalanceColorUserEffect	13	0
Flexo	FFIMovieColorEffect	13	0
Flexo	FFInlineColorBoardImageView	13	0
Flexo	FFPentaSlider	13	0
Flexo	FFColorBalanceParameterController	13	0
Flexo	FFMaskCorrectionParameterController	13	0
Flexo	FFEffectStackEffectChainDelegate	13	0
Flexo	FFLibraryFilesController	13	0
Flexo	FFNamingToken	13	0
Flexo	FFAssetFileDesc	13	0
Flexo	FFImportFileSystemTempSidebarItem	13	0
Flexo	FFMediaResourceMap	13	0
Flexo	FFAnchoredObjectMediaSource	13	0
Flexo	FFShareEMailDestination	13	0
Flexo	FFShareLoadingDestination	13	0
Flexo	FFShareAddDestination	13	0
Flexo	FFShareStompSettingsMap	13	0
Flexo	FFUndoManager	13	0
Flexo	FFConsumerOrganizerDFRController	13	0
Flexo	FFShowHideTimelineLanesDecorator	13	0
Flexo	EDTMediaUsage	13	0
Flexo	EDTPipeClipsToConsumerOperation	13	0
Flexo	FFAnchoredObjectGlobalStartTimeLaneComparator	13	0
Flexo	FFSendUpdateDupesModelDidEndNotificationOperation	13	0
Flexo	FFTimelineMarqueeExtendSelectionFilter	13	0
Flexo	FFTimelineCaptionsIndex	13	0
Flexo	FFTimelineCaptionsIndexFilterPredicateBuilder	13	0
Flexo	FFTimelineClipsIndexEffectsFilterPredicate	13	0
Flexo	FFAudioUnitInfoFromCoreAudio	13	0
Flexo	FFAudioUnitEffectPreset	13	0
Flexo	FFLoudnessAnalyzer	13	0
Flexo	FFSplineMaskEffect	13	0
Flexo	FFSegmentationControlPoint	13	0
Flexo	FFSemanticMaskEnumSettings	13	0
Flexo	FFIsolationQualifierController	13	0
Flexo	FFIsolationQualifierLabelController	13	0
Flexo	FFDestVideoXPC	13	0
Flexo	FFBeatGridLayer	13	0
Flexo	FFProResRAWConversionAdjustmentInfo	13	0
Flexo	FFIMovieIOSImportController	13	0
Flexo	FFAudioComponentsConfigComponentWaveform	13	0
Flexo	FFCinematicDecisionLayer	13	0
Flexo	FFDataListTableView	13	0
Flexo	FFInspectorAudioEffectBrickController	13	0
Flexo	_FFInspectorMediaLastModifiedController	13	0
Flexo	FFInspectorFileInfoMediaExtensionInfoTile	13	0
Flexo	FFInspectorModuleColorMasksHeader	13	0
Flexo	_FFLibraryLocationsController	13	0
Flexo	_FFMetadataFloatMutableItem	13	0
Flexo	_FFMetadataFloatMutableAsTemperatureItem	13	0
Flexo	FFOZChannelBridgeInspectorHostViewController	13	0
Flexo	FFInspectorMaskEffectController	13	0
Flexo	FFOrganizerFilterHUD360TileModule	13	0
Flexo	FFOrganizerFilmstripClusterHeaderLayer	13	0
Flexo	FFMDAllProjectsView	13	0
Flexo	FFMDMusicDataItem	13	0
Flexo	FFMDPhotoLibraryModuleNavigationState	13	0
Flexo	FFImportMediaSidebarCamerasSectionNode	13	0
Flexo	FFImportMediaSidebarMIODeviceConnectionNode	13	0
Flexo	FFMediaSidebarYearNode	13	0
Flexo	FFModifyContentCreationDateWindowController	13	0
Flexo	FFDuplicateCaptionsMenuController	13	0
Flexo	FFShareDestinationVideoResolutionMenuDelegate	13	0
Flexo	FFMediaRefThumbnailContainer	13	0
Flexo	FFTrackingEditorViewModule	13	0
Flexo	FFTitleTextField	13	0
Flexo	FFRotoshapeOSC	13	0
Flexo	CMIOProducerWrapper	13	0
Flexo	FFPlayerHeliumUsageRequest	13	0
Flexo	FFAssetVideoStream	13	0
Flexo	FFBackgroundDeinterlaceProcessorTask	13	0
Flexo	FFZoomTool	13	0
Flexo	FFStreamVideoStreamSharer	13	0
Flexo	FFStreamImageFlattenParameters	13	0
Flexo	FFResponderLayerCheckbox	13	0
Flexo	FFShareDestinationPopover	13	0
Flexo	FFAdjustmentToolSliderCell	13	0
Flexo	FFSyncToHelper	13	0
Flexo	FFDropZonePanScanTool	13	0
Flexo	FFEditPaintTool	13	0
Flexo	FFTrailerClipTrimmerTool	13	0
Flexo	FFCloseBubble	13	0
Flexo	FFSharePanelEditTrackAudioAccessoryViewController	13	0
Flexo	FFSaveRolePresetAsPanel	13	0
Flexo	FFAttachCaptionSetsForEmbeddingOperation	13	0
Flexo	FFShareDataModel	13	0
Flexo	FFShareExportPanelsHelperBatchExport	13	0
Flexo	FFXMLSettingsExporter	13	0
Flexo	SFUMemoryInputStream	13	0
Flexo	FFBGRenderAutoStartInfo	13	0
Flexo	FFRolloverTableView	13	0
Flexo	FFSchedInfo	13	0
Flexo	FFVideoAnalysisCollatedFace	13	0
Flexo	FFXML	13	0
Flexo	FFMediaQualityViewController	13	0
Helium	HGIndirectSampler	13	0
Helium	HGMipmap	13	0
Helium	HGShadowHighlightFast	13	0
Helium	HGComicLookupFilterLUTBitmapResourceImplementation	13	0
Helium	__HGStats_private::StatsTimer	13	0
Helium	HGStats::UnitStatsImpl	13	0
Helium	HGStats::GraphStats	13	0
Helium	HGShaderNode	13	0
Helium	std::__1::basic_filebuf<char, std::__1::char_traits<char>>	13	0
Helium	DepthBufferManager	13	0
Helium	HGTextureWrap	13	0
Helium	HGLogger	13	0
Helium	HGEquirectProject	13	0
Helium	HGBufferDumper	13	0
Helium	HGG4U2X<HgcBlur_g4u2_rect>	13	0
ProChannel	OZChannelDouble	12	0
ProChannel	OZChannelAngle	12	0
ProChannel	OZChannelPositionPercent3D	12	0
ProChannel	OZChannelHelpButton	12	0
ProChannel	CHChannelColor	12	0
ProCore	PCException	12	0
ProCore	PCICCTransferFunctionParametric3	12	0
ProCore	PCHash128	12	0
ProCore	PCSharedCount	12	0
ProCore	PCFxLightWrapOptions	12	0
ProCore	PCXMPStringParser	12	0
ProCore	PCUserDefaultsBroadcaster	12	0
Ozone	OZOpticalFlow::CacheFile	12	0
Ozone	OZFrameIterator	12	0
Ozone	PTTriangle	12	0
Ozone	OZLockingGroup	12	0
Ozone	OZGuideSet	12	0
Ozone	OZSegmentationFrameAPI	12	0
Ozone	OZShapeBehaviorCurveNode	12	0
Ozone	non-virtual thunk to OZCamera	12	0
Ozone	OZ360Camera	12	0
Ozone	OZWriteOnCurveNode	12	0
Ozone	non-virtual thunk to OZLight	12	0
Ozone	OZCanvasState	12	0
Ozone	OZSoftGradientGenerator	12	0
Ozone	OZOpticalFlow::VectorField	12	0
Ozone	non-virtual thunk to OZRig	12	0
Ozone	OZRigWidgetAspectRatio	12	0
Ozone	OZFileSummaryController	12	0
Ozone	OZFramedImageCell	12	0
Ozone	OZLibraryBrowser	12	0
Ozone	OZHUDRovingTip	12	0
Ozone	OZProjectPresetController	12	0
Ozone	OZMaskRectTool	12	0
Ozone	OZViewerDelegate	12	0
Ozone	OZLegacyPluginController	12	0
Ozone	OZRefreshRateWarningPopoverOwner	12	0
Ozone	OZRigWidgetTagsView	12	0
Ozone	OZRigNewAspectRatioWindowCtlr	12	0
Ozone	TMTheme	12	0
Flexo	FFStopwatch	12	0
Flexo	FFOZShapeMaskFolder	12	0
Flexo	FFPMRASLInstrument	12	0
Flexo	FFPMRTeeInstrument	12	0
Flexo	FFAudioOutputIsRunningManager	12	0
Flexo	AudioBufferConverter	12	0
Flexo	FFAudioGraphConcreteRenderSession	12	0
Flexo	FFDestDisplayLinkInfo	12	0
Flexo	CoreMediaMovieReader_Intra	12	0
Flexo	AsynchronousDecodedFrameCache	12	0
Flexo	FFChunkedSampleBufferCache	12	0
Flexo	FFAudioSamplesCache::SubCache	12	0
Flexo	CrossCorrelation	12	0
Flexo	VAMatrixMixer	12	0
Flexo	FFAutoBalance	12	0
Flexo	FFSoftnessSliderCell	12	0
Flexo	FFMotionEffectInfo	12	0
Flexo	FFAnchoredGapGeneratorComponent	12	0
Flexo	FFAssetPreloadTask	12	0
Flexo	FFLibraryBackupChooser	12	0
Flexo	FFRoleImportUtilities	12	0
Flexo	FFShareCNNiReportDestination	12	0
Flexo	FFShareImageSequenceDestination	12	0
Flexo	FFShareHTTPStreamingDestination	12	0
Flexo	FFCollapseClipsCommand	12	0
Flexo	FFTimelineTagsIndex	12	0
Flexo	FFStorylineLock	12	0
Flexo	FFAudioUnitInfoCache_CoreAudio	12	0
Flexo	iMovieCollidingTextLayer	12	0
Flexo	iLifeBezierSolver	12	0
Flexo	FFSemanticTypesAndBuffers	12	0
Flexo	FFTrackerSegment	12	0
Flexo	_FFEffectUIQueue	12	0
Flexo	FFSourceVideoRetimingEffect	12	0
Flexo	FFSimpleMaskEffect	12	0
Flexo	FFAudioBeatDetectionController	12	0
Flexo	FFProxySizing	12	0
Flexo	FFHGFanoutResultInternalBiPlanar	12	0
Flexo	FFImageRepFFTextureBuffer	12	0
Flexo	FFAudioComponentsConfigWaveformLayer	12	0
Flexo	FFCPSMultiEventVC	12	0
Flexo	_FFInspectorPasteboardItem	12	0
Flexo	FFAnimStatusCell	12	0
Flexo	FFInspectorControllerInsertionLineDrawer	12	0
Flexo	FFInspectorEffectsDraggingContext	12	0
Flexo	FFInspectorModuleColorMasksChannels	12	0
Flexo	FFInspectorModuleVideoChannels	12	0
Flexo	FFInspectorParameterCellView	12	0
Flexo	FFColumnSetRepositoryWatcher	12	0
Flexo	FFOrganizerFilterHUDTileModule	12	0
Flexo	FFTimeRangesAndAsset	12	0
Flexo	FFFilmstripBezelLayer	12	0
Flexo	FFImportLocationPopUpController	12	0
Flexo	FFMDITunesBaseModule	12	0
Flexo	FFMDPhotosAssetCollectionListQuery	12	0
Flexo	FFSkimmingLensModule	12	0
Flexo	FFSegmentationMaskEditorViewModule	12	0
Flexo	FFShareDestinationVideoPresetsMaker	12	0
Flexo	FFShareDestinationVideoResolutionFormatter	12	0
Flexo	FFTheaterNetworkReachabilityManager	12	0
Flexo	FFVideoScopesHistogramView	12	0
Flexo	FFBackgroundTaskQueue_ModalHelper	12	0
Flexo	FFRiggedAudioChannelFolderLabelController	12	0
Flexo	FF360TransformEffectOSC	12	0
Flexo	FFSourceVideoDeinterlace	12	0
Flexo	FFTimedMetadataRequestInternal	12	0
Flexo	FFType1DisparityMetadataExtractor	12	0
Flexo	FFSourceVideoOffline	12	0
Flexo	FFCaptionLanesBackgroundLayer	12	0
Flexo	FFFileReader	12	0
Flexo	FFStreamVideoSimpleSourceRotate	12	0
Flexo	FFPassThruScheduleToken	12	0
Flexo	FFSystemEventGenerator	12	0
Flexo	FFVAMLImageContainer	12	0
Flexo	FFSharePanelRolesListHeaderBrickViewController	12	0
Flexo	FFQTMovieExportController	12	0
Flexo	FFSelectClosedCaptionsRoleInfoView	12	0
Flexo	FFTranscribeToSubtitlesCommand	12	0
Flexo	FFTranscriptPhrase	12	0
Flexo	FFDateParsingContext	12	0
Flexo	FFAudioPreprocessorAnalysis	12	0
Flexo	FFAudioBufferListObject	12	0
Flexo	SFUDataRepresentation	12	0
Flexo	SFUFileInputStream	12	0
Flexo	FFAssetUseReceptionist	12	0
Flexo	FFDirectoryItem	12	0
Flexo	FFEffectBrowserSearchField	12	0
Flexo	FFNotificationCenter	12	0
Flexo	FFPhaseCounterWithCallback	12	0
Flexo	FFSCCCaptionTimingValidatorHolder	12	0
Flexo	FFXMLPasteboardItem	12	0
Flexo	FFXMLTranslationEventClipsExporter	12	0
Flexo	FFEditAction	12	0
Helium	HGChromaticAdapter	12	0
Helium	HGStats::GraphStatsImpl	12	0
Helium	DBM_cpu	12	0
Helium	HGHLG::OETF	12	0
Helium	HGCanonLogToneCurveLUTInfo	12	0
Helium	ROIStatIO	12	0
Helium	HGIQA::IQAFile	12	0
Helium	HGConvolutionShader	12	0
Helium	HGTW::HGTextureWrapClampToEdge	12	0
Helium	HGTW::HGTextureWrapClampToColor	12	0
Helium	HGNodeWithDepth	12	0
Helium	HGLensDistort_distort_kernel	12	0
Helium	HGLensDistort_undistort_kernel	12	0
Helium	HgcDither_CPU_NoClamp	12	0
Helium	HgcDither_CPU	12	0
Helium	HKHGCFilter	12	0
Helium	HKDebugParameters	12	0
Helium	HKGenerator	12	0
ProChannel	CHChannelGradientFolder	11	0
ProCore	PCFileWriteStream	11	0
ProCore	void doDynamicRangeTransform<PCColorUtil::transformColorWithDynamicRange(PCColorUtil::Buffer const&, PCColorUtil::Buffer&, PCToneMapMethod const&)	11	0
ProCore	PCICCTransferFunctionParametric2	11	0
ProCore	PCBinaryXMLField	11	0
ProCore	std::__1::basic_regex<char, std::__1::regex_traits<char>>	11	0
ProCore	PCH264Parser	11	0
ProCore	CVRPathRegistry_Public	11	0
ProCore	HMDFramerate	11	0
Ozone	OZChannelBase	11	0
Ozone	OZSceneList	11	0
Ozone	non-virtual thunk to OZTransformNode	11	0
Ozone	OZRetimingUtil::RetimingExaminerTemplate<OZAudioTrack>	11	0
Ozone	OZRetimingUtil::RetimingExaminerTemplate<OZImageElement>	11	0
Ozone	OZRetimingUtil::RetimingExaminerTemplate<OZCloneGenerator>	11	0
Ozone	OZRetimingUtil::RetimingExaminerTemplate<OZ3DEngineSceneElement>	11	0
Ozone	OZProcessControl	11	0
Ozone	non-virtual thunk to OZMotionToForcesBehavior	11	0
Ozone	OZLiCachingDelegate	11	0
Ozone	non-virtual thunk to OZImageGenerator	11	0
Ozone	XMLGetProjectInfo	11	0
Ozone	non-virtual thunk to OZMaterialFresnelLayer	11	0
Ozone	non-virtual thunk to OZRotoMask	11	0
Ozone	OZAudioCacheItem	11	0
Ozone	non-virtual thunk to OZAudioBehavior	11	0
Ozone	non-virtual thunk to OZSegmentationMask	11	0
Ozone	OZMaskComp	11	0
Ozone	OZLiFxGenerator	11	0
Ozone	OZChannelRetimeFrame	11	0
Ozone	OZOpticalFlow::Private::Stats	11	0
Ozone	OZChannelImageForImageWithOptions	11	0
Ozone	OZFootageScheduler	11	0
Ozone	OZHGRenderNode	11	0
Ozone	OZChannelFont	11	0
Ozone	OZSegmentationMaskHUDController	11	0
Ozone	OZCopyFootageOperation	11	0
Ozone	OZGridOverlay	11	0
Ozone	OZFilmZonesOverlay	11	0
Ozone	OZLibraryPreviewCtrl	11	0
Ozone	OZHistogramCallback	11	0
Ozone	OZMaskCircleTool	11	0
Ozone	OZFxPlugCustomParameterActionAPI	11	0
Ozone	OZAlignBehaviorEnumController	11	0
Ozone	OZConvertProjectToXControllerBase	11	0
Flexo	OZChannelBase	11	0
Flexo	_FFModelLocker	11	0
Flexo	FFShapeCurveNode	11	0
Flexo	FFBufferedNode	11	0
Flexo	FFAudioScrubBallisticsMgr	11	0
Flexo	FFPlaybackCounters	11	0
Flexo	FFVideoDecoderTable	11	0
Flexo	VideoCodecsRegistration	11	0
Flexo	FFAudioSamplesCache::Request	11	0
Flexo	Correlation	11	0
Flexo	STScheduledEventQueue	11	0
Flexo	FFPurgeableAudioBufferList	11	0
Flexo	FFOZObservableFolder	11	0
Flexo	Synchronizable	11	0
Flexo	MXF::MXFBuildIndexClipWrapped	11	0
Flexo	FFCaptionEditorTextView	11	0
Flexo	FFColorMaskTool	11	0
Flexo	FFInlineColorBoardPuckInfoLegendView	11	0
Flexo	FFInlineColorBoardView	11	0
Flexo	FFAudioComponentsLayoutItemLookupKey	11	0
Flexo	FFTimingMetadataEntry	11	0
Flexo	FFLibraryWorkQueue	11	0
Flexo	FFModelCache	11	0
Flexo	FFObjectDictKeyValue	11	0
Flexo	FFVolumeDFRSlider	11	0
Flexo	FFCrossFadeUtilities	11	0
Flexo	EDTIdentifier	11	0
Flexo	FFTimelineClipsIndex	11	0
Flexo	FFLegacyTrimAdapter	11	0
Flexo	FFAlignEditsOperation	11	0
Flexo	FFResolveCollisionsOperation	11	0
Flexo	FFTimelineEditorNotifier	11	0
Flexo	FFTimelineLayerTitleUpdateRequest	11	0
Flexo	PETimelineLayoutMetrics	11	0
Flexo	FFHeSideBySideEffect	11	0
Flexo	FFSemanticMaskEffect	11	0
Flexo	iMovieLayoutParentLayer	11	0
Flexo	FFSuperEllipseMaskEffect	11	0
Flexo	_FFColorIsolationDelegate	11	0
Flexo	SMEvent	11	0
Flexo	FFEllipseMaskChannelController	11	0
Flexo	FFSegmentationAnalysisTask	11	0
Flexo	FFCustomCameraLUTProcessingInfo	11	0
Flexo	FFLogProcessingInfo	11	0
Flexo	FFAudioComponentsConfigSummaryTile	11	0
Flexo	FFEffectPickerWindowController	11	0
Flexo	FFExternalProviderCrashingViewController	11	0
Flexo	FFExternalProviderHostingViewController	11	0
Flexo	FFInspectorLabelParameterContext	11	0
Flexo	FFInspectorModuleAudioProperties	11	0
Flexo	_FFMetadataCameraLUTItem	11	0
Flexo	_FFProjectPropertiesItem	11	0
Flexo	FFMDMediaGroup	11	0
Flexo	FFMediaSidebarFolderNode	11	0
Flexo	FFPasteEffectsMoveKeyframesInfo	11	0
Flexo	FFRetimeEditorSelection	11	0
Flexo	FFRoleColorEnableButton	11	0
Flexo	FFMainRoleTableCellView	11	0
Flexo	FFShareDestinationAudioPresetsMenuMaker	11	0
Flexo	FFShareDestinationOptimalVideoResolutionDeterminer	11	0
Flexo	FFShareDestinationEMailController	11	0
Flexo	FFTheaterQuality	11	0
Flexo	NSURL	11	0
Flexo	FFWaveformGraticuleLayer	11	0
Flexo	FFVideoScopesLayer	11	0
Flexo	FFConsolidateEventsRequiredSpaceOperation	11	0
Flexo	FFConsolidateSequencesRequiredSpaceOperation	11	0
Flexo	_REDRAWPropertyChangeController	11	0
Flexo	FFOrganizedLaneArranger	11	0
Flexo	OMKeyerOscSetup	11	0
Flexo	FFTimelinePlaybackRoles	11	0
Flexo	FFProTimelineView	11	0
Flexo	FFFadeHandlesLayer_ObjectUpdater	11	0
Flexo	FFMediaRefChannelPickerTool	11	0
Flexo	FFAnchoredAngleProvider	11	0
Flexo	FFAnchoredAngleVideoStream	11	0
Flexo	FFAnchoredClipVideoStream	11	0
Flexo	FFNonDataModelOverridesForEffects	11	0
Flexo	FFSourceVideoSimpleSourceRotate	11	0
Flexo	FFImportMarkerManager	11	0
Flexo	FFResponderLayerDisclosureButton	11	0
Flexo	FFFadeHandlesLayerObjectUpdater	11	0
Flexo	FFTrackingEditorSelection	11	0
Flexo	FFVAMLDebugMenu	11	0
Flexo	FFConsumerShareDestinationPopover	11	0
Flexo	FFAudioMatchHandler	11	0
Flexo	FFAudioMatchHelper	11	0
Flexo	FFShareDisabledRolesViewController	11	0
Flexo	FFSharePanelAudioChildBrickMultiple	11	0
Flexo	FFBrickFixedHeightBarView	11	0
Flexo	FFSharePanelBrickViewController	11	0
Flexo	FFSharePanelCaptionsParentBrickViewController	11	0
Flexo	FFSharePanelEditTrackCaptionsSheetViewController	11	0
Flexo	FFTranscriptSemanticIndexer	11	0
Flexo	SFUFileOutputStream	11	0
Flexo	SFUZipArchiveMemoryDataRepresentation	11	0
Flexo	FFAssetMediaStatus	11	0
Flexo	FFBufferPool	11	0
Flexo	FFLibraryPickerPanel	11	0
Flexo	FFSafeSave	11	0
Flexo	VerticalImageCache	11	0
Flexo	_FFAutoReframeTrackAnalysis	11	0
Flexo	FFSceneDetectionResult	11	0
Flexo	_FFSceneDetectionAnalysis	11	0
Flexo	MXFSourceComponent	11	0
Helium	HGMetalCounterSet	11	0
Helium	HGOpticalFlowEffect	11	0
Helium	HGGLBuffer	11	0
Helium	HGApplyNDLUTInfo	11	0
Helium	HGTexturePoolHandleImpl	11	0
Helium	HGMetalTexturePool	11	0
Helium	HGHLG::InverseOETF	11	0
Helium	HGACEScct::Decode	11	0
Helium	HGARRILogC4::Encode	11	0
Helium	HGGPUComputeDevice	11	0
Helium	HGColorClamp	11	0
Helium	HGGamutMap	11	0
Helium	HGMetalHeapPool	11	0
Helium	HGMetalHeapTexturePool	11	0
Helium	HGLocalTiling	11	0
Helium	HGMetalBufferPool	11	0
Helium	HGSynchronizable	11	0
Helium	HGRasterizerAntiAliasingImplementation	11	0
Helium	HGOutputClamp	11	0
Helium	HGMemoryManager	11	0
Helium	HGLensDistort_kernel	11	0
Helium	MinMax::MMNode<(MinMax::Mode)0, (MinMax::Axis)0>	11	0
Helium	MinMax::MMNode<(MinMax::Mode)0, (MinMax::Axis)1>	11	0
Helium	MinMax::MMNode<(MinMax::Mode)1, (MinMax::Axis)0>	11	0
Helium	MinMax::MMNode<(MinMax::Mode)1, (MinMax::Axis)1>	11	0
Helium	HKRenderer	11	0
Helium	HKApply3DLut	11	0
ProChannel	OZChannelShearAngle	10	0
ProChannel	CHCompoundChannel	10	0
ProCore	PCFileReadStream	10	0
ProCore	PCEvaluator	10	0
ProCore	PCICCTransferFunctionParametric1	10	0
ProCore	PCBufferReadStream	10	0
ProCore	cc::tfreader_t	10	0
ProCore	cc::lut_t	10	0
ProCore	cc_rtheta	10	0
ProCore	PCSweepline	10	0
ProCore	PCBinaryTree<PCEdgeSegment>	10	0
ProCore	Json::CharReaderBuilder	10	0
ProCore	PCDispatchLock	10	0
ProCore	PCSignpostEmitter	10	0
ProCore	NSString	10	0
Ozone	non-virtual thunk to OZAudioTrack	10	0
Ozone	OZResIndependentRender	10	0
Ozone	virtual thunk to OZResIndependentRender	10	0
Ozone	non-virtual thunk to OZAudioLayer	10	0
Ozone	non-virtual thunk to OZMaterialDistressLayer	10	0
Ozone	OZPasteEntry	10	0
Ozone	OZCollisionBehavior	10	0
Ozone	OZFxPlugImageConverter	10	0
Ozone	XMLtoPasteBoard	10	0
Ozone	OZHashCacheItem	10	0
Ozone	OZSnowflakeReplacementEffect	10	0
Ozone	OZImageNodeRender	10	0
Ozone	OZImageNodeRender360	10	0
Ozone	OZ3DEngineCore	10	0
Ozone	OZNodeCamera	10	0
Ozone	non-virtual thunk to OZImageEnvironment	10	0
Ozone	OZFFMediaRefRender	10	0
Ozone	OZHGUserJob	10	0
Ozone	OZFontManager	10	0
Ozone	non-virtual thunk to OZTextLayout	10	0
Ozone	OZInspectorKeyView	10	0
Ozone	OZTimebarView	10	0
Ozone	OZLayerEnableCell	10	0
Ozone	OZFxPlugColorGamutHandler	10	0
Ozone	OZViewCellOutlineColumn	10	0
Ozone	OZViewCellTableColumn	10	0
Ozone	OZViewCellTableView	10	0
Ozone	OZAffectedNodesController	10	0
Ozone	OZLibraryPresetsButton	10	0
Ozone	OZEnableFolderParamCtrl	10	0
Ozone	OZRamCacheRenderCompletion	10	0
Ozone	OZImageSequenceProgressController	10	0
Ozone	TMScrollView	10	0
Ozone	TMTemplate	10	0
Ozone	OZMissingFootageDelegate	10	0
Ozone	OZImportMediaAsDocumentDelegate	10	0
Ozone	OZTimeReverseController	10	0
Ozone	OZCanvasDivider	10	0
Ozone	NSURL	10	0
Ozone	OZFxLightingAPIHandler	10	0
Ozone	_OZToolbarSegmentObject	10	0
Ozone	OZMotionRotoOSC	10	0
Ozone	OZMotionSuperEllipseOSC	10	0
Ozone	OZMotionRectangleOSC	10	0
Ozone	TMHeaderCell	10	0
Ozone	OZProjectObjectCtlr	10	0
Ozone	OZFontMenuImageCacheBuilder	10	0
Flexo	FFOZVideoTrackerFolder	10	0
Flexo	FFStreamFlexMusicBuffer	10	0
Flexo	FFCachesForRepeatedRetimingCalculations	10	0
Flexo	FFPRRawSdkRenderer	10	0
Flexo	FFAudioDeviceIdleManager	10	0
Flexo	FFAudioRetimingBuffer	10	0
Flexo	FFAudioRetimingUnit	10	0
Flexo	FFOSCDrawDestination	10	0
Flexo	FFAVFCompositionVideoCursor	10	0
Flexo	FFVideoDecoder	10	0
Flexo	FFAudioEffectsBuss::GainStageChannelChaserDelegate	10	0
Flexo	dftPhaseCorrelation	10	0
Flexo	DspLibBiquad	10	0
Flexo	FFThreadLocalCounterSupport	10	0
Flexo	FFThreadLocalInfoStringBagSupport	10	0
Flexo	WorkerThreadRunnable	10	0
Flexo	WorkerThread	10	0
Flexo	FFWorkerQueue	10	0
Flexo	MXF::MXFBuildIndexConstantDurationCustomWrapped	10	0
Flexo	MXF::MXFBuildIndexCBRNoIndex	10	0
Flexo	MXF::MXFBuildIndex	10	0
Flexo	Hgc2CopyAlpha	10	0
Flexo	HgcColorLinearizeAlpha	10	0
Flexo	HgcColorGammaCorrectAlpha	10	0
Flexo	FFDuplicateCaptionsToSubtitlesCommand	10	0
Flexo	FFInlineColorBoardPuckInfoScrubber	10	0
Flexo	FFColorFolderParameterController	10	0
Flexo	FFContentInfo	10	0
Flexo	FFAnchoredKeywordMarker	10	0
Flexo	FFAnchoredMarkerMetadataHelper	10	0
Flexo	FFAudioFadeUtilities	10	0
Flexo	FFBlindDataCustomUIChannelController	10	0
Flexo	FFChannelObjectReference	10	0
Flexo	FFAudioComponentsConfigLayout	10	0
Flexo	FFLibraryContext	10	0
Flexo	FFAssetCameraLUTMonitor	10	0
Flexo	FFObjectID	10	0
Flexo	FFSharePixelmatorDestination	10	0
Flexo	FFSharingCustomToken	10	0
Flexo	FFCoder	10	0
Flexo	FFMediaSidebarDFRController	10	0
Flexo	FFTimelineIndexClipsDupeIndicatorTableRowView	10	0
Flexo	FFVerticalNudgeIterator	10	0
Flexo	FFEditingModelCoordinatorToLibraryLockAdapter	10	0
Flexo	FFEditingModelCoordinatorToModelCoordinatorAdapter	10	0
Flexo	FFCreateMulticamCommand	10	0
Flexo	FFReloadOperationDelegate	10	0
Flexo	FFBeginnerStoryTimelinePresentation	10	0
Flexo	FFEnableRolesPlaybackCommand	10	0
Flexo	FFRevealStoryItemComponentsOperation	10	0
Flexo	FFToggleOrganizeByRoleOperation	10	0
Flexo	FFAudioUnitEffectPresetMenuItem	10	0
Flexo	FFAudioUnitEffectPresetMenuBuilder	10	0
Flexo	FFEDELWrapper	10	0
Flexo	FFSegmentationMaskEffect	10	0
Flexo	FFGlobeMapEffect	10	0
Flexo	FFMapLocationChannelController	10	0
Flexo	iMovieTemplateTextLayer	10	0
Flexo	iLifeMathHelpers	10	0
Flexo	FFPencilGroupController	10	0
Flexo	SMRange	10	0
Flexo	FFVideoTrackerEffectOSC	10	0
Flexo	FFMaskBaseAnimStateCell	10	0
Flexo	FFMaskBaseChannelController	10	0
Flexo	FFAnalysisRequest	10	0
Flexo	FFSchedTokenLoadMLModel	10	0
Flexo	FFHQOpticalFlowFramesInfo	10	0
Flexo	FFBeatGridItemViewModel	10	0
Flexo	FFBeatGridUserSettings	10	0
Flexo	FFAssetTranscodeStatus	10	0
Flexo	FFHGAsyncCustomJob	10	0
Flexo	FFHGFanoutResultBypass	10	0
Flexo	FFAddEffectComponentChooserComponentRoleView	10	0
Flexo	FFAudioComponentsConfigMixdownView	10	0
Flexo	FFAudioComponentsConfigPopUpButton	10	0
Flexo	FFCPSShadowView	10	0
Flexo	FFDataListLanesParentRoleLabel	10	0
Flexo	FFDataListPlayheadView	10	0
Flexo	FFEffectLibraryDividerView	10	0
Flexo	_FFLabelParameterRowController	10	0
Flexo	FFInspectorLabelParameterContainerController	10	0
Flexo	FFInspectorLabelParameterCollapsableContainerController	10	0
Flexo	FFInspectorTokenParameterController	10	0
Flexo	_FFInspectorDraggableView	10	0
Flexo	FFInspectorBaseController	10	0
Flexo	FFInspectorControllerDrawSegmentPadding	10	0
Flexo	FFInspectorControllerUpdateDrawer	10	0
Flexo	_FFMetadataItem	10	0
Flexo	_FFProjectPropertiesNotesItem	10	0
Flexo	FFInspectorModuleSplitProperties	10	0
Flexo	FFInspectorModuleVideoEffect	10	0
Flexo	FFFinalCutProTimelineCurvesEditor	10	0
Flexo	FFVolumeSidebarProvider	10	0
Flexo	FFMediaDetailContainerViewContainerView	10	0
Flexo	FFOrganizerFilterHUDHasAnalysisTileModule	10	0
Flexo	FFBackgroundTaskProgressListner	10	0
Flexo	FFOrganizerFilmstripModuleUtils	10	0
Flexo	FFOrganizerImportDropResponderLayerHostView	10	0
Flexo	FFMDPhotoGroupCell	10	0
Flexo	FFImportMediaSidebarDevicesSectionNode	10	0
Flexo	FFImportMediaSidebarFavoritesSectionNode	10	0
Flexo	FFProjectExtrasExternalMediaServiceNode	10	0
Flexo	FFAudioEffectEditorAudioUnitDelegate	10	0
Flexo	FFAudioEffectEditorEffectBundleDelegate	10	0
Flexo	FFShareDestinationCompressorController	10	0
Flexo	FFShareDestinationPotentialVideoResolutionConverter	10	0
Flexo	FFShareDestinationVideoPresetsMakerFactory	10	0
Flexo	FFShareDestinationWebController	10	0
Flexo	FFTheaterDeprecationMessageMaker	10	0
Flexo	FFWaveformYUnitTextLayer	10	0
Flexo	_FFDestVideoScopesMetalPainter	10	0
Flexo	FFAddEffectBundleSnapshotWindowController	10	0
Flexo	FFConsolidateTaskSerializer	10	0
Flexo	FFPRRawXpcData	10	0
Flexo	FFPRRawXpcSettingsData	10	0
Flexo	FFRAWProcessorUndoState	10	0
Flexo	FFMovableTitleOSC	10	0
Flexo	FFPMRScreenRefreshReporter	10	0
Flexo	FFDestDropInfo	10	0
Flexo	FFPlayerSchedTokenQueue	10	0
Flexo	FFAnchoredComponentVideoStream	10	0
Flexo	FFStreamVideoCG	10	0
Flexo	FFMediaExtensionInfo	10	0
Flexo	FFStreamTimedMetadataFig	10	0
Flexo	FFAnchoredSequenceConfirmSettingsModule	10	0
Flexo	FFHandTool	10	0
Flexo	FFAnchoredClipProvider	10	0
Flexo	FFPrerollBatch	10	0
Flexo	FFSourceVideoFrameExtraction	10	0
Flexo	FFSourceVideoStreamSharer	10	0
Flexo	FFScheduleTokenGroup	10	0
Flexo	FFVideoCurvesLayer	10	0
Flexo	FFCSDestinationPopoverViewController	10	0
Flexo	FFColorMatchHandler	10	0
Flexo	FFMediaRefChannelPickerHandler	10	0
Flexo	_FFColorMatchHelperRecord	10	0
Flexo	FFSharePanelCaptionsChildBrickViewController	10	0
Flexo	FFSharePanelMultitrackParentBrickViewController	10	0
Flexo	FFCaptionMenuMaker	10	0
Flexo	FFFuture	10	0
Flexo	FFTranscriptionResultHandler	10	0
Flexo	FFAudioWaveformGenerator	10	0
Flexo	FFSegmentWriteSample	10	0
Flexo	FFSegmentStoreFile	10	0
Flexo	FFPasteboardTaskDelegate	10	0
Flexo	FFPasteboardPhotoKitDelegate	10	0
Flexo	SFUZipArchiveFileDataRepresentation	10	0
Flexo	CHChannelBase	10	0
Flexo	FFEventFilter	10	0
Flexo	FFGroupedMessageAlert	10	0
Flexo	FFTimecodeFormatter	10	0
Flexo	FFUserNotificationDelegate	10	0
Flexo	FFXMLConsumerExport	10	0
Flexo	FFXMLTranslationEventsExporter	10	0
Flexo	MXFP2XMLParserDelegate	10	0
Helium	HGParamField	10	0
Helium	HGTraversal::RecursiveTraversal<(HGTraversal::NodeInput)1, (HGTraversal::InputOrder)0>::Visitor	10	0
Helium	HgcApply1DLUT	10	0
Helium	__HGStats_private::StatsProfile	10	0
Helium	SimplePoolingPolicy	10	0
Helium	HGTextureManager::TextureInfo	10	0
Helium	HGAnaglyph	10	0
Helium	HGPool::GroupServicingPolicy	10	0
Helium	__HGStats_private::operator<<(std::__1::basic_ostream<char, std::__1::char_traits<char>>&, __HGStats_private::StatsOut	10	0
Helium	HGOverwrite	10	0
Helium	HGACEScct::Encode	10	0
Helium	HGCVGLTextureFactory	10	0
Helium	HGBMDFilmLinearizationLUTInfo	10	0
Helium	HGSampleRectStat	10	0
Helium	HGARBHandler	10	0
Helium	HGLodPreFilter	10	0
Helium	HGDenoisePDEIteration	10	0
Helium	HGBilateralFilter	10	0
Helium	HGMetalSharedEvent	10	0
Helium	LensParams	10	0
Helium	HGLevels	10	0
Helium	HGCropNode	10	0
Helium	HKTransform	10	0
Helium	HKColorConform	10	0
Helium	HKColorControl	10	0
ProChannel	OZChannelUint32	9	0
ProChannel	OZChannelAspectRatio	9	0
ProChannel	OZChannelAspectRatioFootage	9	0
ProChannel	OZChannelGammaFootage	9	0
ProChannel	OZChannelUint16	9	0
ProChannel	OZChannelSeed	9	0
ProChannel	OZChannelDecibel	9	0
ProChannel	OZChannelFrame	9	0
ProChannel	OZChannelTimecode	9	0
ProChannel	OZSplineState	9	0
ProChannel	OZCardinalInterpolator	9	0
ProChannel	OZConstantInterpolator	9	0
ProChannel	OZInterpolators	9	0
ProChannel	OZLinearInterpolator	9	0
ProChannel	OZQuaternionCubicInterpolator	9	0
ProChannel	CHChannelTransformSwitch	9	0
ProChannel	CHChannelObjectRootBase	9	0
ProChannel	CHChannelLevels	9	0
ProCore	std::__1::__function::__func<PCCFRef<vImageConverter*> (*)(PCCFRef<CGColorSpace*> const&, PCColorUtil::AlphaFormat, PCCFRef<CGColorSpace*> const&, PCColorUtil::AlphaFormat), PCCFRef<vImageConverter*> (PCCFRef<CGColorSpace*>, PCColorUtil::AlphaFormat, PCCFRef<CGColorSpace*>, PCColorUtil::AlphaFormat)>	9	0
ProCore	PCICCTransferFunctionLUT	9	0
ProCore	PCMutex	9	0
ProCore	PC_Sp_counted_base	9	0
ProCore	PCRenderModel	9	0
ProCore	std::__1::__function::__func<bool (*)((anonymous namespace)::EquivalenceKey const&), bool ((anonymous namespace)::EquivalenceKey const&)>	9	0
ProCore	std::__1::__function::__func<PCHash128 (*)(PCColorSpaceHandle const&), PCHash128 (PCColorSpaceHandle const&)>	9	0
ProCore	Json::StreamWriterBuilder	9	0
ProCore	PCFeatureFlags	9	0
Ozone	OZFactoryBase	9	0
Ozone	OZSceneArrangement	9	0
Ozone	std::__1::__function::__func<OZScene::createLayerDistributor()::$_0, void (OZChannelObjectRoot*, PCTimeRange)>	9	0
Ozone	non-virtual thunk to OZAudioMasterTrack	9	0
Ozone	non-virtual thunk to OZFootageLayer	9	0
Ozone	OZSimStateElement	9	0
Ozone	XMLtoFactoryIDs	9	0
Ozone	XMLtoFactoryBase	9	0
Ozone	OZRotoMask	9	0
Ozone	OZSnowflakeReplacementGenerator	9	0
Ozone	non-virtual thunk to OZMotionPathBehavior	9	0
Ozone	OZRotoshapeRender	9	0
Ozone	virtual thunk to OZImageNodeRender	9	0
Ozone	non-virtual thunk to OZMaterialBumpMapLayer	9	0
Ozone	non-virtual thunk to OZLockingElement	9	0
Ozone	OZMetalGradientRadial	9	0
Ozone	OZLiHeFilter	9	0
Ozone	OZLiGenerator	9	0
Ozone	OZCropOSC_UIComponent	9	0
Ozone	OZMEChannelTimeConverter	9	0
Ozone	OZSyncSoundPlaybackClock	9	0
Ozone	OZPanTool	9	0
Ozone	OZConvertProjectToTransitionController	9	0
Ozone	OZSmartGuidesOverlay	9	0
Ozone	OZViewerSnaps	9	0
Ozone	OZSegmentationControlPoint	9	0
Ozone	OZHistogramEditor	9	0
Ozone	OZMoveableImageDragTarget	9	0
Ozone	OZSegmentationViewerDelegate	9	0
Ozone	OZPixelAspectFootageController	9	0
Ozone	OZMotionPathVertexController	9	0
Ozone	OZAlbumLibEntry	9	0
Ozone	OZPlayListLibEntry	9	0
Ozone	OZLibraryEntryCommon	9	0
Ozone	OZShapeToolOptions	9	0
Ozone	OZGammaFootageController	9	0
Ozone	OZMoFolderLabelCtlr	9	0
Ozone	OZDFRProjectNavigatorDimmedOutsidePlayRangeView	9	0
Ozone	OZChannelMaterialMapTransformController	9	0
Ozone	OZDFRTextToggle3DViewController	9	0
Ozone	OZFxPixelTransformsHandler	9	0
Ozone	OZDistributeLayersButton	9	0
Ozone	OZCreateWidgetCtlr	9	0
Ozone	OZListAlert	9	0
Ozone	OZSaveController	9	0
Ozone	OZLibraryHistoryEntry	9	0
Ozone	OZRigEditWindowCtlr	9	0
Ozone	OZDFRProjectNavigatorFrameViewController	9	0
Ozone	OZLibraryInspectorContainerModule	9	0
Ozone	OZProjCtlrDelegate	9	0
Ozone	OZProViewModule	9	0
Flexo	FFAUEventHandlerMediator	9	0
Flexo	FFEffectCountsTracker	9	0
Flexo	HGLazyBitmapLoader	9	0
Flexo	std::__1::basic_stringbuf<char, std::__1::char_traits<char>, std::__1::allocator<char>>	9	0
Flexo	std::__1::__function::__func<accumulateMD5Data(std::__1::vector<long long, std::__1::allocator<long long>>&, NSDictionary*)::$_0, void (objc_object*)>	9	0
Flexo	FFPMRMixedXMLInstrument	9	0
Flexo	FFPMRConsoleInstrument	9	0
Flexo	FFPMRNoOpInstrument	9	0
Flexo	FFAudioPlaybackSkipStylePlaybackBuffer	9	0
Flexo	FFAudioRecorder_macOS	9	0
Flexo	DecodedFrameCacheTable	9	0
Flexo	FFCMMRH26xByteStreamHelper	9	0
Flexo	FFFastFrameHeaderDecoder	9	0
Flexo	std::__1::__function::__func<std::__1::__bind<void (FFFigStreamMutex::*)(FFFigStreamMutex::FFSignPostReason), FFFigStreamMutex*, FFFigStreamMutex::FFSignPostReason&>, void ()>	9	0
Flexo	std::__1::__function::__func<std::__1::__bind<void (FFFigStreamMutex::*)(), FFFigStreamMutex*>, void ()>	9	0
Flexo	std::__1::__function::__func<void (*)(float&, float&, float&), void (float&, float&, float&)>	9	0
Flexo	LTCParser	9	0
Flexo	FFScopedInternalUnitEffect	9	0
Flexo	std::__1::__function::__func<FFScopedVoiceIsolationEffect::BuildExternalUnitPostRenderFunc(unsigned int, FFScopedExternalUnitEffect::ExternalUnitRenderLocation)::$_0, void (unsigned int*, AudioTimeStamp const*, unsigned int, unsigned int, AudioBufferList*)>	9	0
Flexo	AUCallbackGainStage	9	0
Flexo	FFCompressionSessionCallbackRef	9	0
Flexo	FFMemoryPressureTracker	9	0
Flexo	Thread	9	0
Flexo	std::__1::__function::__func<std::__1::__bind<void (FFDestAnalyzerSynchronizer::*)() const, FFDestAnalyzerSynchronizer const*>, void ()>	9	0
Flexo	FFCaptionTextSearchResult	9	0
Flexo	FFCaptionFileManager	9	0
Flexo	FFColorAnalysisOC	9	0
Flexo	FFColorLooksListItem	9	0
Flexo	FFHistoAnalysis	9	0
Flexo	FFColorMatchToLabelController	9	0
Flexo	FFColorMatchToParameterController	9	0
Flexo	FFShareKeyConverter	9	0
Flexo	FFSourceFlexMusic	9	0
Flexo	FFLibraryDocumentUpdateSession	9	0
Flexo	FFUpdateProjectsIntoHiddenEvents	9	0
Flexo	FFObjectMergeDescription	9	0
Flexo	FFNamingPresetManager	9	0
Flexo	FFAudioSyncHelper	9	0
Flexo	FFAutomaticAudioProcessingBackgroundTaskTarget	9	0
Flexo	FFAutomaticAudioProcessingMgr	9	0
Flexo	FFProjectInfo	9	0
Flexo	FFShareCompressorDestination	9	0
Flexo	FFShareAppPreviewDestination	9	0
Flexo	FFRoleEditorDFRController	9	0
Flexo	FFFindAdjacentEdgesAlignedInTimeOperation	9	0
Flexo	FFStorylineItemEdge	9	0
Flexo	FFDetachAudioCommand	9	0
Flexo	FFUpdateDupesOperationFactory	9	0
Flexo	FFCaptionRolesAndIndexKey	9	0
Flexo	FFStoryLaneEnumerator	9	0
Flexo	FFTrimEndOperation	9	0
Flexo	FFTrimStartOperation	9	0
Flexo	FFAlignAudioToVideoOperation	9	0
Flexo	FFHideStoryItemComponentsOperation	9	0
Flexo	FFItemTitlesPipeOperation	9	0
Flexo	FFOpenInTimelineOperation	9	0
Flexo	FFAudioEffectUserPresetsMediator	9	0
Flexo	FFMapStyleButtonCell	9	0
Flexo	iMovieTiledImageLayer	9	0
Flexo	AutoEncodeDecodeObject	9	0
Flexo	Vector3	9	0
Flexo	FFCinematicLabelController	9	0
Flexo	FFIsoSoftnessSliderCell	9	0
Flexo	FFShapeMaskFolder	9	0
Flexo	FFEffectCopyRequest	9	0
Flexo	FFNoiseReductionOutputImage	9	0
Flexo	FFStreamAudioRetimingEffect	9	0
Flexo	FFBeatCircleLayer	9	0
Flexo	FFHGAsyncJob	9	0
Flexo	FFScheduleTokenForSimpleNeedsImmediateRenderer	9	0
Flexo	FFProResSDKProcessingInfo	9	0
Flexo	FFRAWProcessingInfo	9	0
Flexo	FFVTRAWProcessingInfo	9	0
Flexo	iMovieStubObj	9	0
Flexo	FFAudioComponentsConfigMessageTile	9	0
Flexo	FFAuditionCollectionView	9	0
Flexo	FFExternalProviderItem	9	0
Flexo	FFExternalProvidersPickerViewController	9	0
Flexo	FFBasicAnimation	9	0
Flexo	FFIMovieHeaderView	9	0
Flexo	FFInspectorParameterControllerBindingsContext	9	0
Flexo	_FFInspectorEnclosedContainerControllerView	9	0
Flexo	FFInspectorLibraryHeaderController	9	0
Flexo	FFInspectorShowHideDisclosureButton	9	0
Flexo	FFInspectorBaseFolderControllerUpdateDrawer	9	0
Flexo	FFInspectorEffectChannelFolderController	9	0
Flexo	FFInspectorFileInfoMissingInfoTile	9	0
Flexo	FFInspectorFolderAppearance	9	0
Flexo	_FFLibraryMinorContainerController	9	0
Flexo	FFInspectorOutlineRowView	9	0
Flexo	FFInspectorControllerRowViewLayoutAnchors	9	0
Flexo	FFOrganizerFilterHUDMediaRepresentationTileModule	9	0
Flexo	FFOrganizerFilmListOutlineHeaderView	9	0
Flexo	FFImportGoToFolderSheetController	9	0
Flexo	FFSkimmingLensView	9	0
Flexo	FFShareDestinationImageFormatMenuDelegate	9	0
Flexo	FFShareDestinationVideoResolutionMenuMakerFactory	9	0
Flexo	FFCloudStorageManager	9	0
Flexo	FFTheaterMenuPopover	9	0
Flexo	FFVectorscopeHueRingLayer	9	0
Flexo	FFVectorscopeChannelLayer	9	0
Flexo	FFWaveformChannelLayer	9	0
Flexo	FFConsolidateOptionsView	9	0
Flexo	FFLibraryManagerPanelItem	9	0
Flexo	FFRAWProcessingParameterSubgroup	9	0
Flexo	RAWLabelHandler	9	0
Flexo	RAWSubgroupHandler	9	0
Flexo	FFBroadcastSafeOSC	9	0
Flexo	FFMotionPathOSC	9	0
Flexo	FFSnapGridOSC	9	0
Flexo	FFAudioSessionDeviceSet	9	0
Flexo	FFPlaybackContext	9	0
Flexo	FFPlaybackSettings	9	0
Flexo	FFReducedRateTracker	9	0
Flexo	FFAnchoredComponentProvider	9	0
Flexo	FFSourceTimedMetadataFig	9	0
Flexo	FFTimedMetadataRequest	9	0
Flexo	FFVTRAWProcessorCache	9	0
Flexo	FFAnchoredSequenceAudioStream	9	0
Flexo	FFAudioPlaybackUpdateObjects	9	0
Flexo	FFScopingWindowPath	9	0
Flexo	FFEffectStackRegistryEntry	9	0
Flexo	FFDragTimelineItemComponentsOperation	9	0
Flexo	FFSnappingGuideTable	9	0
Flexo	FFTimelineCaptionLaneLayer	9	0
Flexo	FFPlacementTool	9	0
Flexo	FFStreamVideoFrameExtraction	9	0
Flexo	FFScheduleTokenForImagingRequiresCharacteristics	9	0
Flexo	FFStreamDelegatingVideo	9	0
Flexo	FFSourceMetadata	9	0
Flexo	FFStream	9	0
Flexo	FFKeyframe	9	0
Flexo	FFColorView	9	0
Flexo	FFCropTool	9	0
Flexo	TrailerHelpers	9	0
Flexo	FFShareVideoPreviewTimeConverter	9	0
Flexo	FFLibraryArchiveSettingsExporter	9	0
Flexo	FFSharingSnapshot	9	0
Flexo	FFMD5RenderPropsAndPath	9	0
Flexo	FFSegStoreDecompRefHolder	9	0
Flexo	FFSegStoreCompressionRefHolder	9	0
Flexo	FFSegmentStoreManagerRunLock	9	0
Flexo	FFNewFeatureAlert	9	0
Flexo	NSBezierPath	9	0
Flexo	FFLibraryPicker	9	0
Flexo	FFDoublyLinkedListNode	9	0
Flexo	FFNotificationImpl	9	0
Flexo	FFPMRLoggingFunnels	9	0
Flexo	FFZipFileExtractor	9	0
Helium	std::__1::basic_stringbuf<char, std::__1::char_traits<char>, std::__1::allocator<char>>	9	0
Helium	HGSharpen	9	0
Helium	HGArrayDataRef	9	0
Helium	HGTextureManager::PostTextureDeleteEventList	9	0
Helium	HGTextureManager::TextureUsage	9	0
Helium	HGStats::RendererStatsImpl	9	0
Helium	HGTextureManager::TexturePool	9	0
Helium	HGSampler	9	0
Helium	std::__1::__function::__func<HGPool::MatchDescription<id<MTLTexture>, HGMetalTexturePool::Descriptor>, bool (HGPool::Entry<objc_object<MTLTexture>, HGMetalTexturePool> const&)>	9	0
Helium	std::__1::__function::__func<HGPool::MatchObject<id<MTLTexture>, HGMetalTexturePool::Descriptor>, bool (HGPool::Entry<objc_object<MTLTexture>, HGMetalTexturePool> const&)>	9	0
Helium	HGRenderUtils::BufferFiller	9	0
Helium	HGDither	9	0
Helium	HGComputeDeltaE	9	0
Helium	HGStats::ProfilerScopeGuard	9	0
Helium	HGStats::RendererStats	9	0
Helium	HGTraversal::IterativeTraversal<(HGTraversal::NodeInput)1, (HGTraversal::InputOrder)0>::Visitor	9	0
Helium	HGYUVPlanarToRGBA	9	0
Helium	HGYUV444ToPlanarChroma	9	0
Helium	HGHLG::HLGToSDR	9	0
Helium	HGDefinition	9	0
Helium	HGTexture	9	0
Helium	HGMultiTexBlend<2>	9	0
Helium	HGMultiTexBlend<3>	9	0
Helium	HGMultiTexBlend<4>	9	0
Helium	HGMultiTexBlend<5>	9	0
Helium	HGMultiTexBlend<6>	9	0
Helium	HGMultiTexBlend<7>	9	0
Helium	HGMultiTexBlend<8>	9	0
Helium	HGCanonLog3LinearizationLUTInfo	9	0
Helium	HGSonySLog3LinearizationLUTInfo	9	0
Helium	HGComputeDeviceManager	9	0
Helium	HGSolidColor	9	0
Helium	HGGLSLHandler	9	0
Helium	std::__1::__function::__func<HGPool::MatchDescription<id<MTLHeap>, HGMetalHeapPool::Descriptor>, bool (HGPool::Entry<objc_object<MTLHeap>, HGMetalHeapPool> const&)>	9	0
Helium	std::__1::__function::__func<HGPool::MatchObject<id<MTLHeap>, HGMetalHeapPool::Descriptor>, bool (HGPool::Entry<objc_object<MTLHeap>, HGMetalHeapPool> const&)>	9	0
Helium	HGGradient	9	0
Helium	std::__1::__function::__func<HGPool::MatchDescription<id<MTLBuffer>, HGMetalBufferWrapperInfinipool::Descriptor>, bool (HGPool::Entry<objc_object<MTLBuffer>, HGMetalBufferWrapperInfinipool> const&)>	9	0
Helium	std::__1::__function::__func<HGPool::MatchObject<id<MTLBuffer>, HGMetalBufferWrapperInfinipool::Descriptor>, bool (HGPool::Entry<objc_object<MTLBuffer>, HGMetalBufferWrapperInfinipool> const&)>	9	0
Helium	std::__1::__function::__func<HGPool::MatchDescription<id<MTLTexture>, HGMetalTextureWrapperInfinipool::Descriptor>, bool (HGPool::Entry<objc_object<MTLTexture>, HGMetalTextureWrapperInfinipool> const&)>	9	0
Helium	std::__1::__function::__func<HGPool::MatchObject<id<MTLTexture>, HGMetalTextureWrapperInfinipool::Descriptor>, bool (HGPool::Entry<objc_object<MTLTexture>, HGMetalTextureWrapperInfinipool> const&)>	9	0
Helium	std::__1::__function::__func<HGPool::MatchDescription<id<MTLBuffer>, HGMetalBufferPool::Descriptor>, bool (HGPool::Entry<objc_object<MTLBuffer>, HGMetalBufferPool> const&)>	9	0
Helium	std::__1::__function::__func<HGPool::MatchObject<id<MTLBuffer>, HGMetalBufferPool::Descriptor>, bool (HGPool::Entry<objc_object<MTLBuffer>, HGMetalBufferPool> const&)>	9	0
Helium	HGBuffer	9	0
Helium	HGColorConformLUTData	9	0
Helium	HGMetalFunctionCache	9	0
Helium	std::__1::__function::__func<HGPool::MatchDescription<__CVBuffer*, HGCVPixelBufferPool::Descriptor>, bool (HGPool::Entry<__CVBuffer*, HGCVPixelBufferPool::Descriptor> const&)>	9	0
Helium	std::__1::__function::__func<HGPool::MatchObject<__CVBuffer*, HGCVPixelBufferPool::Descriptor>, bool (HGPool::Entry<__CVBuffer*, HGCVPixelBufferPool::Descriptor> const&)>	9	0
Helium	HGBlurGroup	9	0
Helium	HGG9X<HgcBlur_cs9s_rect>	9	0
Helium	HGG9X<HgcBlur_cs9s>	9	0
Helium	HGChannelDuplicate	9	0
Helium	HGMinMax	9	0
Helium	HKBlur	9	0
Helium	HKBlend	9	0
ProChannel	OZCurveBool	8	0
ProChannel	OZInterpolatorStrategies	8	0
ProChannel	non-virtual thunk to OZChannelBase	8	0
ProChannel	ChannelParser	8	0
ProChannel	OZChannelFactory	8	0
ProChannel	non-virtual thunk to OZChannelGradient	8	0
ProChannel	CHChannelGlobals	8	0
ProChannel	CHChannelButton	8	0
ProChannel	CHChannelDiscreteColor	8	0
ProChannel	CHChannelHistogramSample	8	0
ProCore	Json::Path	8	0
ProCore	std::__1::vector<PCVector2<double>, std::__1::allocator<PCVector2<double>>>	8	0
ProCore	PCICCTransferFunctionGamma	8	0
ProCore	PCICCTransferFunctionParametric0	8	0
ProCore	PCSingleton	8	0
ProCore	PCIgnoreElement	8	0
ProCore	PCStreamElement	8	0
ProCore	PCConditionVariable	8	0
ProCore	void unpremultiply_T<PCBitmap_t<PCPixel4<ProCore::Private::PixelInfoTemplate<(PCPixelFormat	8	0
ProCore	void clampToAlpha_T<PCBitmap_t<PCPixel4<ProCore::Private::PixelInfoTemplate<(PCPixelFormat	8	0
ProCore	void setConstantAlpha_T<PCBitmap_t<PCPixel4<ProCore::Private::PixelInfoTemplate<(PCPixelFormat	8	0
ProCore	void duplicateAlphaToRGB_T<PCBitmap_t<PCPixel4<ProCore::Private::PixelInfoTemplate<(PCPixelFormat	8	0
ProCore	std::__1::__bracket_expression<char, std::__1::regex_traits<char>>	8	0
ProCore	cc_YCbCr	8	0
ProCore	PCGenVector<float>	8	0
ProCore	std::__1::deque<Json::Reader::ErrorInfo, std::__1::allocator<Json::Reader::ErrorInfo>>	8	0
ProCore	std::__1::deque<Json::OurReader::ErrorInfo, std::__1::allocator<Json::OurReader::ErrorInfo>>	8	0
ProCore	Json::FastWriter	8	0
ProCore	PCPair	8	0
Ozone	OZChannelFactory	8	0
Ozone	void getBitmapPixel<PCBitmap_t<PCPixel4<ProCore::Private::PixelInfoTemplate<(PCPixelFormat	8	0
Ozone	DocTemplateParser	8	0
Ozone	non-virtual thunk to OZScene	8	0
Ozone	OZRenderNode	8	0
Ozone	Render360GroupAsEquirectSentry	8	0
Ozone	OZDropZoneTypeUndo	8	0
Ozone	OZPolygonAA	8	0
Ozone	OZSimulationState	8	0
Ozone	non-virtual thunk to OZReflexiveBehavior	8	0
Ozone	non-virtual thunk to OZChannelBehavior	8	0
Ozone	OZPlaybackEngine	8	0
Ozone	OZGradientSource	8	0
Ozone	OZLibraryPresetsMapDatum	8	0
Ozone	OZXMLHelpers::TemplateParser	8	0
Ozone	OZXMLHelpers::SceneInfoParser	8	0
Ozone	OZXMLHelpers::PrimaryObjectsHandler	8	0
Ozone	OZXMLHelpers::PrimaryFactoriesHandler	8	0
Ozone	OZNULLBehavior	8	0
Ozone	OZLockingElement	8	0
Ozone	OZGuide	8	0
Ozone	OZFrameSet	8	0
Ozone	non-virtual thunk to OZCIPluginEffect	8	0
Ozone	non-virtual thunk to OZCIPluginGenerator	8	0
Ozone	non-virtual thunk to OZSnowflakeReplacementGenerator	8	0
Ozone	non-virtual thunk to OZSnowflakeReplacementEffect	8	0
Ozone	non-virtual thunk to OZWriteOnBehavior	8	0
Ozone	OZTransformOSC_UIComponent	8	0
Ozone	OZPivotOSC_UIComponent	8	0
Ozone	OZDropShadowOSC_UIComponent	8	0
Ozone	OZDistortOSC_UIComponent	8	0
Ozone	OZTransform3DOSC_UIComponent	8	0
Ozone	OZDropZonePanScanOSC_UIComponent	8	0
Ozone	OZCinematicOSC_UIComponent	8	0
Ozone	non-virtual thunk to OZGradientGenerator	8	0
Ozone	OZRotoshapeStyle	8	0
Ozone	OZRigSnapshot	8	0
Ozone	OZGLStateSentry	8	0
Ozone	non-virtual thunk to OZPrimatteRT	8	0
Ozone	OZHGRenderJobBase	8	0
Ozone	OZEveryFramePlaybackClock	8	0
Ozone	OZHGChannelEvaluationJob	8	0
Ozone	OZFontFamily	8	0
Ozone	std::__1::__split_buffer<HGBinding, std::__1::allocator<HGBinding>&>	8	0
Ozone	iMovieTextLayer	8	0
Ozone	OZImagePreviewCompletion	8	0
Ozone	OZChannelImageWithOptionsBaseController	8	0
Ozone	OZPixelAspectController	8	0
Ozone	OZTimelineLayerList	8	0
Ozone	OZTimeTFControllerStart	8	0
Ozone	OZTimeTFControllerEnd	8	0
Ozone	OZTimeTFControllerDuration	8	0
Ozone	OZAddRemoveControlPointCtrl	8	0
Ozone	OZTimelineAudioLayerCoordinator	8	0
Ozone	OZTimelineRowForViewer	8	0
Ozone	OZProjectPresetManager	8	0
Ozone	NSFileManager	8	0
Ozone	OZNumberFormatter	8	0
Ozone	OZInspectorSegmentedControl	8	0
Ozone	OZGroupInspectorController	8	0
Ozone	OZAudioBehaviorCompletion	8	0
Ozone	OZ3DEngineSceneElementController	8	0
Ozone	OZLoopDurationController	8	0
Ozone	OZOrbitCameraTool	8	0
Ozone	OZDollyCameraTool	8	0
Ozone	OZPanCameraTool	8	0
Ozone	OZAnalysisSheetController	8	0
Ozone	OZChanTrackerMixedRefWithPickerController	8	0
Ozone	OZMoChanColorController	8	0
Ozone	OZChannelEnumWithListController	8	0
Ozone	OZAudioListCollectionView	8	0
Flexo	FFColorBoardInterpolator	8	0
Flexo	OZChannelFactory	8	0
Flexo	FFOZRiggedChannelFolder	8	0
Flexo	AUChannelSupportCache	8	0
Flexo	HGSourceNode	8	0
Flexo	FFVideoScopes::VectorscopeRenderer	8	0
Flexo	FFDestAudioStartTimebaseRenderHook	8	0
Flexo	FFAudioBeepBuffer	8	0
Flexo	FFAudioPlaybackSkipStyleScrubBuffer	8	0
Flexo	FFAudioStepPlaybackUnit	8	0
Flexo	FFAudioRecorderMeteringHook	8	0
Flexo	FFAudioInputGraphAdapter	8	0
Flexo	TimeRateChangeController	8	0
Flexo	FFMXFTimecodeCursor	8	0
Flexo	FFAVFCompositionTimecodeCursor	8	0
Flexo	FFAVFAudioCursor	8	0
Flexo	FFCentralJobProcessor	8	0
Flexo	FFChunkedSampleBuffer	8	0
Flexo	FFAudioEffectsBuss::EffectStackChain	8	0
Flexo	FFAudioMixBuss	8	0
Flexo	FFStreamSharerLiveTokenInfo	8	0
Flexo	VideoFormatRegistry	8	0
Flexo	FFSelfAdvancingParameterChaser	8	0
Flexo	FFMultiParameterChaser	8	0
Flexo	FFScopedAnalyzingEffect	8	0
Flexo	STParameter	8	0
Flexo	AUSequenceTime	8	0
Flexo	OZChannelObjectRootBase	8	0
Flexo	FFLocker	8	0
Flexo	FFSemaphore	8	0
Flexo	WorkerThreadTaskQueue	8	0
Flexo	MXF::MXFColorProcessing	8	0
Flexo	FFBalanceColorEffect	8	0
Flexo	FFInsideOutsideSwitchController	8	0
Flexo	_SwitchLayer	8	0
Flexo	FFAnchoredAudioToneGeneratorObject	8	0
Flexo	FFAnchoredAnalysisKeywordMarker	8	0
Flexo	FFColorCorrectionUIChannelController	8	0
Flexo	FFAssignRoleCommand	8	0
Flexo	FFAudioRoleComponentsMigrationLogDelegate	8	0
Flexo	FFMutableAudioObjectComponentsLayoutItem	8	0
Flexo	FFFlexMusic_ExportInfo	8	0
Flexo	FFLibraryBackupCache	8	0
Flexo	FFModelUpdateGroup	8	0
Flexo	FFWorkspaceNewLibraryContext	8	0
Flexo	FFMediaAssetSyncRequest	8	0
Flexo	FFClassProperty	8	0
Flexo	FFModelScopeStack	8	0
Flexo	FFRoleCache	8	0
Flexo	FFRoleComponentSourceMigration	8	0
Flexo	FFShareTheaterDestination	8	0
Flexo	FFUndoGuard	8	0
Flexo	FFPlayerModuleDFRController	8	0
Flexo	FFDupeDetectionMediaUsageMapMediaIdentifier	8	0
Flexo	FFDupeUpdateBatch	8	0
Flexo	FFPipeCaptionThroughEditsOperation	8	0
Flexo	FFTimelineIndexFilter	8	0
Flexo	FFResolveNegativeContainerTimeOperation	8	0
Flexo	FFModifyAccessoryLayersOperation	8	0
Flexo	FFProTimelineItemTitleBuilder	8	0
Flexo	FFAudioUnitInfoCacheBase	8	0
Flexo	FFAudioUnitManufacturerRegistry	8	0
Flexo	FFAudioUnitEffectMessageTracerInfo	8	0
Flexo	FFMapLocationManager	8	0
Flexo	iMovieElegantFadeTextLayer	8	0
Flexo	iMovieMultiTextLayer	8	0
Flexo	iLifePath	8	0
Flexo	iLifePathElement	8	0
Flexo	FFIOGroupParamController	8	0
Flexo	FFSegmentationOSC	8	0
Flexo	_FFEffectUICoalescer	8	0
Flexo	_FFEffectUITimer	8	0
Flexo	FFVideoEffectNode	8	0
Flexo	FFBeatDetectionResultHandler	8	0
Flexo	FFIMovieProgressController	8	0
Flexo	FFAssetUsageIdentifier	8	0
Flexo	FFMediaRefUsageIdentifier	8	0
Flexo	FFAudioComponentsConfigSummarySkimmable	8	0
Flexo	FFAudioComponentsConfigSummaryWaveform	8	0
Flexo	FFTokenSearchFieldCell	8	0
Flexo	FFBKEffectLibraryProvider	8	0
Flexo	FFInspectorAudioUtilities	8	0
Flexo	FFAudioAnimStatusCell	8	0
Flexo	FFInspectorEffectsControllerManager	8	0
Flexo	FFInspectorBrickFolderHeadingController	8	0
Flexo	FFInspectorModuleLegacyChannels	8	0
Flexo	FFInspectorModuleLegacyChannels2	8	0
Flexo	FFInspectorControllerView	8	0
Flexo	FFInspectorHeaderView	8	0
Flexo	FFInspectorShareTokenFieldDelegate	8	0
Flexo	FFOrganizerFilterHUDFavoriteTileModule	8	0
Flexo	FFFilmstripDeferredBackgroundOperationTimer	8	0
Flexo	FFImportNavigationItem	8	0
Flexo	MIOPreviewView	8	0
Flexo	FFMDITLibraryMediaGroupBuilder	8	0
Flexo	FFMediaSidebarEventForProjectMediaNode	8	0
Flexo	FFOrganizerItem	8	0
Flexo	FFPasteEffects	8	0
Flexo	FFActiveOSCForEvents	8	0
Flexo	FFShareDestinationVideoPresetsMakerBroadcastVideoCase	8	0
Flexo	FFHistogramChannelLayer	8	0
Flexo	FFVideoScopesTextLayer	8	0
Flexo	OKPaneCapItemButton	8	0
Flexo	FFAddEffectBundlePartWindowController	8	0
Flexo	LabelHandler	8	0
Flexo	FFPRRawXpcPluginData	8	0
Flexo	FFPRRawXpcMetadataData	8	0
Flexo	FFPRRawXpcSnapshotData	8	0
Flexo	FFRAWProcessorControl	8	0
Flexo	SportsCalloutView	8	0
Flexo	FFGPUNSImageTextures	8	0
Flexo	FFContourUtils	8	0
Flexo	FFPMRContext	8	0
Flexo	FFDestAudioRender	8	0
Flexo	FFAudioRenderHelper	8	0
Flexo	FrameInfoObject	8	0
Flexo	FFPlayerDropTracker	8	0
Flexo	FFAnchoredComponentAudioStream	8	0
Flexo	FFStreamAudioScheduledReadFile	8	0
Flexo	FFSourceVideoCGANIM	8	0
Flexo	FFDisparityMetadataSample	8	0
Flexo	FFLazyVTRAWProcessorSession	8	0
Flexo	FFSchedTokenForOfflineProvider	8	0
Flexo	FFSourceAudioOffline	8	0
Flexo	FFSourceVideoPDF	8	0
Flexo	FFAdjustVolumeNumericEntrySource	8	0
Flexo	FFTrimTool	8	0
Flexo	FFSyncToTool	8	0
Flexo	FFStreamVideoRangePinExtend	8	0
Flexo	FFCurveEditorAssetLayer	8	0
Flexo	FFCurveEditorCurveAssets	8	0
Flexo	FFCurveUIObject	8	0
Flexo	FFCurveSegmentObject	8	0
Flexo	FFFadeHandlesLayerUpdater	8	0
Flexo	FFShareNotificationHandler	8	0
Flexo	FFAdjustmentToolFigTimeRangeAndObject	8	0
Flexo	FFCinematicTool	8	0
Flexo	FFDistortTool	8	0
Flexo	FFReorientTool	8	0
Flexo	FFTransform2DTool	8	0
Flexo	FFTransform3DTool	8	0
Flexo	FFSharePanelInformationBrickViewController	8	0
Flexo	FFSharePanelParentBrickViewController	8	0
Flexo	FFSharePanelRolesTreeBuilderFactory	8	0
Flexo	FFDetermineCaptionFormatsInUseOperationUnlocked	8	0
Flexo	FFShareProgressController	8	0
Flexo	FFShareWarningsViewController	8	0
Flexo	FFSourceCaptionsTimeRangeDeterminer	8	0
Flexo	FFCachedFrameToken	8	0
Flexo	FFColorSpaceCacheRecord	8	0
Flexo	FFLRUCacheInternalValue	8	0
Flexo	FFNotificationAuthorizationManager	8	0
Flexo	FFSchedQueueingInfo	8	0
Flexo	FFSRTCaptionValidator	8	0
Flexo	_FFAutoReframeAnalysis	8	0
Flexo	FFVideoAnalysisCollatedItemFrame	8	0
Flexo	FFDestVideoAnalyzerController	8	0
Flexo	FFXMLTranslationLibraryExporter	8	0
Flexo	FFEditActionData	8	0
Flexo	_TtC5Flexo17FFImagePlayground	8	0
Helium	HGGradientLinear	8	0
Helium	HGTextureManagerHandleImpl	8	0
Helium	RenderbufferCache	8	0
Helium	NoPoolingPolicy	8	0
Helium	HGRenderUtils::BufferFillerImpl	8	0
Helium	HGCache	8	0
Helium	HGGradientRadial	8	0
Helium	HGPool::TotalUsageServicingPolicy	8	0
Helium	HGMetalBlendingInfo	8	0
Helium	HGInterlaceHandler_ExtractField	8	0
Helium	HGInterlaceHandler_InterlaceFields	8	0
Helium	HGYUV444ToPlanarLuma	8	0
Helium	HGGPUReadbackExecUnit	8	0
Helium	HGArriLogCDefaultToneCurveLUTInfo	8	0
Helium	HGArriLogC4LinearizationLUTInfo	8	0
Helium	HGSonySLog2LinearizationLUTInfo	8	0
Helium	HGPanasonicVLogLinearizationLUTInfo	8	0
Helium	HGAppleLogLinearizationLUTInfo	8	0
Helium	HGDJIDLogLinearizationLUTInfo	8	0
Helium	HGFujifilmFLogLinearizationLUTInfo	8	0
Helium	HGFujifilmFLog2LinearizationLUTInfo	8	0
Helium	HGNode3D	8	0
Helium	HGStackPage	8	0
Helium	HGREDDebayer	8	0
Helium	HGCGL::RendererList	8	0
Helium	HGGamma	8	0
Helium	std::__1::__shared_ptr_emplace<(anonymous namespace)::InfinipoolServicingPolicy, std::__1::allocator<(anonymous namespace)::InfinipoolServicingPolicy>>	8	0
Helium	HGOpenEXR	8	0
Helium	HGLaplacianSharpen	8	0
Helium	HGLightWrapBlend	8	0
Helium	project_util	8	0
Helium	HGProfiler	8	0
Helium	HGSimpleSpatialDenoise	8	0
Helium	HGProResPluginDebayer	8	0
Helium	HGG9B<HgcBlur_cs9s>	8	0
Helium	HGG9B<HgcBlur_cs9s_rect>	8	0
Helium	HGAntiAlias	8	0
Helium	HGModulatedBlur	8	0
Helium	HKMetadataManipulator	8	0
ProChannel	non-virtual thunk to OZChannel	7	0
ProChannel	std::__1::vector<double, std::__1::allocator<double>>	7	0
ProChannel	OZEaseInInterpolator	7	0
ProChannel	OZEaseOutInterpolator	7	0
ProChannel	OZExponentialInterpolator	7	0
ProChannel	OZLogarithmicInterpolator	7	0
ProChannel	non-virtual thunk to OZChannelBlindData	7	0
ProChannel	non-virtual thunk to OZChannelFolder	7	0
ProChannel	non-virtual thunk to OZChannelText	7	0
ProChannel	OZSCurveInterpolator	7	0
ProChannel	OZConvexInterpolator	7	0
ProChannel	OZConcaveInterpolator	7	0
ProChannel	CHChannelGradient	7	0
ProChannel	CHChannelText	7	0
ProChannel	CHChannelCrop	7	0
ProCore	PCBuffer	7	0
ProCore	PCStream	7	0
ProCore	PCEvaluatorWaveData	7	0
ProCore	PCICCTransferFunctionLinear	7	0
ProCore	std::__1::vector<std::__1::basic_string<char, std::__1::char_traits<char>, std::__1::allocator<char>>, std::__1::allocator<std::__1::basic_string<char, std::__1::char_traits<char>, std::__1::allocator<char>>>>	7	0
ProCore	std::__1::basic_string<char, std::__1::char_traits<char>, std::__1::allocator<char>>	7	0
ProCore	PCSerializerWriteStream	7	0
ProCore	PCImageAttributes	7	0
ProCore	PCDelaunay::Triangle	7	0
ProCore	std::__1::deque<std::__1::__state<char>, std::__1::allocator<std::__1::__state<char>>>	7	0
ProCore	PCVLCParser	7	0
ProCore	cc::unicode_t	7	0
ProCore	PCMatchmove	7	0
ProCore	PCGenMatrix<double>	7	0
Ozone	OZChannelEnumLayer	7	0
Ozone	OZChannelEnumDimension	7	0
Ozone	PCPtr<LiCamera>& PCPtr<LiCamera>	7	0
Ozone	std::__1	7	0
Ozone	FactoryParser	7	0
Ozone	OZLayer	7	0
Ozone	LiImageFilter	7	0
Ozone	OZCurveBool	7	0
Ozone	OZSceneNodeUndo	7	0
Ozone	OZBehaviorUndo	7	0
Ozone	OZEffectUndo	7	0
Ozone	OZRenderManager	7	0
Ozone	OZLayerAudioIterator	7	0
Ozone	ApplyGlossinessUp	7	0
Ozone	ApplyGlossinessDown	7	0
Ozone	ApplyReflectivity	7	0
Ozone	DummyMaterialLayer	7	0
Ozone	OZAudioHardwareSettings	7	0
Ozone	OZSnap	7	0
Ozone	OZFxPlugSharedLock	7	0
Ozone	OZBitmapPool	7	0
Ozone	OZCIPluginEffect	7	0
Ozone	OZCIPluginGenerator	7	0
Ozone	non-virtual thunk to OZChannelStringEnum	7	0
Ozone	HWrapRepeat	7	0
Ozone	HWrapMirror	7	0
Ozone	MaterialTextureTransformer	7	0
Ozone	OZSingleChanBehaviorIF	7	0
Ozone	OZSegmentationMaskOSC_UIComponent	7	0
Ozone	OZRotoshapeOnscreenControl_UIComponent	7	0
Ozone	OZSuperEllipseOSC_UIComponent	7	0
Ozone	OZRectangleOSC_UIComponent	7	0
Ozone	OZShapeBehaviorOSC_UIComponent	7	0
Ozone	non-virtual thunk to OZGradientEnvironment	7	0
Ozone	OZHeSoftGradientGenerator	7	0
Ozone	OZProcessControlWrapper	7	0
Ozone	RetimingMath::IntervalSet<unsigned int>	7	0
Ozone	OZOpticalFlow	7	0
Ozone	OZOpticalFlow::Private::JobTimer	7	0
Ozone	OZFxPixelTransformsAPIData	7	0
Ozone	OZGradientGenerator	7	0
Ozone	non-virtual thunk to OZSolid	7	0
Ozone	OZLiCachingImageSource	7	0
Ozone	non-virtual thunk to OZMaterialLayersFolder	7	0
Ozone	OZPrimatteRT	7	0
Ozone	OZDisplayTimer	7	0
Ozone	non-virtual thunk to OZARAnchorElement	7	0
Ozone	OZHGRenderNodeBase	7	0
Ozone	OZMetalLayerViewBlitter	7	0
Ozone	OZSuperEllipseTool	7	0
Ozone	OZOverlay	7	0
Ozone	OZListNodeRenderer	7	0
Ozone	OZPixelAspectRatios	7	0
Ozone	TBXMLHelper	7	0
Ozone	OZEnableColorParamCtrl	7	0
Ozone	OZAutoBehaviorHUDController	7	0
Ozone	OZMotionPathBehaviorInspectorController	7	0
Ozone	OZMotionPathHUDController	7	0
Ozone	OZTemplateFlagXMLParser	7	0
Ozone	OZDFRTimerWithWeakTargetProxy	7	0
Ozone	OZMaskToolOptions	7	0
Ozone	OZDFRNumberFormattingValueTransformer	7	0
Ozone	OZConvertSceneTo3DController	7	0
Ozone	OZFxPlugAPIManager	7	0
Ozone	OZElementPropertiesInspectorCtlr	7	0
Ozone	OZTimeDurationSwitchCell	7	0
Ozone	OZTimeDurationSwitchSegmentedControl	7	0
Ozone	OZLayerAudioContainerModule	7	0
Ozone	OZSharePreviewLayerBlitter	7	0
Ozone	OZAudioListPrototypeView	7	0
Ozone	NSDocumentController	7	0
Flexo	FFOZAudioUnitEffectRootChannel	7	0
Flexo	non-virtual thunk to FFOZMediaRefChannel	7	0
Flexo	FFLockBase	7	0
Flexo	FFPlayerLockable	7	0
Flexo	AudioChannelStream	7	0
Flexo	FFEffectNodePlaceholderImagesCache	7	0
Flexo	FFImmediateModeRendererBorrower	7	0
Flexo	FFPMRInstrument	7	0
Flexo	FFCircularBuffer<unsigned long long>	7	0
Flexo	FFAudioBeepsPlaybackUnit	7	0
Flexo	FFAudioKillThread	7	0
Flexo	FFMachPortCallback	7	0
Flexo	FFMachPortDispatchQueueCallback	7	0
Flexo	FFAudioPlaybackSkipStyleStepPlaybackBuffer	7	0
Flexo	FFDestVideoCMIOPlaybackDeviceArbiter	7	0
Flexo	FFDestVideoCMIODirectPlaybackDeviceArbiter	7	0
Flexo	FFAudioRecorderBufferWriteTask	7	0
Flexo	FFAudioInputAdapter	7	0
Flexo	FFPlaybackCounterValues	7	0
Flexo	FFHealthMeterDataSummary	7	0
Flexo	SynchronousDecodedFrameCache	7	0
Flexo	FFAVFCompositionAudioCursor	7	0
Flexo	FFVDS	7	0
Flexo	FFAudioGainChannelBuffer	7	0
Flexo	FFAudioGainChannelBufferQueue	7	0
Flexo	FFAudioSamplesCacheRegistrar	7	0
Flexo	FFAudioSamplesCacheRange	7	0
Flexo	FFUnitAttachedParameterChaser	7	0
Flexo	StereoPanner	7	0
Flexo	STBuiltinAudioUnits	7	0
Flexo	FFAudioBufferListBase	7	0
Flexo	FFParallelAudioSignal	7	0
Flexo	FFScaledAudioSignal	7	0
Flexo	FFSingleToneAudioSignal	7	0
Flexo	FFPMRFunnelAutoTimer	7	0
Flexo	FFMachSemaphore	7	0
Flexo	FFDestAnalyzerSynchronizer	7	0
Flexo	FFDragPerformanceTest	7	0
Flexo	FFITTCaptionFrameDurationGetter	7	0
Flexo	FFCaptionSCCFormatDefaultValues	7	0
Flexo	FFCaptionTextBlockLayout	7	0
Flexo	FFColorLooksObject	7	0
Flexo	FFInlineViewControllerGroup	7	0
Flexo	FFColorBaseLabelController	7	0
Flexo	FFColorBaseViewControllerGroup	7	0
Flexo	FFKeyerParameterController	7	0
Flexo	FFAnchoredCollectionImageCreationRectAndColor	7	0
Flexo	FFAudioComponentsBuiltInConfigurations	7	0
Flexo	FFAudioComponentsLayoutItemLookupUpgradeKey	7	0
Flexo	FFDownloadFailedDialogController	7	0
Flexo	FFLibraryFilesEnumerator	7	0
Flexo	FFAssetChangeScope	7	0
Flexo	FFCinematicManager	7	0
Flexo	FFRoleInfo	7	0
Flexo	FFDefaultActionName	7	0
Flexo	FFTouchBarManager	7	0
Flexo	FFVolumeDFRSliderAccessoryBehavior	7	0
Flexo	FFAudioCrossFadeAdapter	7	0
Flexo	FFFindItemsInsufficientForCrossFadeOperation	7	0
Flexo	FFDupeDetectionChannelBasedAudioComponentSourceMediaIdentifier	7	0
Flexo	FFDupeDetectionMulticamAngleMediaIdentifier	7	0
Flexo	FFDupeDetectionRoleBasedAudioComponentSourceMediaIdentifier	7	0
Flexo	FFDupeMediaTimeConverter	7	0
Flexo	FFTimelineMarqueeSelectionFilter	7	0
Flexo	FFLegacyTrimVideoAdapter	7	0
Flexo	FFAlignItemLayerTitleToVisibleRectOperation	7	0
Flexo	FFMonitorVideoAngleOperation	7	0
Flexo	FFInteractivePasteAttributesOperation	7	0
Flexo	FFAudioUnitValidationProgressState	7	0
Flexo	FFAudioUnitDisposer	7	0
Flexo	FFSharedAudioUnitGlobalObserver	7	0
Flexo	NSValue	7	0
Flexo	iLifeRandomNumberGenerator	7	0
Flexo	FFIsolationExtraRowParamController	7	0
Flexo	FFChannelAudioUnitCountedMap	7	0
Flexo	FFFaceOSC	7	0
Flexo	FFAdjustmentEffect	7	0
Flexo	FFEffectAlertController	7	0
Flexo	FFStreamAudioRateConformEffect	7	0
Flexo	FFSourceVideoRateConformEffect	7	0
Flexo	FFFileImportProcessingFilesDialogController	7	0
Flexo	FFImageRepBindingInfo	7	0
Flexo	FFREDRAWProcessingInfo	7	0
Flexo	FFCinematicDecisonLineLayer	7	0
Flexo	FFInspectorAudioEffectsControllerManager	7	0
Flexo	_FFInspectorLibraryNameController	7	0
Flexo	_FFInspectorProjectStorageController	7	0
Flexo	FFInspectorEffectsPlaceholderTextController	7	0
Flexo	FFInspectorFileInfoClipController	7	0
Flexo	FFInspectorFileInfoEventInfoTile	7	0
Flexo	FFInspectorFolderBackgroundFrameDrawer	7	0
Flexo	FFButtonWithRolloverHighlight	7	0
Flexo	_FFProjectSharingItem	7	0
Flexo	FFInspectorBridgeRootController	7	0
Flexo	FFInspectorRootOutlineView	7	0
Flexo	FFMonthSidebarProvider	7	0
Flexo	FFOrganizerFilterHUDClipTypeTileModule	7	0
Flexo	FFOrganizerFilterHUDMarkersTileModule	7	0
Flexo	FFOrganizerFilterHUDUsedTileModule	7	0
Flexo	FFFilmstripRangeLayer	7	0
Flexo	FFSortContext	7	0
Flexo	ProMSFrameCache	7	0
Flexo	FFNavHeaderView	7	0
Flexo	FFOrganizerSidebarCollection	7	0
Flexo	FFMDFolderMediaGroupBuilder	7	0
Flexo	FFMDPopupButtonCell	7	0
Flexo	FFMDPhotoObjectSequenceProgressReporterForImageCell	7	0
Flexo	FFMDPhotosAssetCollectionQuery	7	0
Flexo	FFMDPhotosCollectionListQuery	7	0
Flexo	FFImportMediaSidebarModule	7	0
Flexo	FFMediaSidebarPhotoLibraryNode	7	0
Flexo	FFMediaSidebarSectionNode	7	0
Flexo	FFProjectExtrasTitlesNode	7	0
Flexo	FFProjectExtrasGeneratorsNode	7	0
Flexo	FFThumbnailGeneratorClipRequest	7	0
Flexo	FFOrganizerMasterItemNode	7	0
Flexo	FFRemoveAttributes	7	0
Flexo	FFHitTestContextObject	7	0
Flexo	FFTheaterLoginButtonLayer	7	0
Flexo	FFWaveformMarkerYUnitTextLayer	7	0
Flexo	FFAudioEffectEditorWindow	7	0
Flexo	FFAudioUnitEffectRootChannelLabelController	7	0
Flexo	FFCreateEffectBundleWindowController	7	0
Flexo	FFEffectBundleAudioUnitEffectController	7	0
Flexo	FFProResRAWSetting	7	0
Flexo	EmptySetting	7	0
Flexo	FFRAWProcessingParameterList	7	0
Flexo	FFViewSetEditorProperty	7	0
Flexo	FFOrganizedRoleComparatorCache	7	0
Flexo	FFTransportScubberSliderCell	7	0
Flexo	FFOSCDestinationRenderer	7	0
Flexo	FFDest	7	0
Flexo	FFDestVideoDrawsInUI	7	0
Flexo	FFVideoPaintingMetalContextData	7	0
Flexo	FFPlayerDropTrackerConsolidateInfo	7	0
Flexo	FFProviderDeinterlace	7	0
Flexo	FFAVFCompositionTrackAsset	7	0
Flexo	FFPrerollSyncFig	7	0
Flexo	FFAutoScheduleMetadataStreamInfo	7	0
Flexo	FFVTRAWProcessorAdjustmentInfo	7	0
Flexo	FFObjectScopingWindowPaths	7	0
Flexo	FFStreamAudioRenderSession	7	0
Flexo	FFPopulateStorylinePerformanceOperation	7	0
Flexo	FFTimelineRangeItemsCache	7	0
Flexo	FFBladeTool	7	0
Flexo	FFRangeSelectionTool	7	0
Flexo	FFAudioMatchTool	7	0
Flexo	FFMutableContextAudioOptions	7	0
Flexo	FFPrerollSync	7	0
Flexo	FFProviderSimpleSourceRotate	7	0
Flexo	FFSubStreamPrerollSyncManager	7	0
Flexo	FFCurveEditorAssets	7	0
Flexo	VAMLAnalysisTaskTracker	7	0
Flexo	FFCSDestinationPopoverTView	7	0
Flexo	FFFontSettingsColorWell	7	0
Flexo	FFViewMaskPair	7	0
Flexo	FFSharePanelCaptionsChildBrick	7	0
Flexo	FFSharePanelCaptionsParentBrick	7	0
Flexo	FFSharePanelParentBrick	7	0
Flexo	FFBrickListCacheLayer	7	0
Flexo	FFFutureSharedState	7	0
Flexo	FFShareExtraSettingsConfigurator	7	0
Flexo	FFTranscodeProjectFile	7	0
Flexo	FFTranscriptWord	7	0
Flexo	NSObject	7	0
Flexo	FFOfflineRenderer	7	0
Flexo	FFAssertionHandler	7	0
Flexo	FFEffectBrowserSearchFieldCell	7	0
Flexo	FFMD5AndOffsetWithInfo	7	0
Flexo	FFModalProgress	7	0
Flexo	FFPrioritizedWorkQueue	7	0
Flexo	FFRolloverButtonCell	7	0
Flexo	FFCaptionValidationError	7	0
Flexo	FFDestAnalyzerController	7	0
Flexo	FFXMLRunningApplicationOrigin	7	0
Helium	HGVTRAWProcessorDebayer	7	0
Helium	std::__1::deque<HGRenderJob*, std::__1::allocator<HGRenderJob*>>	7	0
Helium	std::__1::deque<HGUserJob*, std::__1::allocator<HGUserJob*>>	7	0
Helium	HGBlendingInfo	7	0
Helium	HGColorBars	7	0
Helium	HGApplyNDLUTEntry	7	0
Helium	HGDeinterlaceLA	7	0
Helium	TextureDeleteQueue::DeleteRequest	7	0
Helium	HGReflectionClip	7	0
Helium	HGRenderUtils::BufferCopierImpl	7	0
Helium	HGRenderUtils::BufferReformatterImpl	7	0
Helium	HGRenderUtils::BufferCopier	7	0
Helium	HGRenderUtils::BufferReformatter	7	0
Helium	HGUserExecUnit	7	0
Helium	HGPBOBitmap	7	0
Helium	HGShaderTiling	7	0
Helium	HGGradeDeltaE	7	0
Helium	HGDemosaic	7	0
Helium	HGRetimeWithFlowInterp	7	0
Helium	HGYUVPlanarTo444	7	0
Helium	HG_RENDERER_ENV	7	0
Helium	HGPQ::EOTF	7	0
Helium	HGPQ::InverseEOTF	7	0
Helium	HGPQ::OOTF	7	0
Helium	HGPQ::PQToSDR	7	0
Helium	HGPQ::SDRToPQ	7	0
Helium	HGHLG::OOTF	7	0
Helium	HGHLG::InverseOOTF	7	0
Helium	HGHLG::SDRToHLG	7	0
Helium	HGDJIDLog::Encode	7	0
Helium	HGNikonNLog::Encode	7	0
Helium	HGPanasonicVLog::Encode	7	0
Helium	HGBT2390_EETF	7	0
Helium	HGRGB_EETF	7	0
Helium	HGArriLogCLinearizationLUTInfo	7	0
Helium	HGCanonLogLinearizationLUTInfo	7	0
Helium	HGNikonNLogLinearizationLUTInfo	7	0
Helium	HGBMDFilmGen5LinearizationLUTInfo	7	0
Helium	HGComic	7	0
Helium	shlMix	7	0
Helium	HGSHL	7	0
Helium	HGHighlightShadow	7	0
Helium	HGComicDesignerInterface	7	0
Helium	HGCompositeWithMask	7	0
Helium	HGGammaMC	7	0
Helium	HGChannelCopy	7	0
Helium	HGMetalBufferWrapperInfinipool	7	0
Helium	HGMetalTextureWrapperInfinipool	7	0
Helium	HGRetime	7	0
Helium	HGPool::FixedTotalUsageServicingPolicy	7	0
Helium	HGExposure	7	0
Helium	HGGLContextPtr	7	0
Helium	HGMemoryManager::PageSizePolicy	7	0
Helium	HGSmDecN	7	0
Helium	HGSGX	7	0
Helium	HGSGY	7	0
Helium	HGGSqTens	7	0
Helium	HGDenoisePDE	7	0
Helium	HGRegularize	7	0
Helium	HGDenoise	7	0
Helium	HGBlackWhiteRestore	7	0
Helium	HGColorConformLUTInfo	7	0
Helium	HGMetalRenderPipelineStateCache	7	0
Helium	HGLensGDC	7	0
Helium	HGRetimeWithFrameBlend	7	0
Helium	HGPower	7	0
Helium	HGAVAMotionDilation	7	0
Helium	HGAVADeinterlace	7	0
Helium	HGChromaticAberration	7	0
Helium	HGEnhanceDetails	7	0
Helium	HGLensDistort	7	0
Helium	HGVignettingCorrection	7	0
Helium	HKSwitch	7	0
Helium	HKBlendLayerParameters	7	0
ProChannel	OZCoreGlobals	6	6
ProChannel	std::__1::vector<PCString, std::__1::allocator<PCString>>	6	0
ProChannel	OZFactoryBase	6	0
ProChannel	non-virtual thunk to OZChannelCurve	6	0
ProChannel	non-virtual thunk to OZChannelObjectRootBase	6	0
ProChannel	non-virtual thunk to OZChannelDoubleOverRange	6	0
ProChannel	non-virtual thunk to OZChannelAngleOverRange	6	0
ProChannel	non-virtual thunk to OZChannelPercentOverRange	6	0
ProChannel	non-virtual thunk to OZChannel2DOverRange	6	0
ProChannel	non-virtual thunk to OZChannelScaleOverRange	6	0
ProChannel	OZChannelTimeConverterDisableSentry	6	0
ProChannel	CHChannelCurve	6	0
ProChannel	CHChannelGradientExtras	6	0
ProChannel	CHChannelBlindData	6	0
ProCore	RandMersenne	6	0
ProCore	std::__1::vector<float, std::__1::allocator<float>>	6	0
ProCore	std::__1::vector<double, std::__1::allocator<double>>	6	0
ProCore	PCBezier<double, PCVector2<double>, PCDynamicArrayBezier<PCVector2<double>>>	6	0
ProCore	PCSemaphore	6	0
ProCore	PCBitDepth	6	0
ProCore	PCSharedMutex	6	0
ProCore	Json::ValueIterator	6	0
ProCore	Json::Exception	6	0
ProCore	PCTestableSignpostEmitter	6	0
ProCore	PCHMDCheckRequirements	6	0
Ozone	OZChannelAffectedNodes	6	0
Ozone	OZChannelEnumRetime	6	0
Ozone	OZOrthoCamera	6	0
Ozone	OZScene::OZNodeMap	6	0
Ozone	PCException	6	0
Ozone	non-virtual thunk to OZLayer	6	0
Ozone	OZMaterialGenericSubstanceIF	6	0
Ozone	HGLazyResIndependentBitmapLoaderCache	6	0
Ozone	std::__1::vector<PCString, std::__1::allocator<PCString>>	6	0
Ozone	OZChannelUndo	6	0
Ozone	OZLastModifiedChannelsUndo	6	0
Ozone	OZMarkersUndo	6	0
Ozone	OZOSCUndo	6	0
Ozone	OZSceneRangeUndo	6	0
Ozone	OZSceneSettingsUndo	6	0
Ozone	OZSceneGamutUndo	6	0
Ozone	OZOverrideFCPColorSpaceUndo	6	0
Ozone	OZPublishSettingsUndo	6	0
Ozone	OZCurveSetUndo	6	0
Ozone	OZKeypointModificationUndo	6	0
Ozone	OZEditBoxUndo	6	0
Ozone	OZDocumentTypeUndo	6	0
Ozone	OZSimpleCameraUndo	6	0
Ozone	OZTextStyle	6	0
Ozone	non-virtual thunk to OZCollisionBehavior	6	0
Ozone	void ProShade::Error<PCIllegalArgumentException>	6	0
Ozone	void ProShade::eval_type<ProShade	6	0
Ozone	non-virtual thunk to OZChannelObjectRoot	6	0
Ozone	non-virtual thunk to OZ3DEngineApplyForceBehavior	6	0
Ozone	OZRenderState	6	0
Ozone	non-virtual thunk to OZ3DEngineScenePlacementBehavior	6	0
Ozone	non-virtual thunk to OZAlignSimBehavior	6	0
Ozone	OZHGAudioBehaviorRenderJob	6	0
Ozone	OZCrop	6	0
Ozone	OZLiSegmentationStrokeFilter	6	0
Ozone	OZLiSegmentationFeatherFilter	6	0
Ozone	OZElementRender	6	0
Ozone	virtual thunk to OZElementRender	6	0
Ozone	virtual thunk to OZImageMaskRender	6	0
Ozone	non-virtual thunk to OZMaterialLayerBase	6	0
Ozone	OZOnScreenControlComponent	6	0
Ozone	non-virtual thunk to OZSoftGradientGenerator	6	0
Ozone	OZHGMotionEstimateJob	6	0
Ozone	OZOpticalFlow::Private::Observer	6	0
Ozone	OZOpticalFlow::Private::JobImpl	6	0
Ozone	OZQuadraticPath	6	0
Ozone	non-virtual thunk to OZ3DEnginePhysicsFieldBehavior	6	0
Ozone	non-virtual thunk to OZRotoshapeStyle	6	0
Ozone	non-virtual thunk to OZChannelEnumWithList	6	0
Ozone	OZRigEditModeEntry	6	0
Ozone	OZHeliumViewPainter	6	0
Ozone	OZHeCanvas	6	0
Ozone	non-virtual thunk to OZRigWidgetAspectRatio	6	0
Ozone	OZMETimeConverterSentry	6	0
Ozone	OZFxPlugRenderContextSentinel	6	0
Ozone	OZPaintLayer	6	0
Ozone	OZHGHMDRenderJob	6	0
Ozone	OZHGAudioJob	6	0
Ozone	OZHGAudioPrefetchJob	6	0
Ozone	non-virtual thunk to OZChannelFontBase	6	0
Ozone	OZFontCollection	6	0
Ozone	OZFontFace	6	0
Ozone	OZTextLayout	6	0
Ozone	HGBinding	6	0
Ozone	HGHandler	6	0
Ozone	std::__1::allocator<HGBinding>	6	0
Ozone	OZNotificationStub	6	0
Ozone	OZUndoWrapper	6	0
Ozone	OZAddShapeBehaviorSheetController	6	0
Ozone	OZTableHeaderView	6	0
Ozone	OZBehaviorInspectorController	6	0
Ozone	OZTrackerSheetController	6	0
Ozone	OZPanelWrapper	6	0
Ozone	OZTimelinePasteSpecialPanel	6	0
Ozone	OZChanEnumWithImagesController	6	0
Ozone	OZMDPTestOverlay	6	0
Ozone	UnsupportedObjectIdentifier	6	0
Ozone	OZTimelineRowForAudioEditor	6	0
Ozone	OZLibraryPresetsSavePanel	6	0
Ozone	OZSelectedOSC	6	0
Ozone	OZBakeSheetController	6	0
Ozone	OZTruncatingFormatter	6	0
Ozone	OZImportMediaDelegate	6	0
Ozone	OZOrderedPair	6	0
Ozone	OZTrackingSegmentedCell	6	0
Ozone	OZToolOptionsHUDCtlr	6	0
Ozone	OZEnvironmentMapController	6	0
Ozone	OZFxPlugVersioningAPI	6	0
Ozone	OZMediaExtensionSummaryController	6	0
Ozone	OZNavigateControlPointCtrl	6	0
Ozone	OZMoCurveEditorChannelList	6	0
Ozone	OZRigInspectorController	6	0
Ozone	OZRigWidgetSliderCtlr	6	0
Ozone	OZRigDropMenuTarget	6	0
Ozone	OZConvertToBezierSheetController	6	0
Ozone	OZConvertProjectToTitleController	6	0
Ozone	TBOutlineView	6	0
Ozone	OZReplaceMediaController	6	0
Ozone	OZProjectHUDCtlr	6	0
Flexo	OZFactoryBase	6	0
Flexo	FFAudioUnitParameterInfo	6	0
Flexo	MaskBaseSubSegmentationInfo	6	1
Flexo	OZShape	6	0
Flexo	FFRenderVAMLMatte	6	0
Flexo	FFAudioPanAdvancedSettingChannelKey	6	0
Flexo	ProResRaw::PluginSettingsControllerBase	6	0
Flexo	FFAudioPerfRenderHook	6	0
Flexo	FFAudioGraphPlaybackUnit	6	0
Flexo	FFAudioOutputQueueIsRunningManager	6	6
Flexo	FFAudioOutputUnitIsRunningManager	6	6
Flexo	UpdateSkipStyleBufferWorkerTask	6	0
Flexo	FFAudioPlayerMeteringHook	6	0
Flexo	FFAudioGraph::AudioUnitUninitializer	6	0
Flexo	FFPlaybackMemoryMonitor	6	0
Flexo	FFAVFTimecodeCursor	6	0
Flexo	FFAVFQTVideoCursor	6	0
Flexo	FFREDSettingsCache	6	0
Flexo	FFSoundDesignerIISupportDelegate	6	0
Flexo	FFProviderPSDAssistant	6	0
Flexo	FFAudioGainChannelLinearInterpolatedBuffer	6	0
Flexo	FFAudioBuss	6	0
Flexo	FFGraphAttachedParameterChaser	6	0
Flexo	AUGainStage	6	0
Flexo	CPanMatrix	6	0
Flexo	FFContainerAudioSignal	6	0
Flexo	FFSerialAudioSignal	6	4
Flexo	FFSynchronizable	6	0
Flexo	FFCaptionITTFormatDefaultValues	6	0
Flexo	FFCaptionRolePopUpButtonCell	6	0
Flexo	FFCaptionsNotificationHandler	6	0
Flexo	FFPentaSliderLeftContrastThumbCell	6	0
Flexo	FFColorBaseViewController	6	0
Flexo	FFMaskCorrectionController	6	0
Flexo	FFMaskCorrectionLabelController	6	0
Flexo	FFShapeParameterController	6	0
Flexo	FFComponentChannelIndex	6	0
Flexo	FFAudioUnitEffectRootChannel	6	0
Flexo	FFStreamFlexMusic	6	0
Flexo	FFLibraryFolder	6	0
Flexo	FFLibraryTaskMergeController	6	0
Flexo	FFMediaIdentifierAliasMap	6	0
Flexo	FFModelScopeStackEntry	6	0
Flexo	FFAllProjectsDFRController	6	0
Flexo	FFNavHandle	6	0
Flexo	FFFindItemsWithInsufficientHandlesForCrossFadeOperation	6	0
Flexo	FFDupeColorScheme	6	0
Flexo	FFTimelineFeatureInstaller	6	0
Flexo	FFThroughEditDescription	6	0
Flexo	FFLegacyTrimAudioAdapter	6	0
Flexo	FFLegacyTrimAVAdapter	6	0
Flexo	CETimelineLayoutMetrics	6	0
Flexo	FFAddEffectFinalCutProUserInteractionDelegate	6	0
Flexo	FFAudioUnitEffectParameterListChanges	6	0
Flexo	FFAudioUnitEffectFilePresetInfo	6	0
Flexo	FFAudioUnitEffectSelectedPresetInfo	6	0
Flexo	FFSharedAudioUnitPoolFormatKey	6	0
Flexo	FFEffectBundleXMLCacheItem	6	0
Flexo	JPEGImage	6	0
Flexo	CAMediaTimingFunction	6	0
Flexo	MicaThumbnailAnimator	6	0
Flexo	iMovieSlidingTextLayer	6	0
Flexo	FFMicaScheduleToken	6	0
Flexo	FFSegmentationMaskUtils	6	0
Flexo	FFSemanticMaskEnumItem	6	0
Flexo	FFSemanticSegmentationPool	6	0
Flexo	FFSegmentationMaskAnimStateCell	6	0
Flexo	FFConvertToBezierSheetController	6	0
Flexo	FFTap2DetectOSC	6	0
Flexo	FFTrackerProgressWindowController	6	0
Flexo	FFEffectModelCoordination	6	0
Flexo	FFEffectNodeSourceInfo	6	0
Flexo	FFCloudContentDownloadIdentifier	6	0
Flexo	FFRateConformAudioEffect	6	0
Flexo	FFTimedData	6	0
Flexo	FFAudioBeatDetectionFolderController	6	0
Flexo	FFBeatAnalyzerDelegateResult	6	0
Flexo	FFBeatGridTimingMetadataCache	6	0
Flexo	FFWakeupTracker	6	0
Flexo	HGRenderQueueRenderInfo	6	0
Flexo	FFImagePFCSDescription	6	0
Flexo	FFMetalTexture	6	0
Flexo	FFOnScreenControlsTexture	6	0
Flexo	FFKeywordEditorTokenField	6	0
Flexo	FFAudioAnalysisConfigWarningStateController	6	0
Flexo	FFAudioAnalysisConfigFolderController	6	0
Flexo	FFAudioAnalysisConfigFolderGroupController	6	0
Flexo	FFAudioComponentsConfigLayoutKey	6	0
Flexo	FFAudioComponentsConfigSelectLayoutInfo	6	0
Flexo	FFAudioComponentsConfigTileStackView	6	0
Flexo	FFDataListTableRolesCell	6	0
Flexo	FFEffectLibrarySkimmableCacheItem	6	0
Flexo	FFEffectLibrarySelectionLayer	6	0
Flexo	FFEffectPickerRestartPlayerInfo	6	0
Flexo	FFExternalProviderLoadingViewController	6	0
Flexo	FFIMovieHeaderDivider	6	0
Flexo	FFInspectorExpandingTextParameterController	6	0
Flexo	FFInspectorStaticTextParameterController	6	0
Flexo	FFInspectorFlexibleSpacerController	6	0
Flexo	FFInspectorHeaderStyleContainerController	6	0
Flexo	_FFInspectorHeaderSubController	6	0
Flexo	FFEffectHelpPopoverController	6	0
Flexo	FFInspectorControllerSegmentDrawer	6	0
Flexo	FFInspectorFileInfoMediaExtensionTile	6	0
Flexo	FFInspectorFileInfoMissingTile	6	0
Flexo	FFInspectorFileInfoTile	6	0
Flexo	_FFMetadataEnumAsISOItem	6	0
Flexo	_FFMetadataFloatMutableAsExposureOffsetItem	6	0
Flexo	FFInspectorControllerDrawStack	6	0
Flexo	FFInspectorMaskEffectsSelectionOwner	6	0
Flexo	FFYearSidebarProvider	6	0
Flexo	FFOrganizerFilterHUDMediaTypeTileModule	6	0
Flexo	FFFilmstripDeferredBackgroundOperationTimerEntry	6	0
Flexo	FFOrganizerFilmListOutlineRolesCell	6	0
Flexo	FFCameraArchiveMetadata	6	0
Flexo	FFImportProcessFilesOperation	6	0
Flexo	FFMDEventLibraryView	6	0
Flexo	FFMDMusicMessageView	6	0
Flexo	FFMDMusicPlayheadView	6	0
Flexo	FFMDMusicSkimheadView	6	0
Flexo	FFMDPhotoGroupView	6	0
Flexo	FFSegmentationMaskFilesPurgeManager	6	0
Flexo	FFMediaSidebarKeywordNode	6	0
Flexo	FFMediaSidebarSmartCollectionNode	6	0
Flexo	FFProjectExtrasTransitionsNode	6	0
Flexo	FFProjectExtrasBackgroundsNode	6	0
Flexo	FFPlayerItemView	6	0
Flexo	FFSkimmingPlayerView	6	0
Flexo	FFPlayerModuleRegistrar	6	0
Flexo	FFSpeedTransitionLayer	6	0
Flexo	FFRoleEditorRoleColorCell	6	0
Flexo	FFTheaterBackgroundLayer	6	0
Flexo	FFTheaterMenuCell	6	0
Flexo	OKPaneCapItemMenu	6	0
Flexo	FFBackgroundTaskWithPauseCondition	6	0
Flexo	FFPRRawXpcProcessorData	6	0
Flexo	FFRAWProcessingParameterListEntry	6	0
Flexo	FFRAWProcessingParamFactory	6	0
Flexo	FFRiggedChannelFolderController	6	0
Flexo	PopUpButtonCell	6	0
Flexo	FFMTGrip	6	0
Flexo	FF360HorizonOSC	6	0
Flexo	FFResizableGPUNSImage	6	0
Flexo	FFOSCOverlayWindow	6	0
Flexo	FFLRUImageCacheObject	6	0
Flexo	FFOutlineViewExpandableRow	6	0
Flexo	FFDestAudioFileWriter	6	0
Flexo	FFScheduledFlatten	6	0
Flexo	FFStreamMetadataCG	6	0
Flexo	FFCachedCodecOutputInfo	6	0
Flexo	FFAutoScheduleMetadataSourceInfo	6	0
Flexo	FFStreamVideoLayeredPSD	6	0
Flexo	FFLongGOPAnalysisScheduleToken	6	0
Flexo	FFStreamAudioRenderContext	6	0
Flexo	FFTimelineViewDelegate	6	0
Flexo	FFCaptionRoleNameFormatter	6	0
Flexo	FFArrowTool	6	0
Flexo	FFMutableAnchoredProviderOptions	6	0
Flexo	FFContextAudioOptions	6	0
Flexo	FF_HTTP_FileBuf	6	0
Flexo	FFProviderRangePinExtend	6	0
Flexo	FFProviderStreamSharer	6	0
Flexo	FFScheduleTokenSchedulingError	6	0
Flexo	FFFlattenViaRQFlattenJobObj	6	0
Flexo	FFRADNotificationHandler	6	0
Flexo	FFChannelHandleForDataSource	6	0
Flexo	FFSyncToHandler	6	0
Flexo	FFModalToolHandler	6	0
Flexo	FFPivotTool	6	0
Flexo	FFSharePanelBrick	6	0
Flexo	FFDetermineCaptionFormatsInUseOperationMultiple	6	0
Flexo	FFDetermineCaptionFormatsInUseOperationSingle	6	0
Flexo	FFPromise	6	0
Flexo	FFShareSourceDestinationMapping	6	0
Flexo	FFQTMovieExportDialogController	6	0
Flexo	FFFlexMusicSongDownload	6	0
Flexo	FFMissingSegmentStore	6	0
Flexo	OZViewController	6	0
Flexo	CHChannelFolder	6	0
Flexo	FFListedBufferPoolManager	6	0
Flexo	FFCHObservableFolder	6	0
Flexo	FFCHRootChannel	6	0
Flexo	FFChannelGlobalsListener	6	0
Flexo	FFKVOAdapter	6	0
Flexo	FFRoleColorImageTinter	6	0
Flexo	FFSpeedRange	6	0
Flexo	FFWaitSync	6	0
Flexo	FFWeakPointerCacheEntry	6	0
Flexo	FFCaptionValidatorFactory	6	0
Flexo	FFIXParameterValueStringPair	6	0
Flexo	MXFDMComponent	6	0
Helium	HGParamBufferDesc	6	0
Helium	HGInvertAlpha	6	0
Helium	std::__1::deque<HGNode*, std::__1::allocator<HGNode*>>	6	0
Helium	HGGLContextImpl	6	0
Helium	HGComicLookupFilterLUTBitmapResource	6	0
Helium	HGTexturePoolingPolicy	6	0
Helium	NoPaddingPolicy	6	0
Helium	DefaultPaddingPolicy	6	0
Helium	POTPaddingPolicy	6	0
Helium	BorderPaddingPolicy	6	0
Helium	ClusteredPaddingPolicy	6	0
Helium	HGPool	6	0
Helium	HGStats::CoreStats<HGNode, __HGStats_private::StatsProfile>	6	0
Helium	__HGStats_private::RRStatsProfile	6	0
Helium	HGMix	6	0
Helium	HGLUTCache	6	0
Helium	HGLUTCacheManager	6	0
Helium	HGYUV444ToPlanarAlpha	6	0
Helium	HGPQ::InverseOOTF	6	0
Helium	HGPQ::OETF	6	0
Helium	HGPQ::InverseOETF	6	0
Helium	HGHybridQTGammaLog::Encode	6	0
Helium	HGHybridQTGammaLog::Decode	6	0
Helium	HGARRILogC::Encode	6	0
Helium	HGARRILogC::Decode	6	0
Helium	HGAppleLog::Encode	6	0
Helium	HGBMDFilm::Encode	6	0
Helium	HGBMDFilmGen5::Encode	6	0
Helium	HGCanonLog::Encode	6	0
Helium	HGFujifilmFLog::Encode	6	0
Helium	HGSonySLog2::Encode	6	0
Helium	HGSonySLog3::Encode	6	0
Helium	HGSony709_800_MLUT	6	0
Helium	HGCameraLogEncode	6	0
Helium	HGColorGammaLUTInfo	6	0
Helium	HGCanonLog2LinearizationLUTInfo	6	0
Helium	HGAYCCToneCurveToLinearLUTInfo	6	0
Helium	HGLinearToAYCCToneCurveLUTInfo	6	0
Helium	HG_ERsRGBToneCurveToLinearLUTInfo	6	0
Helium	HGLinearToERsRGBToneCurveLUTInfo	6	0
Helium	HGIQA	6	0
Helium	HGPremultiply	6	0
Helium	HGUnpremultiply	6	0
Helium	HGPremultiplyWhiteToBlack	6	0
Helium	HGMetalTexture::Descriptor	6	0
Helium	HGRasterizerTextureUnit	6	0
Helium	HGColorBias	6	0
Helium	HGPool::FixedGroupServicingPolicy	6	0
Helium	HGClampPremultiplied	6	0
Helium	HGColorConformNodeListCacheItem	6	0
Helium	HGMetalSamplerStateCache	6	0
Helium	HGMetalDepthStencilStateCache	6	0
Helium	HGMetalCommandBufferRef	6	0
Helium	HGEdgePolicy	6	0
Helium	HGG9Y<HgcBlur_cs9s_rect>	6	0
Helium	HGG9Y<HgcBlur_cs9s>	6	0
Helium	HGG9D2Y<HgcBlur_cs9s_rect>	6	0
Helium	HGG9D2Y<HgcBlur_cs9s>	6	0
Helium	HGG4U2Y<HgcBlur_g4u2_rect>	6	0
Helium	HGG4U2Y<HgcBlur_g4u2>	6	0
Helium	HGAVATemporalAverage	6	0
Helium	HGAVAMotionDetection	6	0
Helium	HGCrop	6	0
Helium	HKColorMatrix	6	0
Helium	HKCrop	6	0
Helium	HKBrightness	6	0
Helium	HKRenderManager	6	0
Helium	HKAntiAlias	6	0
ProChannel	OZCurveDouble	5	0
ProChannel	OZCurveInt	5	0
ProChannel	OZCurveAngle	5	0
ProChannel	OZCurveEnum	5	0
ProChannel	std::__1::vector<OZVertex*, std::__1::allocator<OZVertex*>>	5	0
ProChannel	OZCatmullRomInterpolator	5	0
ProChannel	OZHermiteInterpolator	5	0
ProChannel	OZChannelBase::ResetCallbackDataTable	5	0
ProChannel	PCMatrix44Tmpl<double>	5	0
ProChannel	non-virtual thunk to OZChannelVaryingFolder	5	0
ProChannel	OZCurvePercent	5	0
ProChannel	CHChannelGradientPositioned	5	0
ProChannel	CHChannelUndoState	5	0
ProChannel	CHChannelPosition	5	0
ProChannel	CHChannelPositionPercent	5	0
ProChannel	CHChannelScale	5	0
ProChannel	CHChannelGradientWithAngle	5	0
ProCore	PCNullPointerException	5	0
ProCore	PCTimeRange	5	0
ProCore	std::__1::deque<PCSerializerReadStream::HandlerInfo, std::__1::allocator<PCSerializerReadStream::HandlerInfo>>	5	0
ProCore	PCAudioBuffer	5	0
ProCore	std::__1::__shared_ptr_pointer<CGDataProvider*, void (*)(CGDataProvider*), std::__1::allocator<CGDataProvider>>	5	0
ProCore	std::__1::__shared_ptr_pointer<CGImage*, void (*)(CGImage*), std::__1::allocator<CGImage>>	5	0
ProCore	std::__1::__shared_ptr_pointer<CGContext*, void (*)(CGContext*), std::__1::allocator<CGContext>>	5	0
ProCore	std::__1::__shared_ptr_pointer<CGColor*, void (*)(void const*), std::__1::allocator<CGColor>>	5	0
ProCore	std::__1::__shared_ptr_pointer<__CFDictionary*, void (*)(void const*), std::__1::allocator<__CFDictionary>>	5	0
ProCore	std::__1::__shared_ptr_pointer<CGImageDestination*, void (*)(void const*), std::__1::allocator<CGImageDestination>>	5	0
ProCore	std::__1::vector<unsigned char, std::__1::allocator<unsigned char>>	5	0
ProCore	std::__1::__shared_ptr_pointer<PCBitmap*, std::__1::shared_ptr<PCBitmap>::__shared_ptr_default_delete<PCBitmap, PCBitmap>, std::__1::allocator<PCBitmap>>	5	0
ProCore	FatLine	5	0
ProCore	std::__1::deque<std::__1::pair<std::__1::vector<PCVector2<double>, std::__1::allocator<PCVector2<double>>>, std::__1::vector<PCVector2<double>, std::__1::allocator<PCVector2<double>>>>, std::__1::allocator<std::__1::pair<std::__1::vector<PCVector2<double>, std::__1::allocator<PCVector2<double>>>, std::__1::vector<PCVector2<double>, std::__1::allocator<PCVector2<double>>>>>>	5	0
ProCore	std::__1::deque<std::__1::pair<BezInfo, BezInfo>, std::__1::allocator<std::__1::pair<BezInfo, BezInfo>>>	5	0
ProCore	std::__1::__shared_ptr_pointer<std::__1::__empty_state<char>*, std::__1::shared_ptr<std::__1::__empty_state<char>>::__shared_ptr_default_delete<std::__1::__empty_state<char>, std::__1::__empty_state<char>>, std::__1::allocator<std::__1::__empty_state<char>>>	5	0
ProCore	std::__1::vector<std::__1::sub_match<char const*>, std::__1::allocator<std::__1::sub_match<char const*>>>	5	0
ProCore	std::__1::__loop<char>	5	0
ProCore	PCFilterUtils	5	0
ProCore	PCAutoreleasePool	5	0
ProCore	std::__1::vector<unsigned short, std::__1::allocator<unsigned short>>	5	0
ProCore	std::__1::__shared_ptr_pointer<std::__1::vector<unsigned char, std::__1::allocator<unsigned char>>*, std::__1::shared_ptr<std::__1::vector<unsigned char, std::__1::allocator<unsigned char>>>::__shared_ptr_default_delete<std::__1::vector<unsigned char, std::__1::allocator<unsigned char>>, std::__1::vector<unsigned char, std::__1::allocator<unsigned char>>>, std::__1::allocator<std::__1::vector<unsigned char, std::__1::allocator<unsigned char>>>>	5	0
ProCore	std::__1::__shared_ptr_pointer<__sFILE*, int (*)(__sFILE*), std::__1::allocator<__sFILE>>	5	0
ProCore	ProCore_Impl::PCNSRefImpl	5	0
ProCore	PCSubscriptionFeature	5	0
ProCore	PCGeoKitWrapper	5	0
ProCore	NSValue	5	0
ProCore	PCMutableCaptionCEA608	5	0
Ozone	OZObject::iterator_t<OZSceneNode, true, true, OZObject::defaultValidator>	5	0
Ozone	OZObject::iterator_t<OZElement, false, true, OZObject::defaultValidator>	5	0
Ozone	std::__1::__shared_ptr_pointer<OZSyncSoundPlaybackClock*, std::__1::shared_ptr<OZPlaybackClock>::__shared_ptr_default_delete<OZPlaybackClock, OZSyncSoundPlaybackClock>, std::__1::allocator<OZSyncSoundPlaybackClock>>	5	0
Ozone	std::__1::__shared_ptr_pointer<OZEveryFramePlaybackClock*, std::__1::shared_ptr<OZPlaybackClock>::__shared_ptr_default_delete<OZPlaybackClock, OZEveryFramePlaybackClock>, std::__1::allocator<OZEveryFramePlaybackClock>>	5	0
Ozone	std::__1::__shared_ptr_pointer<OZFrameQueue*, std::__1::shared_ptr<OZFrameQueue>::__shared_ptr_default_delete<OZFrameQueue, OZFrameQueue>, std::__1::allocator<OZFrameQueue>>	5	0
Ozone	std::__1::__shared_ptr_pointer<OZIdentityTimeStrategy*, std::__1::shared_ptr<OZTimeStrategy>::__shared_ptr_default_delete<OZTimeStrategy, OZIdentityTimeStrategy>, std::__1::allocator<OZIdentityTimeStrategy>>	5	0
Ozone	std::__1::__shared_ptr_pointer<OZFootageScheduler*, std::__1::shared_ptr<OZFootageScheduler>::__shared_ptr_default_delete<OZFootageScheduler, OZFootageScheduler>, std::__1::allocator<OZFootageScheduler>>	5	0
Ozone	std::__1::__shared_ptr_pointer<OZPlaybackScheduler*, std::__1::shared_ptr<OZPlaybackScheduler>::__shared_ptr_default_delete<OZPlaybackScheduler, OZPlaybackScheduler>, std::__1::allocator<OZPlaybackScheduler>>	5	0
Ozone	OZObject::all_iterator_t<OZObjectManipulator, true, true, OZObject::defaultAllValidator>	5	0
Ozone	PCIllegalArgumentException	5	0
Ozone	std::__1::__shared_ptr_pointer<PCMutex*, std::__1::shared_ptr<PCMutex>::__shared_ptr_default_delete<PCMutex, PCMutex>, std::__1::allocator<PCMutex>>	5	0
Ozone	PCAssertionException	5	0
Ozone	OZChannelDouble	5	0
Ozone	OZChannelUint32	5	0
Ozone	std::__1::__shared_ptr_pointer<PCBitmap_t<PCPixel4<ProCore::Private::PixelInfoTemplate<(PCPixelFormat::ChannelOrder)3>>>*, std::__1::shared_ptr<PCBitmap>::__shared_ptr_default_delete<PCBitmap, PCBitmap_t<PCPixel4<ProCore::Private::PixelInfoTemplate<(PCPixelFormat::ChannelOrder)3>>>>, std::__1::allocator<PCBitmap_t<PCPixel4<ProCore::Private::PixelInfoTemplate<(PCPixelFormat::ChannelOrder)3>>>>>	5	0
Ozone	std::__1::__shared_ptr_pointer<PCAudioBuffer*, OZDeleteSharedAudio, std::__1::allocator<PCAudioBuffer>>	5	0
Ozone	std::__1::__shared_ptr_pointer<OZOpticalFlow::VectorField*, std::__1::shared_ptr<OZOpticalFlow::VectorField>::__shared_ptr_default_delete<OZOpticalFlow::VectorField, OZOpticalFlow::VectorField>, std::__1::allocator<OZOpticalFlow::VectorField>>	5	0
Ozone	std::__1::__shared_ptr_pointer<(anonymous namespace)::RGBAVectorField*, std::__1::shared_ptr<(anonymous namespace)::RGBAVectorField>::__shared_ptr_default_delete<(anonymous namespace)::RGBAVectorField, (anonymous namespace)::RGBAVectorField>, std::__1::allocator<(anonymous namespace)::RGBAVectorField>>	5	0
Ozone	std::__1::vector<bool, std::__1::allocator<bool>>	5	0
Ozone	OZChannelColorCorrection	5	0
Ozone	std::__1::__shared_ptr_pointer<OZFactoryBase*, std::__1::shared_ptr<OZFactoryBase>::__shared_ptr_default_delete<OZFactoryBase, OZFactoryBase>, std::__1::allocator<OZFactoryBase>>	5	0
Ozone	std::__1::__shared_ptr_pointer<(anonymous namespace)::FinishUniforms*, std::__1::shared_ptr<(anonymous namespace)::FinishUniforms>::__shared_ptr_default_delete<(anonymous namespace)::FinishUniforms, (anonymous namespace)::FinishUniforms>, std::__1::allocator<(anonymous namespace)::FinishUniforms>>	5	0
Ozone	ProShade::Node	5	0
Ozone	ProShade::Sampler	5	0
Ozone	OZRenderState::TransformSet	5	0
Ozone	std::__1::__shared_ptr_pointer<std::__1::set<OZSnap, std::__1::less<OZSnap>, std::__1::allocator<OZSnap>>*, std::__1::shared_ptr<std::__1::set<OZSnap, std::__1::less<OZSnap>, std::__1::allocator<OZSnap>>>::__shared_ptr_default_delete<std::__1::set<OZSnap, std::__1::less<OZSnap>, std::__1::allocator<OZSnap>>, std::__1::set<OZSnap, std::__1::less<OZSnap>, std::__1::allocator<OZSnap>>>, std::__1::allocator<std::__1::set<OZSnap, std::__1::less<OZSnap>, std::__1::allocator<OZSnap>>>>	5	0
Ozone	std::__1::__shared_ptr_pointer<PCBitmap*, std::__1::shared_ptr<PCBitmap>::__shared_ptr_default_delete<PCBitmap, PCBitmap>, std::__1::allocator<PCBitmap>>	5	0
Ozone	std::__1::__shared_ptr_pointer<OZLibraryPresetsMap*, std::__1::shared_ptr<OZLibraryPresetsMap>::__shared_ptr_default_delete<OZLibraryPresetsMap, OZLibraryPresetsMap>, std::__1::allocator<OZLibraryPresetsMap>>	5	0
Ozone	std::__1::__shared_ptr_pointer<PCBitmap*, (anonymous namespace)::Deleter, std::__1::allocator<PCBitmap>>	5	0
Ozone	std::__1::__shared_ptr_pointer<PCBitmap_t<PCPixel4<ProCore::Private::PixelInfoTemplate<(PCPixelFormat::ChannelOrder)13>>>*, std::__1::shared_ptr<PCBitmap>::__shared_ptr_default_delete<PCBitmap, PCBitmap_t<PCPixel4<ProCore::Private::PixelInfoTemplate<(PCPixelFormat::ChannelOrder)13>>>>, std::__1::allocator<PCBitmap_t<PCPixel4<ProCore::Private::PixelInfoTemplate<(PCPixelFormat::ChannelOrder)13>>>>>	5	0
Ozone	non-virtual thunk to OZSimSystemMoToFoBehavior	5	0
Ozone	Li3DEngineObjectDataBase	5	0
Ozone	std::__1::__shared_ptr_pointer<Li3DEngineObjectData*, std::__1::shared_ptr<Li3DEngineObjectData>::__shared_ptr_default_delete<Li3DEngineObjectData, Li3DEngineObjectData>, std::__1::allocator<Li3DEngineObjectData>>	5	0
Ozone	std::__1::__shared_ptr_pointer<PCCache<PCHash128, OZMetalTextureCache::CacheData, PCSpinLock, std::__1::less<PCHash128>>*, std::__1::shared_ptr<PCCache<PCHash128, OZMetalTextureCache::CacheData, PCSpinLock, std::__1::less<PCHash128>>>::__shared_ptr_default_delete<PCCache<PCHash128, OZMetalTextureCache::CacheData, PCSpinLock, std::__1::less<PCHash128>>, PCCache<PCHash128, OZMetalTextureCache::CacheData, PCSpinLock, std::__1::less<PCHash128>>>, std::__1::allocator<PCCache<PCHash128, OZMetalTextureCache::CacheData, PCSpinLock, std::__1::less<PCHash128>>>>	5	0
Ozone	PCCacheImpl<PCHash128, OZMetalTextureCache::CacheData, PCSpinLock, std::__1::less<PCHash128>>	5	0
Ozone	non-virtual thunk to OZLayeredMaterialSequenceFolder	5	0
Ozone	OZLiSegmentationFilter	5	0
Ozone	OZLiHePixelTransformFixer	5	0
Ozone	std::__1::__shared_ptr_pointer<__sFILE*, int (*)(__sFILE*), std::__1::allocator<__sFILE>>	5	0
Ozone	std::__1::__shared_ptr_pointer<OZOpticalFlow::CacheFile::Impl*, void (*)(OZOpticalFlow::CacheFile::Impl*), std::__1::allocator<OZOpticalFlow::CacheFile::Impl>>	5	0
Ozone	OZOpticalFlow::JobID	5	0
Ozone	OZLayerDistributor::Snapshot	5	0
Ozone	OZ_HFBase	5	0
Ozone	OZFxPlugRenderContext	5	0
Ozone	OZFxRenderContextAgentSentry	5	0
Ozone	std::__1::__shared_ptr_pointer<OZRenderResult*, std::__1::shared_ptr<OZRenderResult>::__shared_ptr_default_delete<OZRenderResult, OZRenderResult>, std::__1::allocator<OZRenderResult>>	5	0
Ozone	std::__1::__shared_ptr_pointer<PGMetalTexture*, std::__1::shared_ptr<PGMetalTexture>::__shared_ptr_default_delete<PGMetalTexture, PGMetalTexture>, std::__1::allocator<PGMetalTexture>>	5	0
Ozone	OZHGHashPrefetchJob	5	0
Ozone	OZCoreTextTypeface	5	0
Ozone	std::__1::__shared_ptr_pointer<OZCoreTextTypeface*, std::__1::shared_ptr<OZCoreTextTypeface>::__shared_ptr_default_delete<OZCoreTextTypeface, OZCoreTextTypeface>, std::__1::allocator<OZCoreTextTypeface>>	5	0
Ozone	std::__1::__exception_guard_exceptions<std::__1::_AllocatorDestroyRangeReverse<std::__1::allocator<HGBinding>, HGBinding*>>	5	0
Ozone	std::__1::reverse_iterator<HGBinding*>	5	0
Ozone	OZSegmentationEditModeCtrl	5	0
Ozone	PluginErrorTester	5	0
Ozone	OZAlphaTypeController	5	0
Ozone	OZTimelineLayerScroll	5	0
Ozone	OZCenteredTextFieldCell	5	0
Ozone	OZLinkedTexturesController	5	0
Ozone	OZChanObjectRootController	5	0
Ozone	OZLibraryBrowserCell	5	0
Ozone	OZCircleTool	5	0
Ozone	OZPickLayerPanel	5	0
Ozone	TryCandidateData	5	0
Ozone	OZMediaOpenPanelDelegate	5	0
Ozone	OZRestoreProjectController	5	0
Ozone	OZRamCachePreview	5	0
Ozone	NSString	5	0
Ozone	OZImageMaskHUDController	5	0
Ozone	OZFxPlugGamutNotificationReceiver	5	0
Ozone	OZOpticalFlowInvalidController	5	0
Ozone	OZOpticalFlowTableView	5	0
Ozone	OZLightInspectorController	5	0
Ozone	OZRotate3DHUDButton	5	0
Ozone	OZBezierTool	5	0
Ozone	OZBSplineTool	5	0
Ozone	OZBezierMaskTool	5	0
Ozone	OZBSplineMaskTool	5	0
Ozone	OZMoChanGradientStripController	5	0
Ozone	OZDistributeLayersButtonCell	5	0
Ozone	OZConvertProjectToEffectController	5	0
Ozone	OZRigSliderRangeCtlr	5	0
Ozone	OZFxPlugColorCorrectionController	5	0
Ozone	OZFootageListOutlineView	5	0
Ozone	OZFxPlugRemoteViewRestarter	5	0
Flexo	FFColorAnalysis	5	0
Flexo	FFSilentAudioSignal	5	0
Flexo	std::__1::vector<unsigned int, std::__1::allocator<unsigned int>>	5	0
Flexo	FFLoudnessAnalyzerInputReader	5	0
Flexo	std::__1::__shared_ptr_pointer<std::__1::vector<FFRetimingAudioSegment, std::__1::allocator<FFRetimingAudioSegment>>*, std::__1::shared_ptr<std::__1::vector<FFRetimingAudioSegment, std::__1::allocator<FFRetimingAudioSegment>>>::__shared_ptr_default_delete<std::__1::vector<FFRetimingAudioSegment, std::__1::allocator<FFRetimingAudioSegment>>, std::__1::vector<FFRetimingAudioSegment, std::__1::allocator<FFRetimingAudioSegment>>>, std::__1::allocator<std::__1::vector<FFRetimingAudioSegment, std::__1::allocator<FFRetimingAudioSegment>>>>	5	0
Flexo	FFImageRepDeferredBlockImageAndState	5	0
Flexo	FlushManager	5	0
Flexo	FFScheduledReadAudioCache	5	0
Flexo	OZObjectTrackerUtils	5	0
Flexo	FFAudioPlaybackUnit	5	0
Flexo	std::__1::__shared_ptr_pointer<FFAudioPlaybackBuffer*, std::__1::shared_ptr<FFAudioPlaybackBuffer>::__shared_ptr_default_delete<FFAudioPlaybackBuffer, FFAudioPlaybackBuffer>, std::__1::allocator<FFAudioPlaybackBuffer>>	5	0
Flexo	DisconnectAudioDestWorkerTask	5	0
Flexo	std::__1::__shared_ptr_pointer<FFAudioPlaybackScrubBuffer*, std::__1::shared_ptr<FFAudioPlaybackScrubBuffer>::__shared_ptr_default_delete<FFAudioPlaybackScrubBuffer, FFAudioPlaybackScrubBuffer>, std::__1::allocator<FFAudioPlaybackScrubBuffer>>	5	0
Flexo	std::__1::__shared_ptr_pointer<AudioBufferConverter*, std::__1::shared_ptr<AudioBufferConverter>::__shared_ptr_default_delete<AudioBufferConverter, AudioBufferConverter>, std::__1::allocator<AudioBufferConverter>>	5	0
Flexo	std::__1::__shared_ptr_pointer<FFAudioBufferList*, std::__1::shared_ptr<FFAudioBufferList>::__shared_ptr_default_delete<FFAudioBufferList, FFAudioBufferList>, std::__1::allocator<FFAudioBufferList>>	5	0
Flexo	std::__1::__shared_ptr_pointer<FFAudioInputCallbackAdapter*, std::__1::shared_ptr<FFAudioInputCallbackAdapter>::__shared_ptr_default_delete<FFAudioInputCallbackAdapter, FFAudioInputCallbackAdapter>, std::__1::allocator<FFAudioInputCallbackAdapter>>	5	0
Flexo	std::__1::__shared_ptr_pointer<FFAudioInputGraphAdapter*, std::__1::shared_ptr<FFAudioInputGraphAdapter>::__shared_ptr_default_delete<FFAudioInputGraphAdapter, FFAudioInputGraphAdapter>, std::__1::allocator<FFAudioInputGraphAdapter>>	5	0
Flexo	PainterPipelineStatesForDeviceAndMTLPixelFormat	5	5
Flexo	FFPlaybackStateInfo	5	0
Flexo	FFPlayerLockDeferredWork	5	5
Flexo	std::__1::__shared_ptr_pointer<FFScheduledReadAudioFile*, std::__1::shared_ptr<FFScheduledReadAudioFile>::__shared_ptr_default_delete<FFScheduledReadAudioFile, FFScheduledReadAudioFile>, std::__1::allocator<FFScheduledReadAudioFile>>	5	0
Flexo	non-virtual thunk to FFMXFAudioCursor	5	0
Flexo	FFAVFQTAudioCursor	5	0
Flexo	FFAVFQTTimecodeCursor	5	0
Flexo	FFAVFQTMetadataCursor	5	0
Flexo	FFDiskReadJobProcessor	5	0
Flexo	FFCentralDecodingUnitManager	5	0
Flexo	FFCentralDecodingUnit	5	0
Flexo	non-virtual thunk to FFMXFVideoCursor	5	0
Flexo	FFVTDecompressionSession::DecodeRecord	5	0
Flexo	StorageTypeCheck	5	0
Flexo	UpdateSoloedObjectsTask	5	0
Flexo	UpdateSequenceTask	5	0
Flexo	AdvanceScopingWindowTask	5	0
Flexo	FFAudioGainChannelChaserUpdateTask	5	0
Flexo	FFStreamSharedHGNodeInfo	5	0
Flexo	ausdk::AUEffectBase	5	0
Flexo	AUOutputBusJoiner::BusHandler	5	0
Flexo	AUPassThrough	5	0
Flexo	MonoPanner	5	0
Flexo	FFAudioBufferListLocklessQueue	5	0
Flexo	FFAudioSignal	5	0
Flexo	FFSegStoreDecompressionRefCon	5	0
Flexo	FFLockerWithCallbacks	5	0
Flexo	FFThreadLocalCountedSetSupport	5	1
Flexo	FFAutoReframeAnalysis	5	0
Flexo	FFDestDominantMotionPrivate	5	0
Flexo	MXF::MXFScanInfo	5	0
Flexo	MXF::MXFMPEGPictureDataDecoder	5	0
Flexo	MXF::MXFADTSStream	5	0
Flexo	MXF::MXFHEVCPictureDataDecoder	5	0
Flexo	FFCaptionSRTFormatDefaultValues	5	0
Flexo	FFInspectorCaptionValidationNodeTree	5	0
Flexo	FFColorMatchUserEffect	5	0
Flexo	FFColorSlider	5	0
Flexo	FFCcAnimStateCell	5	0
Flexo	FFPentaSliderRightContrastThumbCell	5	0
Flexo	FFSegmentedControl	5	0
Flexo	_Analysis	5	0
Flexo	FFColorFolderController	5	0
Flexo	FFColorFolderLabelController	5	0
Flexo	FFSourceAudioGenerator	5	0
Flexo	FFVideoSegmenter	5	0
Flexo	FFActiveToolFolder	5	0
Flexo	FFAudioComponentsConfigurations	5	0
Flexo	FFTimingMetadata	5	0
Flexo	FFTimingMetadataEntryTempoData	5	0
Flexo	FFFailedDownload	5	0
Flexo	FFLibraryBackupFolder	5	0
Flexo	FFAudioDuckingSlaveGroup	5	0
Flexo	FFAnchoredObjectNoChannelsMediaSource	5	0
Flexo	FFBaseDSObjectReplacement	5	0
Flexo	FFOverrideButton	5	0
Flexo	FFYetAnotherAddEffectCommand	5	0
Flexo	FFToggleAllAudioLanesCommand	5	0
Flexo	FFToggleAllSubrolesCommand	5	0
Flexo	FFDupeDetectionMediaIdentifier	5	0
Flexo	FFDupeDetectionMediaUsageIdentifierWrapperMediaIdentifier	5	0
Flexo	FFHorizontalShuffleIterator	5	0
Flexo	FFTrimAdapterFactory	5	0
Flexo	FFMonitorAudioAngleOperation	5	0
Flexo	FFOpenStackBadgesOperation	5	0
Flexo	FFPopUpMultiAngleMenuOperation	5	0
Flexo	FFAudioUnitEffectSavePresetSheetController	5	0
Flexo	FFHeConsumerSolidColorEffect	5	0
Flexo	FFRollingShutterEffectNotificationHandler	5	0
Flexo	FFAddAlphaEffect	5	0
Flexo	FFStabilizationEffectNotificationHandler	5	0
Flexo	NewKeywordTextField	5	0
Flexo	iMovieFallingTextLayer	5	0
Flexo	iMovieTiltAndSlideTextLayer	5	0
Flexo	iMovieTrackingTextLayer	5	0
Flexo	FFTelestration	5	0
Flexo	_FFColorIsolationQualifierController	5	0
Flexo	FFBGMD5AndBGMatting	5	0
Flexo	FFStreamAudioEffectInputStreamInfo	5	0
Flexo	FFEffectController	5	0
Flexo	FFEffectNodeStreamInfo	5	0
Flexo	FFEffectNodePlaceholderImageLookupInfo	5	0
Flexo	FFEffectRegistryEntry	5	0
Flexo	FFLegacyColorEffectPreset	5	0
Flexo	FFNRFlatInputBufferObj	5	0
Flexo	FFSourceAudioRetimingEffect	5	0
Flexo	FFAudioBeatDetectionSliderController	5	0
Flexo	FFAssetTranscodeOperation	5	0
Flexo	FFFileImportValidateFilesDialogController	5	0
Flexo	FFRejectedFileDataSource	5	0
Flexo	FFHGAsyncFanoutResult	5	0
Flexo	FFFlattenNodeScheduleToken	5	0
Flexo	FFARRILogC3DLUTProcessingInfo	5	0
Flexo	FFIMovieIOSTrailerEdits	5	0
Flexo	FFKeywordEditorWindow	5	0
Flexo	FFMediaUsageMappedTimeRange	5	0
Flexo	FFMediaUsageIdentifier	5	0
Flexo	FFAddEffectComponentChooserRoleColorStringPair	5	0
Flexo	FFAudioAnalysisConfigEffectParamController	5	0
Flexo	FFAudioChannelsLayoutTitleData	5	0
Flexo	FFAudioComponentsConfigTileSetupEntry	5	0
Flexo	FFAudioPanModeController	5	0
Flexo	FFCinematicDashedLineLayer	5	0
Flexo	FFCinematicEditorSelection	5	0
Flexo	FFClapperZebraOverlayLayer	5	0
Flexo	FFDataListLaneNodeCache	5	0
Flexo	FFInspectorAudioEffectsController	5	0
Flexo	FFInspectorLegacyAudioEffectsLabelController	5	0
Flexo	FFInspectorOZAudioEffectBrickController	5	0
Flexo	_FFInspectorLabelParameterDrawingContext	5	0
Flexo	FFInspectorControllerDrawSegment	5	0
Flexo	FFInspectorEffectLegacyChannelController	5	0
Flexo	FFInspectorFileInfoBaseTile	5	0
Flexo	FFInspectorFileInfoLocationInfoTile	5	0
Flexo	FFMediaExtensionInspectorInfo	5	0
Flexo	FFInspectorCellBackgroundView	5	0
Flexo	_FFIUExpandingTextField	5	0
Flexo	FFVideoTrackerFolderController	5	0
Flexo	FFOrganizerFilterHUDAnalysisKeywordsTileModule	5	0
Flexo	FFOrganizerFilterHUDStabilizationTileModule	5	0
Flexo	FFOrganizerListViewCheckBoxCellView	5	0
Flexo	FFOrganizerListViewImageTextCellView	5	0
Flexo	FFOrganizerFilmListOutlineTableColumn	5	0
Flexo	FFMDAbstractLibraryCenteringView	5	0
Flexo	FFMDEmptyModule	5	0
Flexo	FFBGPurgeUnusedForEvent	5	0
Flexo	FFProjectExtrasSidebarNode	5	0
Flexo	FFProjectExtrasITunesNode	5	0
Flexo	FFProjectExtrasMusicNode	5	0
Flexo	FFProjectExtrasAppleTVNode	5	0
Flexo	FFProjectExtrasSoundEffectsNode	5	0
Flexo	FFMtlLayer	5	0
Flexo	FFSubRoleTableCellView	5	0
Flexo	FFPixelmatorAvailability	5	0
Flexo	FFShareDestinationFacebookController	5	0
Flexo	FFShareDestinationVideoPresetsMakerNonBroadcastVideoCase	5	0
Flexo	FFVectorscopeModeLabelLayer	5	0
Flexo	FFVectorscopeBackgroundLayer	5	0
Flexo	FFWaveformModeLabelLayer	5	0
Flexo	FFDestVideoScopes	5	0
Flexo	OKPaneCapItemView	5	0
Flexo	FFBackgroundLoadRequest	5	0
Flexo	FFBackgroundValue	5	0
Flexo	FFAudioMatchRequest	5	0
Flexo	FFRAWProcessingParameterString	5	0
Flexo	_REDRAWScrubbableNumberFormatter	5	0
Flexo	FFColorNeutralizeOrMatchButton	5	0
Flexo	_AddMaskButtonCell	5	0
Flexo	FFTitleTextView	5	0
Flexo	FFTransportTimecodeFormatter	5	0
Flexo	FFPMRScreenRefreshController	5	0
Flexo	FFPMR	5	0
Flexo	FFDisableAudioScrubbingObserver	5	0
Flexo	FFVoiceOverRecordingInfo	5	0
Flexo	FFStreamVideoCGANIM	5	0
Flexo	FFAVFMediaReaderSampleBufferCompletionTracker	5	0
Flexo	FFAutoScheduledMetadata	5	0
Flexo	FFSourceLongGOPAnalysis	5	0
Flexo	FFStreamVideoLongGOPAnalysis	5	0
Flexo	FFStreamVideoOffline	5	0
Flexo	FFStreamVideoPDF	5	0
Flexo	FFAudioEffectsRenderer	5	0
Flexo	FFSnappingGuidesAndClips	5	0
Flexo	FF_POSIX_FileBuf	5	0
Flexo	FF_RPE_CacheInfo	5	0
Flexo	FFFullyReadyScheduleToken	5	0
Flexo	FFContainerExternalPlayObjectsMap	5	0
Flexo	FFStreamAudioSubset	5	0
Flexo	FFStreamMetadataContainer	5	0
Flexo	FFStreamVideoCache	5	0
Flexo	FFFlattenViaRQCustomJobObj	5	0
Flexo	FFResponderLayerPushButton	5	0
Flexo	FFEffectHandleForDataSource	5	0
Flexo	FFEffectStackHandleForDataSource	5	0
Flexo	FFItemHandleForDataSource	5	0
Flexo	FFSegmentationMaskIndicatorLayer	5	0
Flexo	FFAdjustmentToolSlider	5	0
Flexo	FFFavoritePaintTool	5	0
Flexo	FFToolManagerActiveToolStackOperation	5	0
Flexo	NSAppleEventDescriptor	5	0
Flexo	FFiTTMetadataController	5	0
Flexo	FFTranscriptionProcessorRequest	5	0
Flexo	FFFlexMusicTestProvider	5	0
Flexo	FFAudioPreprocessorLoudnessMeter	5	0
Flexo	FFAudioUtilities	5	0
Flexo	FFAppendUnitsFormatter	5	0
Flexo	FFActiveToolFolderController	5	0
Flexo	FFBackgroundRenderJobRecheckRangesAndMD5	5	0
Flexo	FFChannelActionScopeEntry	5	0
Flexo	FFLayerAnimationDelegate	5	0
Flexo	FFLogResultsAlert	5	0
Flexo	FFNotificationCallbackAdapter	5	0
Flexo	FFCacheGroupInfo	5	0
Flexo	FFPluginDirectoryScanner	5	0
Flexo	FFAutoReframeTrackAnalysisResults	5	0
Flexo	FFVideoAnalysisCollatedFaceFrame	5	0
Flexo	FFSceneDetectionAnalysisResults	5	0
Flexo	FFSceneDetectionCommand	5	0
Flexo	FFMediaRepTextField	5	0
Flexo	MXFTCComponent	5	0
Helium	std::__1::basic_string<char, std::__1::char_traits<char>, std::__1::allocator<char>>	5	0
Helium	HEquirectReorientImpl	5	0
Helium	HGCFDataRefHolder	5	0
Helium	std::__1::deque<HGNode const*, std::__1::allocator<HGNode const*>>	5	0
Helium	HGCVBufferPairStorage	5	0
Helium	hgdb	5	0
Helium	TextureDeleteQueueLock	5	0
Helium	HGTextureManager::TextureEntry	5	0
Helium	HGPool::List<id<MTLTexture>, HGMetalTexturePool::Descriptor, false>	5	0
Helium	HGStats::CoreStats<std::type_info const, __HGStats_private::StatsProfile>	5	0
Helium	HGShaderBinding	5	0
Helium	HGSystem	5	5
Helium	HGLUTCache::LUTEntry	5	0
Helium	Planar_420to444_Type0<HgcYUV420TriPlanar_420To444_Type0, 3>	5	0
Helium	Planar_420to444_Type0<HgcYUV420BiPlanar_420To444_Type0, 2>	5	0
Helium	HGCColorGamma_2vuy_yxzx_expand	5	0
Helium	HGCColorGamma_2vuy_xyxz_expand	5	0
Helium	HGCColorGamma_v210_yxzx_rgba_expand	5	0
Helium	HGCColorGamma_v216_yxzx_expand	5	0
Helium	HGCPixelFormatConversion_kV4B_WXYZ_output	5	0
Helium	HGCPixelFormatConversion_kV4S_WXYZ_output	5	0
Helium	HGCPixelFormatConversion_kV4F_WXYZ_output	5	0
Helium	HGCPixelFormatConversion_kV4S_BE_WXYZ_output	5	0
Helium	HGCPixelFormatConversion_kV4B10Bit_BE_output	5	0
Helium	HGCColorGamma_chroma_upsample_f1	5	0
Helium	HGCColorGamma_2vuy_yxzx_collapse	5	0
Helium	HGCColorGamma_2vuy_xyxz_collapse	5	0
Helium	HGCColorGamma_v210_yxzx_rgba_collapse	5	0
Helium	HGCColorGamma_v216_yxzx_collapse	5	0
Helium	HGGPUReadbackJob	5	0
Helium	HGMultiTexBlendBase	5	0
Helium	HGComputeDevice	5	0
Helium	HGCPUComputeDevice	5	0
Helium	shlRGB2YIQ	5	0
Helium	shlYIQ2RGB	5	5
Helium	HGNodeBuffer	5	0
Helium	HGPool::List<id<MTLHeap>, HGMetalHeapPool::Descriptor, false>	5	0
Helium	HGPool::List<id<MTLBuffer>, HGMetalBufferWrapperInfinipool::Descriptor, false>	5	0
Helium	HGPool::List<id<MTLTexture>, HGMetalTextureWrapperInfinipool::Descriptor, false>	5	0
Helium	HGPool::List<id<MTLBuffer>, HGMetalBufferPool::Descriptor, false>	5	0
Helium	HGPool::FixedServicingPolicy	5	0
Helium	HGMemory::StorageObject	5	0
Helium	HGSmDecN_Shader	5	0
Helium	HGCVPixelBufferPoolImpl	5	0
Helium	HGPool::List<__CVBuffer*, HGCVPixelBufferPool::Descriptor, false>	5	0
Helium	HGBS::HGBlurShared	5	0
Helium	HGG9D2X<HgcBlur_cs9s_rect>	5	0
Helium	HGG9D2X<HgcBlur_cs9s>	5	0
Helium	HGSWRenderer	5	0
Helium	HKColorSpace	5	0
ProChannel	std::__1::vector<CMTime, std::__1::allocator<CMTime>>	4	0
ProChannel	std::__1::vector<OZCurveNode*, std::__1::allocator<OZCurveNode*>>	4	0
ProChannel	OZDynamicVertex::OZDynamicVertex_enabledImpl	4	0
ProChannel	OZDynamicVertex::OZDynamicVertex_biasImpl	4	0
ProChannel	OZDynamicVertex::OZDynamicVertex_tanInVImpl	4	0
ProChannel	OZDynamicVertex::OZDynamicVertex_tanOutVImpl	4	0
ProChannel	PCSerializerWriteStream	4	0
ProChannel	OZChannelColor::OZChannelColor_alpha_zeroImpl	4	0
ProChannel	OZChannelColor::OZChannelColor_alphaInfo	4	0
ProChannel	OZChannelColor::OZChannelColor_alpha_oneImpl	4	0
ProChannel	OZChannelColorNoAlpha::OZChannelColorNoAlpha_blackImpl	4	0
ProChannel	OZChannelColorNoAlpha::OZChannelColorNoAlpha_whiteImpl	4	0
ProChannel	OZChannelColorNoAlpha::OZChannelColorNoAlpha_redSample1Impl	4	0
ProChannel	OZChannelColorNoAlpha::OZChannelColorNoAlpha_redSample2Impl	4	0
ProChannel	OZChannelColorNoAlpha::OZChannelColorNoAlpha_greyImpl	4	0
ProChannel	OZChannelColorNoAlpha::OZChannelColorNoAlpha_greenSample1Impl	4	0
ProChannel	OZChannelColorNoAlpha::OZChannelColorNoAlpha_greenSample2Impl	4	0
ProChannel	OZChannelColorNoAlpha::OZChannelColorNoAlpha_blueSample1Impl	4	0
ProChannel	OZChannelColorNoAlpha::OZChannelColorNoAlpha_blueSample2Impl	4	0
ProChannel	OZChannelColorNoAlpha::OZChannelColorNoAlpha_colorInfo	4	0
ProChannel	OZChannelColorNoAlpha::OZChannelColorNoAlpha_gammaImpl	4	0
ProChannel	OZChannelColorNoAlpha::OZChannelColorNoAlpha_colorSpaceIDImpl	4	0
ProChannel	OZChannelCrop::OZChannelCrop_valueImpl	4	0
ProChannel	OZStringTablesMap	4	0
ProChannel	OZChannelEnum::OZChannelEnum_valueImpl	4	0
ProChannel	OZChannelEnum::OZChannelEnum_valueInfo	4	0
ProChannel	std::__1::vector<OZChannelBase*, std::__1::allocator<OZChannelBase*>>	4	0
ProChannel	OZChannelGradient::OZChannelGradient_gammaImpl	4	0
ProChannel	OZChannelGradient::OZChannelGradient_colorSpaceIDImpl	4	0
ProChannel	OZChannelGradientExtras::OZChannelGradientExtras_gradientTypeImpl	4	0
ProChannel	non-virtual thunk to OZChannelGradientPositioned	4	0
ProChannel	OZChannelGradientSample::OZChannelGradientSample_interpolationImpl	4	0
ProChannel	OZChannelGradientWithAngle::OZChannelGradientWithAngle_angleImpl	4	0
ProChannel	OZChannelPosition::OZChannelPosition_valueImpl	4	0
ProChannel	OZChannelPosition::OZChannelPosition_valueInfo	4	0
ProChannel	OZChannelScale::OZChannelScale_valueImpl	4	0
ProChannel	OZChannelScale::OZChannelScale_valueInfo	4	0
ProChannel	CHChannelDecibel	4	0
ProCore	PCThreadNS	4	0
ProCore	Json::StreamWriter	4	0
ProCore	std::__1::vector<std::__1::__map_iterator<std::__1::__tree_iterator<std::__1::__value_type<std::__1::tuple<PCCFRef<CGColorSpace*>, PCColorUtil::AlphaFormat, PCCFRef<CGColorSpace*>, PCColorUtil::AlphaFormat>, PCCacheImpl<std::__1::tuple<PCCFRef<CGColorSpace*>, PCColorUtil::AlphaFormat, PCCFRef<CGColorSpace*>, PCColorUtil::AlphaFormat>, PCCFRef<vImageConverter*>, PCNoLock, std::__1::less<std::__1::tuple<PCCFRef<CGColorSpace*>, PCColorUtil::AlphaFormat, PCCFRef<CGColorSpace*>, PCColorUtil::AlphaFormat>>>::Data>, std::__1::__tree_node<std::__1::__value_type<std::__1::tuple<PCCFRef<CGColorSpace*>, PCColorUtil::AlphaFormat, PCCFRef<CGColorSpace*>, PCColorUtil::AlphaFormat>, PCCacheImpl<std::__1::tuple<PCCFRef<CGColorSpace*>, PCColorUtil::AlphaFormat, PCCFRef<CGColorSpace*>, PCColorUtil::AlphaFormat>, PCCFRef<vImageConverter*>, PCNoLock, std::__1::less<std::__1::tuple<PCCFRef<CGColorSpace*>, PCColorUtil::AlphaFormat, PCCFRef<CGColorSpace*>, PCColorUtil::AlphaFormat>>>::Data>, void*>*, long>>, std::__1::allocator<std::__1::__map_iterator<std::__1::__tree_iterator<std::__1::__value_type<std::__1::tuple<PCCFRef<CGColorSpace*>, PCColorUtil::AlphaFormat, PCCFRef<CGColorSpace*>, PCColorUtil::AlphaFormat>, PCCacheImpl<std::__1::tuple<PCCFRef<CGColorSpace*>, PCColorUtil::AlphaFormat, PCCFRef<CGColorSpace*>, PCColorUtil::AlphaFormat>, PCCFRef<vImageConverter*>, PCNoLock, std::__1::less<std::__1::tuple<PCCFRef<CGColorSpace*>, PCColorUtil::AlphaFormat, PCCFRef<CGColorSpace*>, PCColorUtil::AlphaFormat>>>::Data>, std::__1::__tree_node<std::__1::__value_type<std::__1::tuple<PCCFRef<CGColorSpace*>, PCColorUtil::AlphaFormat, PCCFRef<CGColorSpace*>, PCColorUtil::AlphaFormat>, PCCacheImpl<std::__1::tuple<PCCFRef<CGColorSpace*>, PCColorUtil::AlphaFormat, PCCFRef<CGColorSpace*>, PCColorUtil::AlphaFormat>, PCCFRef<vImageConverter*>, PCNoLock, std::__1::less<std::__1::tuple<PCCFRef<CGColorSpace*>, PCColorUtil::AlphaFormat, PCCFRef<CGColorSpace*>, PCColorUtil::AlphaFormat>>>::Data>, void*>*, long>>>>	4	0
ProCore	PCIllegalArgumentException	4	0
ProCore	std::__1::vector<PCString, std::__1::allocator<PCString>>	4	0
ProCore	std::__1::vector<bool, std::__1::allocator<bool>>	4	0
ProCore	PCTimecode	4	0
ProCore	PCDebugByteWriteStream	4	0
ProCore	std::__1::deque<PCStreamElement*, std::__1::allocator<PCStreamElement*>>	4	0
ProCore	PCArray<PCVector2<double>, PCArray_Traits<PCVector2<double>>>	4	0
ProCore	PCDynamicArrayBezier<PCVector2<double>>	4	0
ProCore	std::__1::deque<PCXMLWriteStream::PCXMLElementInfo, std::__1::allocator<PCXMLWriteStream::PCXMLElementInfo>>	4	0
ProCore	std::__1::shared_ptr<PCBitmap>	4	0
ProCore	PCSpinLock	4	1
ProCore	void setConstantAlpha_T<PCBitmap_t<PCGrayAlphaPixel<ProCore::Private::PixelInfoTemplate<(PCPixelFormat	4	0
ProCore	std::__1::__shared_ptr_emplace<PCBitmap_t<PCGrayPixel<ProCore::Private::PixelInfoTemplate<(PCPixelFormat::ChannelOrder)1>>>, std::__1::allocator<PCBitmap_t<PCGrayPixel<ProCore::Private::PixelInfoTemplate<(PCPixelFormat::ChannelOrder)1>>>>>	4	0
ProCore	std::__1::__shared_ptr_emplace<PCBitmap_t<PCGrayAlphaPixel<ProCore::Private::PixelInfoTemplate<(PCPixelFormat::ChannelOrder)2>>>, std::__1::allocator<PCBitmap_t<PCGrayAlphaPixel<ProCore::Private::PixelInfoTemplate<(PCPixelFormat::ChannelOrder)2>>>>>	4	0
ProCore	std::__1::__shared_ptr_emplace<PCBitmap_t<PCPixel4<ProCore::Private::PixelInfoTemplate<(PCPixelFormat::ChannelOrder)3>>>, std::__1::allocator<PCBitmap_t<PCPixel4<ProCore::Private::PixelInfoTemplate<(PCPixelFormat::ChannelOrder)3>>>>>	4	0
ProCore	std::__1::__shared_ptr_emplace<PCBitmap_t<PCPixel4<ProCore::Private::PixelInfoTemplate<(PCPixelFormat::ChannelOrder)4>>>, std::__1::allocator<PCBitmap_t<PCPixel4<ProCore::Private::PixelInfoTemplate<(PCPixelFormat::ChannelOrder)4>>>>>	4	0
ProCore	std::__1::__shared_ptr_emplace<PCBitmap_t<PCPixel4<ProCore::Private::PixelInfoTemplate<(PCPixelFormat::ChannelOrder)5>>>, std::__1::allocator<PCBitmap_t<PCPixel4<ProCore::Private::PixelInfoTemplate<(PCPixelFormat::ChannelOrder)5>>>>>	4	0
ProCore	std::__1::__shared_ptr_emplace<PCBitmap_t<PCPixel4<ProCore::Private::PixelInfoTemplate<(PCPixelFormat::ChannelOrder)6>>>, std::__1::allocator<PCBitmap_t<PCPixel4<ProCore::Private::PixelInfoTemplate<(PCPixelFormat::ChannelOrder)6>>>>>	4	0
ProCore	std::__1::__shared_ptr_emplace<PCBitmap_t<PCGrayPixel<ProCore::Private::PixelInfoTemplate<(PCPixelFormat::ChannelOrder)7>>>, std::__1::allocator<PCBitmap_t<PCGrayPixel<ProCore::Private::PixelInfoTemplate<(PCPixelFormat::ChannelOrder)7>>>>>	4	0
ProCore	std::__1::__shared_ptr_emplace<PCBitmap_t<PCGrayAlphaPixel<ProCore::Private::PixelInfoTemplate<(PCPixelFormat::ChannelOrder)8>>>, std::__1::allocator<PCBitmap_t<PCGrayAlphaPixel<ProCore::Private::PixelInfoTemplate<(PCPixelFormat::ChannelOrder)8>>>>>	4	0
ProCore	std::__1::__shared_ptr_emplace<PCBitmap_t<PCPixel4<ProCore::Private::PixelInfoTemplate<(PCPixelFormat::ChannelOrder)10>>>, std::__1::allocator<PCBitmap_t<PCPixel4<ProCore::Private::PixelInfoTemplate<(PCPixelFormat::ChannelOrder)10>>>>>	4	0
ProCore	std::__1::__shared_ptr_emplace<PCBitmap_t<PCPixel3<ProCore::Private::PixelInfoTemplate<(PCPixelFormat::ChannelOrder)9>>>, std::__1::allocator<PCBitmap_t<PCPixel3<ProCore::Private::PixelInfoTemplate<(PCPixelFormat::ChannelOrder)9>>>>>	4	0
ProCore	std::__1::__shared_ptr_emplace<PCBitmap_t<PCGrayPixel<ProCore::Private::PixelInfoTemplate<(PCPixelFormat::ChannelOrder)11>>>, std::__1::allocator<PCBitmap_t<PCGrayPixel<ProCore::Private::PixelInfoTemplate<(PCPixelFormat::ChannelOrder)11>>>>>	4	0
ProCore	std::__1::__shared_ptr_emplace<PCBitmap_t<PCGrayAlphaPixel<ProCore::Private::PixelInfoTemplate<(PCPixelFormat::ChannelOrder)12>>>, std::__1::allocator<PCBitmap_t<PCGrayAlphaPixel<ProCore::Private::PixelInfoTemplate<(PCPixelFormat::ChannelOrder)12>>>>>	4	0
ProCore	std::__1::__shared_ptr_emplace<PCBitmap_t<PCPixel4<ProCore::Private::PixelInfoTemplate<(PCPixelFormat::ChannelOrder)13>>>, std::__1::allocator<PCBitmap_t<PCPixel4<ProCore::Private::PixelInfoTemplate<(PCPixelFormat::ChannelOrder)13>>>>>	4	0
ProCore	std::__1::__shared_ptr_emplace<PCBitmap_t<PCGrayPixel<ProCore::Private::PixelInfoTemplate<(PCPixelFormat::ChannelOrder)14>>>, std::__1::allocator<PCBitmap_t<PCGrayPixel<ProCore::Private::PixelInfoTemplate<(PCPixelFormat::ChannelOrder)14>>>>>	4	0
ProCore	std::__1::__shared_ptr_emplace<PCBitmap_t<PCGrayAlphaPixel<ProCore::Private::PixelInfoTemplate<(PCPixelFormat::ChannelOrder)15>>>, std::__1::allocator<PCBitmap_t<PCGrayAlphaPixel<ProCore::Private::PixelInfoTemplate<(PCPixelFormat::ChannelOrder)15>>>>>	4	0
ProCore	std::__1::__shared_ptr_emplace<PCBitmap_t<PCPixel4<ProCore::Private::PixelInfoTemplate<(PCPixelFormat::ChannelOrder)16>>>, std::__1::allocator<PCBitmap_t<PCPixel4<ProCore::Private::PixelInfoTemplate<(PCPixelFormat::ChannelOrder)16>>>>>	4	0
ProCore	std::__1::__shared_ptr_emplace<PCBitmap_t<PCPixel4<ProCore::Private::PixelInfoTemplate<(PCPixelFormat::ChannelOrder)17>>>, std::__1::allocator<PCBitmap_t<PCPixel4<ProCore::Private::PixelInfoTemplate<(PCPixelFormat::ChannelOrder)17>>>>>	4	0
ProCore	cc::mmslg_t	4	0
ProCore	cc::histogram_t	4	0
ProCore	PC_Sp_counted_base_impl	4	0
ProCore	std::__1::deque<PCBinaryXMLWriteStream::PCBinaryXMLElementInfo, std::__1::allocator<PCBinaryXMLWriteStream::PCBinaryXMLElementInfo>>	4	0
ProCore	std::__1::deque<Json::Value*, std::__1::allocator<Json::Value*>>	4	0
ProCore	cc::tfhandler_t	4	0
ProCore	PCToneMapMethod	4	0
ProCore	cc::multilut_t	4	0
ProCore	std::__1::__lookahead<char, std::__1::regex_traits<char>>	4	0
ProCore	std::__1::vector<std::__1::pair<unsigned long, char const*>, std::__1::allocator<std::__1::pair<unsigned long, char const*>>>	4	0
ProCore	std::__1::__match_char_icase<char, std::__1::regex_traits<char>>	4	0
ProCore	std::__1::basic_string<char, std::__1::char_traits<char>, std::__1::allocator<char>> std::__1::regex_traits<char>	4	0
ProCore	std::__1::vector<char, std::__1::allocator<char>>	4	0
ProCore	std::__1::__alternate<char>	4	0
ProCore	PCMD5	4	0
ProCore	PCCacheImpl<std::__1::tuple<PCColorSpaceHandle const>, PCHash128, PCNoLock, std::__1::less<std::__1::tuple<PCColorSpaceHandle const>>>	4	0
ProCore	std::__1::vector<std::__1::__map_iterator<std::__1::__tree_iterator<std::__1::__value_type<std::__1::tuple<PCColorSpaceHandle const>, PCCacheImpl<std::__1::tuple<PCColorSpaceHandle const>, PCHash128, PCNoLock, std::__1::less<std::__1::tuple<PCColorSpaceHandle const>>>::Data>, std::__1::__tree_node<std::__1::__value_type<std::__1::tuple<PCColorSpaceHandle const>, PCCacheImpl<std::__1::tuple<PCColorSpaceHandle const>, PCHash128, PCNoLock, std::__1::less<std::__1::tuple<PCColorSpaceHandle const>>>::Data>, void*>*, long>>, std::__1::allocator<std::__1::__map_iterator<std::__1::__tree_iterator<std::__1::__value_type<std::__1::tuple<PCColorSpaceHandle const>, PCCacheImpl<std::__1::tuple<PCColorSpaceHandle const>, PCHash128, PCNoLock, std::__1::less<std::__1::tuple<PCColorSpaceHandle const>>>::Data>, std::__1::__tree_node<std::__1::__value_type<std::__1::tuple<PCColorSpaceHandle const>, PCCacheImpl<std::__1::tuple<PCColorSpaceHandle const>, PCHash128, PCNoLock, std::__1::less<std::__1::tuple<PCColorSpaceHandle const>>>::Data>, void*>*, long>>>>	4	0
ProCore	PCCacheImpl<PCHash128, PCColorSpaceHandle, PCNoLock, std::__1::less<PCHash128>>	4	0
ProCore	std::__1::vector<std::__1::__map_iterator<std::__1::__tree_iterator<std::__1::__value_type<PCHash128, PCCacheImpl<PCHash128, PCColorSpaceHandle, PCNoLock, std::__1::less<PCHash128>>::Data>, std::__1::__tree_node<std::__1::__value_type<PCHash128, PCCacheImpl<PCHash128, PCColorSpaceHandle, PCNoLock, std::__1::less<PCHash128>>::Data>, void*>*, long>>, std::__1::allocator<std::__1::__map_iterator<std::__1::__tree_iterator<std::__1::__value_type<PCHash128, PCCacheImpl<PCHash128, PCColorSpaceHandle, PCNoLock, std::__1::less<PCHash128>>::Data>, std::__1::__tree_node<std::__1::__value_type<PCHash128, PCCacheImpl<PCHash128, PCColorSpaceHandle, PCNoLock, std::__1::less<PCHash128>>::Data>, void*>*, long>>>>	4	0
ProCore	PCLMProblem	4	4
ProCore	PCGenVector<int>	4	0
ProCore	PCGenMatrix<char*>	4	0
ProCore	Json::ValueConstIterator	4	0
ProCore	Json::PathArgument	4	0
ProCore	std::__1::vector<Json::PathArgument, std::__1::allocator<Json::PathArgument>>	4	0
ProCore	PCFxBlendOptions	4	0
ProCore	NSColor	4	0
Ozone	OZCurveEnum	4	0
Ozone	PCShared_base	4	0
Ozone	LiCamera	4	0
Ozone	std::__1::__shared_ptr_emplace<PGMetalTexture, std::__1::allocator<PGMetalTexture>>	4	0
Ozone	PCSerializerWriteStream	4	0
Ozone	OZObject::all_iterator_t<OZObjectManipulator, true, true, pointValidator>	4	0
Ozone	OZObject::all_iterator_t<OZRig, false, true, OZObject::defaultAllValidator>	4	0
Ozone	OZObject::all_iterator_t<OZLight, false, true, OZObject::defaultAllValidator>	4	0
Ozone	OZObject::all_iterator_t<OZCamera, false, true, OZObject::defaultAllValidator>	4	0
Ozone	PCTimeRange	4	0
Ozone	OZRenderGraphState	4	0
Ozone	PCDirectedGraph<OZLocking*>	4	0
Ozone	PCArray<OZSceneArrangement::Element, PCArray_Traits<OZSceneArrangement::Element>>	4	0
Ozone	PCUnsupportedOperationException	4	0
Ozone	PCGenMatrix<double>	4	0
Ozone	PCMatrixErrorException	4	0
Ozone	OZCurveDouble	4	0
Ozone	OZCurvePercent	4	0
Ozone	OZCurveAngle	4	0
Ozone	OZCurveInt	4	0
Ozone	std::__1::__shared_ptr_emplace<PCMutex, std::__1::allocator<PCMutex>>	4	0
Ozone	std::__1::vector<FxBalancedBlendRecord, std::__1::allocator<FxBalancedBlendRecord>>	4	0
Ozone	OZImageElementFinalizer	4	0
Ozone	non-virtual thunk to OZChanSceneNodeRef	4	0
Ozone	LiMaterialLayerOperator	4	4
Ozone	LiMaterialLayerUniform	4	4
Ozone	SimRecursionSentry	4	0
Ozone	OZObjectSimulator::OZSimAccumNode	4	0
Ozone	non-virtual thunk to OZSimulationBehavior	4	0
Ozone	OZChannelObjectRootBase	4	0
Ozone	non-virtual thunk to OZ3DExtrusionProperties	4	0
Ozone	std::__1::vector<OZTimelineBar, std::__1::allocator<OZTimelineBar>>	4	0
Ozone	std::__1::__shared_ptr_emplace<OZFxPlugSharedLock, std::__1::allocator<OZFxPlugSharedLock>>	4	0
Ozone	std::__1::__shared_ptr_emplace<OZIdentityTimeStrategy, std::__1::allocator<OZIdentityTimeStrategy>>	4	0
Ozone	POStateGL	4	0
Ozone	OZLockingGroup::WriteSentry	4	0
Ozone	OZLockingGroup::ReadSentry	4	0
Ozone	non-virtual thunk to OZNULLBehavior	4	0
Ozone	OZViewPanZoomSettings	4	0
Ozone	non-virtual thunk to OZChanObjectRefWithPicker	4	0
Ozone	ArrowGeneration	4	0
Ozone	OZMsgTracerEnableSentry	4	0
Ozone	HMaskSimpleStrokeAdd	4	0
Ozone	HMaskSimpleStrokeSubtract	4	0
Ozone	HMaskCompAdd	4	0
Ozone	HMaskCompSubtract	4	0
Ozone	HMaskCompReplace	4	0
Ozone	HMaskCompIntersect	4	0
Ozone	HMaskCompFirstPass	4	0
Ozone	HMaskElem	4	0
Ozone	std::__1::__shared_ptr_emplace<Li3DEngineObjectData, std::__1::allocator<Li3DEngineObjectData>>	4	0
Ozone	non-virtual thunk to OZLightingFolder	4	0
Ozone	LiTemporalProjection	4	0
Ozone	OZChannelPositionBehaviorOSC_UIComponent	4	0
Ozone	OZChannelPositionEffectOSC_UIComponent	4	0
Ozone	OZChannelPositionGeneratorOSC_UIComponent	4	0
Ozone	OZChannelPosition3DBehaviorOSC_UIComponent	4	0
Ozone	OZChannelPosition3DEffectOSC_UIComponent	4	0
Ozone	OZChannelPosition3DGeneratorOSC_UIComponent	4	0
Ozone	OZChannelGradientPositionedBehaviorOSC_UIComponent	4	0
Ozone	OZChannelGradientPositionedEffectOSC_UIComponent	4	0
Ozone	OZChannelGradientPositionedGeneratorOSC_UIComponent	4	0
Ozone	OZChannelGradientPositionedRotoshapeOSC_UIComponent	4	0
Ozone	OZChannelGradientPositioned3DTextOSC_UIComponent	4	0
Ozone	OZFxFilterOnscreenControl_UIComponent	4	0
Ozone	OZFxGeneratorOnscreenControl_UIComponent	4	0
Ozone	RetimingMath::IntervalSet<double>	4	0
Ozone	OZOpticalFlow::Private::FootageMatchesPred	4	0
Ozone	OZSceneArrangement::Element	4	0
Ozone	OZFxLightingAPIData	4	0
Ozone	non-virtual thunk to OZMaterialLayerSequenceFolder	4	0
Ozone	HViewAlpha	4	0
Ozone	OZResetViewGamutForDRT	4	0
Ozone	OZHackedPMRAutoTimer	4	0
Ozone	OZCarPaintLayer	4	0
Ozone	OZIncrementTimeLooped	4	0
Ozone	std::__1::__shared_ptr_emplace<OZRenderResult, std::__1::allocator<OZRenderResult>>	4	0
Ozone	std::__1::__shared_ptr_emplace<PCBitmap_t<PCGrayPixel<ProCore::Private::PixelInfoTemplate<(PCPixelFormat::ChannelOrder)1>>>, std::__1::allocator<PCBitmap_t<PCGrayPixel<ProCore::Private::PixelInfoTemplate<(PCPixelFormat::ChannelOrder)1>>>>>	4	0
Ozone	std::__1::__shared_ptr_emplace<PCBitmap_t<PCGrayAlphaPixel<ProCore::Private::PixelInfoTemplate<(PCPixelFormat::ChannelOrder)2>>>, std::__1::allocator<PCBitmap_t<PCGrayAlphaPixel<ProCore::Private::PixelInfoTemplate<(PCPixelFormat::ChannelOrder)2>>>>>	4	0
Ozone	std::__1::__shared_ptr_emplace<PCBitmap_t<PCPixel4<ProCore::Private::PixelInfoTemplate<(PCPixelFormat::ChannelOrder)3>>>, std::__1::allocator<PCBitmap_t<PCPixel4<ProCore::Private::PixelInfoTemplate<(PCPixelFormat::ChannelOrder)3>>>>>	4	0
Ozone	std::__1::__shared_ptr_emplace<PCBitmap_t<PCPixel4<ProCore::Private::PixelInfoTemplate<(PCPixelFormat::ChannelOrder)4>>>, std::__1::allocator<PCBitmap_t<PCPixel4<ProCore::Private::PixelInfoTemplate<(PCPixelFormat::ChannelOrder)4>>>>>	4	0
Ozone	std::__1::__shared_ptr_emplace<PCBitmap_t<PCPixel4<ProCore::Private::PixelInfoTemplate<(PCPixelFormat::ChannelOrder)5>>>, std::__1::allocator<PCBitmap_t<PCPixel4<ProCore::Private::PixelInfoTemplate<(PCPixelFormat::ChannelOrder)5>>>>>	4	0
Ozone	std::__1::__shared_ptr_emplace<PCBitmap_t<PCPixel4<ProCore::Private::PixelInfoTemplate<(PCPixelFormat::ChannelOrder)6>>>, std::__1::allocator<PCBitmap_t<PCPixel4<ProCore::Private::PixelInfoTemplate<(PCPixelFormat::ChannelOrder)6>>>>>	4	0
Ozone	std::__1::__shared_ptr_emplace<PCBitmap_t<PCGrayPixel<ProCore::Private::PixelInfoTemplate<(PCPixelFormat::ChannelOrder)7>>>, std::__1::allocator<PCBitmap_t<PCGrayPixel<ProCore::Private::PixelInfoTemplate<(PCPixelFormat::ChannelOrder)7>>>>>	4	0
Ozone	std::__1::__shared_ptr_emplace<PCBitmap_t<PCGrayAlphaPixel<ProCore::Private::PixelInfoTemplate<(PCPixelFormat::ChannelOrder)8>>>, std::__1::allocator<PCBitmap_t<PCGrayAlphaPixel<ProCore::Private::PixelInfoTemplate<(PCPixelFormat::ChannelOrder)8>>>>>	4	0
Ozone	std::__1::__shared_ptr_emplace<PCBitmap_t<PCPixel4<ProCore::Private::PixelInfoTemplate<(PCPixelFormat::ChannelOrder)10>>>, std::__1::allocator<PCBitmap_t<PCPixel4<ProCore::Private::PixelInfoTemplate<(PCPixelFormat::ChannelOrder)10>>>>>	4	0
Ozone	std::__1::__shared_ptr_emplace<PCBitmap_t<PCPixel3<ProCore::Private::PixelInfoTemplate<(PCPixelFormat::ChannelOrder)9>>>, std::__1::allocator<PCBitmap_t<PCPixel3<ProCore::Private::PixelInfoTemplate<(PCPixelFormat::ChannelOrder)9>>>>>	4	0
Ozone	std::__1::__shared_ptr_emplace<PCBitmap_t<PCGrayPixel<ProCore::Private::PixelInfoTemplate<(PCPixelFormat::ChannelOrder)11>>>, std::__1::allocator<PCBitmap_t<PCGrayPixel<ProCore::Private::PixelInfoTemplate<(PCPixelFormat::ChannelOrder)11>>>>>	4	0
Ozone	std::__1::__shared_ptr_emplace<PCBitmap_t<PCGrayAlphaPixel<ProCore::Private::PixelInfoTemplate<(PCPixelFormat::ChannelOrder)12>>>, std::__1::allocator<PCBitmap_t<PCGrayAlphaPixel<ProCore::Private::PixelInfoTemplate<(PCPixelFormat::ChannelOrder)12>>>>>	4	0
Ozone	std::__1::__shared_ptr_emplace<PCBitmap_t<PCPixel4<ProCore::Private::PixelInfoTemplate<(PCPixelFormat::ChannelOrder)13>>>, std::__1::allocator<PCBitmap_t<PCPixel4<ProCore::Private::PixelInfoTemplate<(PCPixelFormat::ChannelOrder)13>>>>>	4	0
Ozone	std::__1::__shared_ptr_emplace<PCBitmap_t<PCGrayPixel<ProCore::Private::PixelInfoTemplate<(PCPixelFormat::ChannelOrder)14>>>, std::__1::allocator<PCBitmap_t<PCGrayPixel<ProCore::Private::PixelInfoTemplate<(PCPixelFormat::ChannelOrder)14>>>>>	4	0
Ozone	std::__1::__shared_ptr_emplace<PCBitmap_t<PCGrayAlphaPixel<ProCore::Private::PixelInfoTemplate<(PCPixelFormat::ChannelOrder)15>>>, std::__1::allocator<PCBitmap_t<PCGrayAlphaPixel<ProCore::Private::PixelInfoTemplate<(PCPixelFormat::ChannelOrder)15>>>>>	4	0
Ozone	std::__1::__shared_ptr_emplace<PCBitmap_t<PCPixel4<ProCore::Private::PixelInfoTemplate<(PCPixelFormat::ChannelOrder)16>>>, std::__1::allocator<PCBitmap_t<PCPixel4<ProCore::Private::PixelInfoTemplate<(PCPixelFormat::ChannelOrder)16>>>>>	4	0
Ozone	std::__1::__shared_ptr_emplace<PCBitmap_t<PCPixel4<ProCore::Private::PixelInfoTemplate<(PCPixelFormat::ChannelOrder)17>>>, std::__1::allocator<PCBitmap_t<PCPixel4<ProCore::Private::PixelInfoTemplate<(PCPixelFormat::ChannelOrder)17>>>>>	4	0
Ozone	std::__1::__shared_ptr_emplace<PGCVBitmap, std::__1::allocator<PGCVBitmap>>	4	0
Ozone	HgcMaskElem::State	4	0
Ozone	HgcStraight::State	4	0
Ozone	HgcViewAlpha::State	4	0
Ozone	HgcWrapMirror::State	4	0
Ozone	HgcWrapRepeat::State	4	0
Ozone	HgcMaskCompAdd::State	4	0
Ozone	HgcRetimeBlend::State	4	0
Ozone	HgcZebraStripe::State	4	0
Ozone	HgcCombineFields::State	4	0
Ozone	HgcMaskStrokeAdd::State	4	0
Ozone	HgcMaskCompReplace::State	4	0
Ozone	HgcOutOfGamutCheck::State	4	0
Ozone	HgcMaskCompSubtract::State	4	0
Ozone	HgcMaskCompFirstPass::State	4	0
Ozone	HgcMaskCompIntersect::State	4	0
Ozone	HgcOverexposureCheck::State	4	0
Ozone	HgcRetimeOpticalFlow::State	4	0
Ozone	HgcMaskStrokeSubtract::State	4	0
Ozone	HgcCopyMaskAlphaToMaskRGB::State	4	0
Ozone	HgcCopyMaskRGBToMaskAlpha::State	4	0
Ozone	HgcCombineFullHeightFields::State	4	0
Ozone	OZHeSoftGradientGeneratorShader::State	4	0
Ozone	HgcCanvas::State	4	0
Ozone	std::__1::vector<HGBinding, std::__1::allocator<HGBinding>>::_ConstructTransaction	4	0
Ozone	non-virtual thunk to OZTextStyle	4	0
Ozone	OZClickableProgressIndicator	4	0
Ozone	NSArray	4	0
Ozone	OZFxProjectHandler	4	0
Ozone	OZAudioWaveformCompletion	4	0
Ozone	OZLayerOpacityCell	4	0
Ozone	OZLayerBlendCell	4	0
Ozone	NSTableColumn	4	0
Ozone	OZFootageInspectorController	4	0
Ozone	OZTimelineAudioNodeWrapper	4	0
Ozone	OZLinkedObjectsController	4	0
Ozone	OZSplitView	4	0
Ozone	OZViewRectCache	4	0
Ozone	OZTimelineKeyframesDragWrapper	4	0
Ozone	OZFxAnalysisErrorHandler	4	0
Ozone	OZPresetRenameHandler	4	0
Ozone	OZMoveableImageDragTargetCompletion	4	0
Ozone	OZViewerRenderController	4	0
Ozone	OZCaarExportSceneFactory	4	0
Ozone	OZImageMaskInspectorController	4	0
Ozone	TBTableView	4	0
Ozone	OZErrorDialogHelper	4	0
Ozone	ProgressStatus	4	0
Ozone	ByteOffsetPair	4	0
Ozone	OZChanProgressController	4	0
Ozone	PrivateLabeledParamController	4	0
Ozone	OZEndConditionController	4	0
Ozone	CompassTimerHelper	4	0
Ozone	OZCameraHUDController	4	0
Ozone	OZChanTransformSwitchController	4	0
Ozone	OZRectToolOptions	4	0
Ozone	OZMaskRectToolOptions	4	0
Ozone	OZLightHUDController	4	0
Ozone	OZFxPlugHostPropertiesAPI	4	0
Ozone	OZFxPrincipalDelegate	4	0
Ozone	OZChanEnumDimensionController	4	0
Ozone	OZSceneComposer	4	0
Ozone	OZMaterialOptionsFolderGroupController	4	0
Ozone	OZChannelGradientPositionedGeneratorOSC	4	0
Ozone	OZMoCurveEditorListController	4	0
Ozone	OZTCMPopUpButtonCell	4	0
Ozone	OZProjectPropertiesTextPulsator	4	0
Ozone	OZImageElementInspectorController	4	0
Ozone	OZ3DEngineSceneFileInspectorController	4	0
Ozone	OZAudioBalanceTransformer	4	0
Ozone	OZResetControlPointCtrl	4	0
Ozone	OZModuleLayoutManager	4	0
Ozone	OZTimerDelegate	4	0
Flexo	std::__1	4	0
Flexo	SCurve	4	0
Flexo	OZInterpolator	4	0
Flexo	OMHistoAnalysis	4	0
Flexo	OZCurveEnum	4	0
Flexo	std::__1::__shared_ptr_emplace<FFStreamFlexMusicBuffer, std::__1::allocator<FFStreamFlexMusicBuffer>>	4	0
Flexo	DisablePrioritizedWritesRAII	4	0
Flexo	ProhibitFFSharedLockRAII	4	0
Flexo	ProhibitFFSharedWriteLockRAII	4	0
Flexo	std::__1::__shared_ptr_emplace<FFSemaphore, std::__1::allocator<FFSemaphore>>	4	0
Flexo	FFAudioUnitParameterList	4	0
Flexo	FFOZSlaveCurve::ValueMap	4	0
Flexo	HMaskCompFirstPass	4	0
Flexo	HMaskElem	4	0
Flexo	OZCurveAngle	4	0
Flexo	non-virtual thunk to FFOZShapeMaskFolder	4	0
Flexo	FFActiveVAMLBackgroundMattingCache	4	0
Flexo	FFNRRendererInfoManager	4	0
Flexo	std::__1::basic_string<char, std::__1::char_traits<char>, std::__1::allocator<char>>	4	0
Flexo	std::__1::__shared_ptr_emplace<FFPRRawSdkRenderer, std::__1::allocator<FFPRRawSdkRenderer>>	4	0
Flexo	std::__1::__shared_ptr_emplace<FFVTRAWRenderer, std::__1::allocator<FFVTRAWRenderer>>	4	0
Flexo	FFVideoScopesRenderer<histogram_state_t, 4ul>	4	0
Flexo	FFVideoScopesRenderer<vectorscope_state_t, 2ul>	4	0
Flexo	FFVideoScopesRenderer<waveform_state_t, 3ul>	4	0
Flexo	ProResRaw::PluginObject	4	0
Flexo	ProResRaw::PluginDescriptor	4	0
Flexo	std::__1::__shared_ptr_emplace<ProResRaw::PluginHandlerXpc, std::__1::allocator<ProResRaw::PluginHandlerXpc>>	4	0
Flexo	ProResRaw::PluginContextXpc	4	0
Flexo	ProResRaw::PluginMetadataXpc	4	0
Flexo	ProResRaw::PluginMetalProcessorXpc	4	0
Flexo	ProResRaw::PluginSettingsContextXpc	4	0
Flexo	std::__1::__shared_ptr_emplace<ProResRaw::PluginContextXpc, std::__1::allocator<ProResRaw::PluginContextXpc>>	4	0
Flexo	std::__1::__shared_ptr_emplace<ProResRaw::PluginMetadataXpc, std::__1::allocator<ProResRaw::PluginMetadataXpc>>	4	0
Flexo	std::__1::__shared_ptr_emplace<ProResRaw::PluginSettingsContextXpc, std::__1::allocator<ProResRaw::PluginSettingsContextXpc>>	4	0
Flexo	std::__1::__shared_ptr_emplace<ProResRaw::PluginSettingsSnapshotXpc, std::__1::allocator<ProResRaw::PluginSettingsSnapshotXpc>>	4	0
Flexo	std::__1::__shared_ptr_emplace<ProResRaw::PluginMetalProcessorXpc, std::__1::allocator<ProResRaw::PluginMetalProcessorXpc>>	4	0
Flexo	std::__1::__shared_ptr_emplace<ProResRaw::PluginSettingsController::createSettingsController()::make_shared_enabler, std::__1::allocator<ProResRaw::PluginSettingsController::createSettingsController()::make_shared_enabler>>	4	0
Flexo	std::__1::__shared_ptr_emplace<ProResRaw::PluginMultiSettingsController, std::__1::allocator<ProResRaw::PluginMultiSettingsController>>	4	0
Flexo	std::__1::__shared_ptr_emplace<ProResRaw::PluginParams, std::__1::allocator<ProResRaw::PluginParams>>	4	0
Flexo	std::__1::__shared_ptr_emplace<ProResRaw::PluginSettingsController::PluginData, std::__1::allocator<ProResRaw::PluginSettingsController::PluginData>>	4	0
Flexo	std::__1::vector<bool, std::__1::allocator<bool>>	4	0
Flexo	FFOSCPointConversionData	4	0
Flexo	FFDestAudioStartTimebaseRenderHook::StartTimebaseTask	4	0
Flexo	FFAudioRenderHook	4	0
Flexo	FFWorkerQueue::Task	4	0
Flexo	std::__1::__shared_ptr_emplace<FFAudioGraph, std::__1::allocator<FFAudioGraph>>	4	0
Flexo	std::__1::__shared_ptr_emplace<FFAudioPlaybackSkipStylePlaybackBuffer, std::__1::allocator<FFAudioPlaybackSkipStylePlaybackBuffer>>	4	0
Flexo	UpdateBufferWorkerTask	4	0
Flexo	std::__1::__shared_ptr_emplace<FFAudioPlaybackScrubBuffer, std::__1::allocator<FFAudioPlaybackScrubBuffer>>	4	0
Flexo	FFAudioQueueBuffer::UpdateBufferWorkerTask	4	0
Flexo	std::__1::__shared_ptr_emplace<FFAudioRetimingBuffer, std::__1::allocator<FFAudioRetimingBuffer>>	4	0
Flexo	UpdateScrubRateTask	4	0
Flexo	FFAudioScrubUnit::GainStagesRenderHook	4	0
Flexo	std::__1::__shared_ptr_emplace<FFAudioPlaybackSkipStyleScrubBuffer, std::__1::allocator<FFAudioPlaybackSkipStyleScrubBuffer>>	4	0
Flexo	std::__1::__shared_ptr_emplace<FFAudioPlaybackSkipStyleStepPlaybackBuffer, std::__1::allocator<FFAudioPlaybackSkipStyleStepPlaybackBuffer>>	4	0
Flexo	FFVideoSourceData	4	0
Flexo	FFScheduledReadAudioFile::ScheduleReadAheadWorkerTask	4	0
Flexo	FFLocklessQueue<CMIOPlaybackTimebaseStartedSignal>	4	0
Flexo	FFAudioRecorderBufferWriteTaskQueue	4	0
Flexo	FFAudioRenderTimeChangeHook	4	0
Flexo	FFConsecutiveFlushCounter	4	0
Flexo	FFPendingShutdowns	4	0
Flexo	CacheRecord	4	0
Flexo	FFAVFMetadataCursor	4	0
Flexo	SetPixelBufferAttributes	4	0
Flexo	void FFVideoDecoder	4	0
Flexo	PixelFormatListManager	4	0
Flexo	non-virtual thunk to FFAudioDynamicScopingWindow	4	0
Flexo	FFAudioEffectsBuss::EffectStackChain::Element	4	0
Flexo	FFAudioGainChannelConstantValueBuffer	4	0
Flexo	FFAudioPlaybackMediator_macOS	4	0
Flexo	FFVideoPropsGroup	4	0
Flexo	std::__1::__shared_ptr_emplace<FFAudioSamplesCache::Block, std::__1::allocator<FFAudioSamplesCache::Block>>	4	0
Flexo	std::__1::__shared_ptr_emplace<FFAudioSamplesCache::SubCache, std::__1::allocator<FFAudioSamplesCache::SubCache>>	4	0
Flexo	std::__1::__shared_ptr_emplace<FFAudioSamplesCache::Request, std::__1::allocator<FFAudioSamplesCache::Request>>	4	0
Flexo	LTCFrame	4	4
Flexo	FFScopedVoiceIsolationEffect	4	0
Flexo	ausdk::AUException	4	0
Flexo	AUGainStage::AULevelKernel	4	0
Flexo	ausdk::AUIOElement	4	0
Flexo	Panner	4	0
Flexo	AUUnityMixer::BusHandler	4	0
Flexo	STBuiltinAudioUnitsRegistrar	4	0
Flexo	OZCurveDouble	4	0
Flexo	PCShared_base	4	0
Flexo	CustomPixelFormatRegistry	4	0
Flexo	FFDecodeCostInfo_AdjustedPPF	4	0
Flexo	WorkerThread::Task	4	0
Flexo	FFWorkerQueueThread	4	0
Flexo	videoanalysis::collation::box_t	4	0
Flexo	MXFH264Parser	4	0
Flexo	VlcParser	4	0
Flexo	MXF::MXFPictureDataDecoder	4	0
Flexo	MXF::MXFAVCPictureDataDecoder	4	0
Flexo	FFConsumerBalanceColorEffect	4	0
Flexo	FFCBUtils	4	0
Flexo	FFPentaSliderBlackLevelThumbCell	4	0
Flexo	FFPentaSliderWhiteLevelThumbCell	4	0
Flexo	FFPentaSliderBrightnessThumbCell	4	0
Flexo	FFColorIMovieLabelController	4	0
Flexo	FFColorIMovieParameterController	4	0
Flexo	FFSoftnessSlider	4	0
Flexo	FFStreamAudioToneGenerator	4	0
Flexo	FFAnchoredSequenceBackgroundGeneratorComponent	4	0
Flexo	FFAnchoredSelectionMarker	4	0
Flexo	FFEffectStackActivateEffectScopeEntry	4	0
Flexo	FFBlindDataCustomUIChannel	4	0
Flexo	FFChan360TransformCustomChannelController	4	0
Flexo	FFChanDoublePercentToSourcePixelController	4	0
Flexo	FFColorCorrectionUIChannel	4	0
Flexo	FFActionContext	4	0
Flexo	FFTimingMetadataEntrySnappableEvent	4	0
Flexo	FFMediaIdentifierAliasMapEntry	4	0
Flexo	FFMediaEventUndoTracker	4	0
Flexo	FFMappedCollectionBase	4	0
Flexo	FFNamingPresetMockBinObject	4	0
Flexo	FFAudioDuckingWriteChannelsInfo	4	0
Flexo	FFUndoScopeException	4	0
Flexo	FFNavPlayhead	4	0
Flexo	FFNavFocus	4	0
Flexo	FFVolumeDFRSliderCell	4	0
Flexo	FFDisableAudioComponentsCommand	4	0
Flexo	EDTEmptyTimeRangeSupportIntersectionDelegate	4	0
Flexo	FFVerticalNudgeDownItemsIterator	4	0
Flexo	FFTimelineSelectAllSubtitlesStrategy	4	0
Flexo	FFTimelineStorylineItemExclusionFilter	4	0
Flexo	FFTimelinePresentationSelectionMediator	4	0
Flexo	FFEditingModelCoordinatorFactory	4	0
Flexo	FFTimelineIndexFilterToken	4	0
Flexo	FFTrimAudioAdapter	4	0
Flexo	FFTimelineReloadOperationCancelingNotifier	4	0
Flexo	FFAudioUnitEffectFactoryPresetInfo	4	0
Flexo	FFAudioUnitEffectPresetMenu	4	0
Flexo	FFAudioUnitMatchEQEffect	4	0
Flexo	FFSharedAudioUnitPoolAllocationEntry	4	0
Flexo	iMovieDataLayer	4	0
Flexo	iMovieLayoutChildLayer	4	0
Flexo	iMovieZoomingTextLayer	4	0
Flexo	iMovieZoomingTextWithBounceLayer	4	0
Flexo	MapUtils	4	0
Flexo	FFInnerOuterCorrectionEffect	4	0
Flexo	FFInnerOuterCorrectionNonHDREffect	4	0
Flexo	FFColorMatchUserParameterController	4	0
Flexo	FFEllipseMaskAnimStateCell	4	0
Flexo	FFIOColorCorrectionFolderController	4	0
Flexo	FFIOColorCorrectionParamController	4	0
Flexo	FFIsoSoftnessSlider	4	0
Flexo	FFIsolationSaturationQualifierController	4	0
Flexo	FFIsolationLumaQualifierController	4	0
Flexo	FFIsolationSoftnessController	4	0
Flexo	FFMaskBaseLabelController	4	0
Flexo	FFShapeMaskFolderController	4	0
Flexo	FFDefaultDropBoxOSC	4	0
Flexo	FFFilmOrViewerOutlineOSC	4	0
Flexo	FFViewerOutlineOSC	4	0
Flexo	FFSemanticOSC	4	0
Flexo	FFSourceAudioEffect	4	0
Flexo	FFColorCorrectionHDREffect	4	0
Flexo	_FFEffectUICoordinator	4	0
Flexo	FFCachedSimplifiesInfo	4	0
Flexo	FFCachedSubRangeInfo	4	0
Flexo	FFEffectNodePlaceholderImageLookupFromPathInfo	4	0
Flexo	FFEffectNodePlaceholderImageLookupFromBundleAndKey	4	0
Flexo	FFEffectNodePlaceholderImageLookupFromBundleMessageAndKey	4	0
Flexo	FFEffectTimer	4	0
Flexo	FFSourceAudioRateConformEffect	4	0
Flexo	FFRetimingAudioSegmentListObject	4	0
Flexo	FFRetimingAudioRateRange	4	0
Flexo	FFBeatGridLineLayer	4	0
Flexo	FFBackgroundAnalysisTask	4	0
Flexo	FFFileImportRejectedDialogController	4	0
Flexo	FFBoundHGNodeCustomReleaser	4	0
Flexo	FFHGObjectInfo	4	0
Flexo	FFARRILogCDefaultToneMapProcessingInfo	4	0
Flexo	FFMediaUsageMediaSourceChannelsCache	4	0
Flexo	FFAudioAnalysisConfigEffectSliderController	4	0
Flexo	FFAudioComponentsConfigCombinedComponentWaveform	4	0
Flexo	FFAudioComponentsConfigSectionComponentWaveform	4	0
Flexo	FFDoubleClickableSlider	4	0
Flexo	FFCPSView	4	0
Flexo	FFDataListCaptionsTableRowView	4	0
Flexo	FFDataListLanesOutlineView	4	0
Flexo	FFTitlePreviewPlaceholderManager	4	0
Flexo	FFEffectLibraryHeaderView	4	0
Flexo	_FFExternalProviderWindow	4	0
Flexo	FFInspectorAudioEffectChannelController	4	0
Flexo	FFInspectorAudioEffectsBrickFolderHeadingController	4	0
Flexo	FFInspectorLegacyAudioEffectsController	4	0
Flexo	FFInspectorAudioResetPulldownController	4	0
Flexo	FFInspectorAccessoryView	4	0
Flexo	FFInspectorBaseFolderBackgroundDrawer	4	0
Flexo	FFInspectorEffectsAppearance	4	0
Flexo	FFInspectorFileInfoEventTile	4	0
Flexo	FFInspectorFileInfoLocationTile	4	0
Flexo	FFInspectorFileInfoMediaExtensionMultipleValues	4	0
Flexo	FFInspectorFileInfoMediaRepsTile	4	0
Flexo	FFInspectorFileInfoProResRAWTile	4	0
Flexo	FFInspectorFileInfoRAWProcessorTile	4	0
Flexo	FFInspectorFileInfoREDTile	4	0
Flexo	FFInspectorChannelChangeInfo	4	0
Flexo	_FFLibraryStorageLocationsController	4	0
Flexo	_FFMetadataRolesItem	4	0
Flexo	_FFMetadataStaticTextParameterController	4	0
Flexo	_FFProjectSharingAttributesHeaderController	4	0
Flexo	FFInspectorModuleSplitPropertiesColorMasks	4	0
Flexo	FFInspectorRootViewControllerDummyPasteboardWriter	4	0
Flexo	FFInspectorControllerRowView	4	0
Flexo	FFInspectorHeaderCellView	4	0
Flexo	FFInspectorMaskEffectsDraggingOwner	4	0
Flexo	FFOrganizerFilmstripDurationLayer	4	0
Flexo	FFOrganizerFrameDurationTickMarkValueTransformer	4	0
Flexo	FFOrganizerUsedMediaRangeCollection	4	0
Flexo	FFAddFavoriteOperation	4	0
Flexo	FFAutoCompleteOperation	4	0
Flexo	FFImportOrganizerSplitView	4	0
Flexo	FFMDAllProjectsCreateProjectItem	4	0
Flexo	FFMDPhotoStackCell	4	0
Flexo	FFImportMediaSidebarNodeUtils	4	0
Flexo	FF360FooterView	4	0
Flexo	FFHeaderBackgroundView	4	0
Flexo	FFAnchoredObjectsRolesMenuContext	4	0
Flexo	FFRolesPopUpButton	4	0
Flexo	FFCompressorAvailability	4	0
Flexo	FFShareDestinationVideoPresetsMakerVideoCase	4	0
Flexo	FFShareDestinationVideoResolutionMenuMakerMXF	4	0
Flexo	FFSharePixelmatorErrorRecovery	4	0
Flexo	FFSharePixelmatorImageFormatMenuDelegate	4	0
Flexo	FFHistogramUnitTextLayer	4	0
Flexo	FFWaveformParadeBackgroundLayer	4	0
Flexo	_FFDestVideoScopesMetalContextData	4	0
Flexo	OKPaneCapItemSidebarHeader	4	0
Flexo	FFAudioUnitEffectRootChannelFolderGroupController	4	0
Flexo	PRRawPluginParams	4	0
Flexo	FFRAWSettingsSnapshot	4	0
Flexo	FFTitleDocumentView	4	0
Flexo	FFTitleTextFieldCell	4	0
Flexo	FFTransportDraggableBackgroundView	4	0
Flexo	_FFProOSCGeneratedFeedback	4	0
Flexo	FFOSCWindowView	4	0
Flexo	FFTransform3DOSC	4	0
Flexo	FFAccessibilityTransparentView	4	0
Flexo	FFOutlineBackgroundView	4	0
Flexo	FFDestAudio	4	0
Flexo	FFCVOGLAndIOSurfaceBacker	4	0
Flexo	FFRenderedMD5InfoForFrame	4	0
Flexo	FFPlayerBGInfo	4	0
Flexo	FFReducedRateTrackerTime	4	0
Flexo	FFCloudContentProvider	4	0
Flexo	FFAVFSampleBufferGeneratorBatch	4	0
Flexo	FFSourceVideoFigCachedMD5Info	4	0
Flexo	FFStreamMetadataFig	4	0
Flexo	FFSoundDesignerIISupportResourceLoaderDelegate	4	0
Flexo	FFAudioDynamicScopingWindowList	4	0
Flexo	FFAudioEffectsRendererDelegate	4	0
Flexo	PEAnchorLayer	4	0
Flexo	PEOffscreenItemIndicatorLayer	4	0
Flexo	FFObjectExternalEffectsMap	4	0
Flexo	FFStreamMetadata	4	0
Flexo	FFResponderLayerRoleTintedCheckbox	4	0
Flexo	FFCurveEditorKeyframeAssets	4	0
Flexo	FFCurveEditorForegroundLayer	4	0
Flexo	FFCurveSnapPoint	4	0
Flexo	FFAudioUnitEffectCurveEditorLayer	4	0
Flexo	FFResponderLayerHostViewTrackingAreaOwner	4	0
Flexo	FFAnchorTool	4	0
Flexo	FFBladeAllTool	4	0
Flexo	FFMetadataTool	4	0
Flexo	FFOrientationTool	4	0
Flexo	FFRetimeTool	4	0
Flexo	FFKeywordTransformer	4	0
Flexo	FFSharePanelMultitrackParentBrick	4	0
Flexo	FFSharePanelRolesTreeBuilder_Multitrack	4	0
Flexo	FFSharePanelRolesTreeBuilder_Multitrack_Heterogeneous	4	0
Flexo	FFQTMovieExporter	4	0
Flexo	NSError	4	0
Flexo	NSDateComponents	4	0
Flexo	NSScreen	4	0
Flexo	FFMXFAudioMultiChannel	4	0
Flexo	FFMXFAudioPacked	4	0
Flexo	FFMXFAudioSplitToMono	4	0
Flexo	FFImageSegmentReadSampleWaitForSampleBuffer	4	0
Flexo	FFEventNameFormatter	4	0
Flexo	FFRolesFormatter	4	0
Flexo	FFRoleUIDsFormatter	4	0
Flexo	FFCSWithStandard	4	0
Flexo	FFDispatchQueueObject	4	0
Flexo	FFCGLContextWrapper	4	0
Flexo	FFPMRLogFunnel	4	0
Flexo	FFIsNotZeroValueTransformer	4	0
Flexo	FFZipFileExtractor_SFU	4	0
Flexo	FFVideoAnalysisCollatedSaliency	4	0
Flexo	FFXMLAudioPreflightCheckCacheEntry	4	0
Flexo	FFXMLTranslation	4	0
Flexo	FFRemoteURL	4	0
Flexo	_TtC5FlexoP33_1E7353291A63ACF99CAF1971EAF7F93530FFImagePlaygroundDelegateProxy	4	0
Flexo	_TtC5Flexo37FFAnalysisSearchWarningViewController	4	0
Helium	std::__1	4	0
Helium	void std::__1::__split_buffer<HGRenderJob**, std::__1::allocator<HGRenderJob**>>	4	0
Helium	void std::__1::__split_buffer<HGNode**, std::__1::allocator<HGNode**>>	4	0
Helium	void std::__1::__split_buffer<HGUserJob**, std::__1::allocator<HGUserJob**>>	4	0
Helium	void std::__1::__split_buffer<HGNode const**, std::__1::allocator<HGNode const**>>	4	0
Helium	HGMipmapLevel	4	0
Helium	HGLayerParams	4	0
Helium	HRasterizerGenerator	4	0
Helium	soDeinterlaceLA	4	0
Helium	HGSMixer	4	0
Helium	HGTextureManager::TexturePoolLock	4	0
Helium	HGTexturePaddingPolicy	4	0
Helium	HGTexturePoolHandle	4	0
Helium	HGTextureManagerHandle	4	0
Helium	HRasterizerTextureNoColor	4	0
Helium	std::__1::__shared_ptr_emplace<(anonymous namespace)::TextureAllocator, std::__1::allocator<(anonymous namespace)::TextureAllocator>>	4	0
Helium	HGDitherLUTInfo	4	0
Helium	HGDitherLUTEntry	4	0
Helium	HgcApply3DLUTTrilinearUniform	4	0
Helium	HgcApply3DLUTTrilinearFast	4	2
Helium	HgcApply3DLUTTrilinear	4	0
Helium	HgcApply3DLUTTetrahedralUniform	4	0
Helium	HgcApply3DLUTTetrahedralFast	4	0
Helium	HgcApply3DLUTTetrahedral	4	0
Helium	HGAutoReleasePoolScopeGuard	4	4
Helium	HGCInterlaceHandler_ExtractField	4	0
Helium	HGCInterlaceHandler_InterlaceFields	4	0
Helium	__HGStats_private::operator<<(std::__1::basic_ostream<char, std::__1::char_traits<char>>&, __HGStats_private::RoiStatsOut	4	0
Helium	glsl	4	0
Helium	HGArray<int, (HGFormat)36>	4	0
Helium	HGDemosaicImplementation	4	0
Helium	HDemosaic_2	4	0
Helium	HGCRetimeWithFlowInterpFullRez	4	0
Helium	HGCRetimeWithFlowInterpVariableRez	4	4
Helium	PlanarToRGB<HgcYUV444TriPlanar_601ToRGB>	4	0
Helium	PlanarToRGB<HgcYUV444BiPlanar_601ToRGB>	4	0
Helium	PlanarToRGB<HgcYUV444TriPlanar_2020ToRGB>	4	0
Helium	PlanarToRGB<HgcYUV444BiPlanar_2020ToRGB>	4	0
Helium	PlanarToRGB<HgcYUV444TriPlanar_709ToRGB>	4	0
Helium	PlanarToRGB<HgcYUV444BiPlanar_709ToRGB>	4	0
Helium	PlanarToRGB<HgcYUV422TriPlanar_601ToRGB>	4	0
Helium	PlanarToRGB<HgcYUV422BiPlanar_601ToRGB>	4	0
Helium	PlanarToRGB<HgcYUV422TriPlanar_2020ToRGB>	4	0
Helium	PlanarToRGB<HgcYUV422BiPlanar_2020ToRGB>	4	0
Helium	PlanarToRGB<HgcYUV422TriPlanar_709ToRGB>	4	0
Helium	PlanarToRGB<HgcYUV422BiPlanar_709ToRGB>	4	0
Helium	PlanarToRGB<HgcYUV420TriPlanar_601ToRGB>	4	0
Helium	PlanarToRGB<HgcYUV420BiPlanar_601ToRGB>	4	0
Helium	PlanarToRGB<HgcYUV420TriPlanar_2020ToRGB>	4	0
Helium	PlanarToRGB<HgcYUV420BiPlanar_2020ToRGB>	4	0
Helium	PlanarToRGB<HgcYUV420TriPlanar_709ToRGB>	4	0
Helium	PlanarToRGB<HgcYUV420BiPlanar_709ToRGB>	4	0
Helium	HRasterizerTexture	4	0
Helium	HGRendererOutput	4	0
Helium	HGCPixelFormatConversion_kV4B_WXYZ_input	4	0
Helium	HGCPixelFormatConversion_kV4S_WXYZ_input	4	0
Helium	HGCPixelFormatConversion_kV4F_WXYZ_input	4	0
Helium	HGCPixelFormatConversion_kV4S_BE_WXYZ_input	4	0
Helium	HGCPixelFormatConversion_kV4B10Bit_BE_input	4	0
Helium	HGCColorGamma_bias	4	0
Helium	HGCColorGamma_chroma_downsample_f1	4	0
Helium	HGDitherNoise	4	0
Helium	std::__1::__shared_ptr_emplace<HGCPUComputeDevice, std::__1::allocator<HGCPUComputeDevice>>	4	0
Helium	std::__1::__shared_ptr_emplace<HGGPUComputeDevice, std::__1::allocator<HGGPUComputeDevice>>	4	0
Helium	HGPagePullTexturesGuard	4	0
Helium	HGPagePullMetalTexturesGuard	4	0
Helium	HGNodeInput	4	0
Helium	HGStackStateGuard	4	0
Helium	HGCGL	4	0
Helium	HGGLState::SetCurrentContextGuard	4	0
Helium	std::__1::__shared_ptr_emplace<(anonymous namespace)::HeapAllocator, std::__1::allocator<(anonymous namespace)::HeapAllocator>>	4	0
Helium	std::__1::__shared_ptr_emplace<(anonymous namespace)::HeapTextureAllocator, std::__1::allocator<(anonymous namespace)::HeapTextureAllocator>>	4	0
Helium	HGPool::EntryEventHandler<id<MTLTexture>, HGMetalTexturePool::Descriptor>	4	0
Helium	std::__1::__shared_ptr_emplace<(anonymous namespace)::BufferWrapperAllocator, std::__1::allocator<(anonymous namespace)::BufferWrapperAllocator>>	4	0
Helium	std::__1::__shared_ptr_emplace<(anonymous namespace)::TextureWrapperAllocator, std::__1::allocator<(anonymous namespace)::TextureWrapperAllocator>>	4	0
Helium	HGPool::EntryEventHandler<id<MTLTexture>, HGMetalTextureWrapperInfinipool::Descriptor>	4	0
Helium	std::__1::__shared_ptr_emplace<(anonymous namespace)::BufferAllocator, std::__1::allocator<(anonymous namespace)::BufferAllocator>>	4	0
Helium	HGCRetimeFullRez	4	2
Helium	HGCRetimeVariableRez	4	0
Helium	HGOBJ	4	0
Helium	std::__1::__shared_ptr_emplace<(anonymous namespace)::HeapPoolFixedAllocationPolicy<0, 2097152>, std::__1::allocator<(anonymous namespace)::HeapPoolFixedAllocationPolicy<0, 2097152>>>	4	0
Helium	std::__1::__shared_ptr_emplace<(anonymous namespace)::BufferPoolFixedAllocationPolicy<0, 1024>, std::__1::allocator<(anonymous namespace)::BufferPoolFixedAllocationPolicy<0, 1024>>>	4	0
Helium	std::__1::__shared_ptr_emplace<(anonymous namespace)::TexturePoolProgressivePOTAllocationPolicy<-2, 9>, std::__1::allocator<(anonymous namespace)::TexturePoolProgressivePOTAllocationPolicy<-2, 9>>>	4	0
Helium	std::__1::__shared_ptr_emplace<(anonymous namespace)::TexturePoolProgressivePOTAllocationPolicy<-2, 11>, std::__1::allocator<(anonymous namespace)::TexturePoolProgressivePOTAllocationPolicy<-2, 11>>>	4	0
Helium	std::__1::__shared_ptr_emplace<HGPool::FixedTotalUsageServicingPolicy, std::__1::allocator<HGPool::FixedTotalUsageServicingPolicy>>	4	0
Helium	std::__1::__shared_ptr_emplace<HGPool::FixedServicingPolicy, std::__1::allocator<HGPool::FixedServicingPolicy>>	4	0
Helium	std::__1::__shared_ptr_emplace<HGPool::FixedGroupServicingPolicy, std::__1::allocator<HGPool::FixedGroupServicingPolicy>>	4	0
Helium	HGHWBlendFlipped	4	0
Helium	HGLoggerUtils	4	0
Helium	HGTraceGuard	4	0
Helium	HGGLSetCurrentContextGuard	4	0
Helium	HGMemory	4	0
Helium	HGCSimpleSpatialDenoise	4	0
Helium	HGColorConformNodeListItem	4	0
Helium	HGWhiteBalanceRAW	4	0
Helium	HGPool::EntryEventHandler<__CVBuffer*, HGCVPixelBufferPool::Descriptor>	4	0
Helium	std::__1::__shared_ptr_emplace<(anonymous namespace)::HGCVPixelBufferAllocator, std::__1::allocator<(anonymous namespace)::HGCVPixelBufferAllocator>>	4	0
Helium	SessionManager	4	0
Helium	HGAntiAliasLUTInfo	4	0
Helium	HGSMAAPatternSearch	4	0
Helium	HGSMAABlend	4	0
Helium	HGAntiAliasLUTEntry	4	0
Helium	HGAVASpatialAverageAdaptive_LowerField	4	0
Helium	HGAVASpatialAverageAdaptive_UpperField	4	4
Helium	HKSolidColor	4	0
ProChannel	OZCurveDoubleSplineState	3	0
ProChannel	OZChannelUint32Info	3	0
ProChannel	OZCurveIntSplineState	3	0
ProChannel	OZChannelAngleInfo	3	0
ProChannel	OZCurveAngleSplineState	3	0
ProChannel	OZChannelShearAngleInfo	3	0
ProChannel	OZChannelAspectRatioInfo	3	0
ProChannel	OZChannelAspectRatioFootageInfo	3	0
ProChannel	OZChannelGammaFootageInfo	3	0
ProChannel	OZChannelUint16Info	3	0
ProChannel	OZChannelSeedInfo	3	0
ProChannel	OZCurveEnumSplineState	3	0
ProChannel	OZChannelDecibelInfo	3	0
ProChannel	OZChannelFrameInfo	3	0
ProChannel	OZChannelTimecodeInfo	3	0
ProChannel	std::__1::__tree<std::__1::__value_type<OZChannelBase*, OZChannelBase::ResetCallbackDataTable::ResetCallbackData>, std::__1::__map_value_compare<OZChannelBase*, std::__1::pair<OZChannelBase* const, OZChannelBase::ResetCallbackDataTable::ResetCallbackData>, std::__1::less<OZChannelBase*>, true>, std::__1::allocator<std::__1::pair<OZChannelBase* const, OZChannelBase::ResetCallbackDataTable::ResetCallbackData>>>	3	0
ProChannel	std::__1::vector<void*, std::__1::allocator<void*>>	3	0
ProChannel	std::__1::vector<_OZKeyframeInfo, std::__1::allocator<_OZKeyframeInfo>>	3	0
ProChannel	std::__1::vector<std::__1::pair<OZCurveNode*, OZCurveNodeParam*>, std::__1::allocator<std::__1::pair<OZCurveNode*, OZCurveNodeParam*>>>	3	0
ProChannel	PCException	3	0
ProChannel	std::__1::basic_string<char, std::__1::char_traits<char>, std::__1::allocator<char>>	3	0
ProChannel	OZCurveBoolSplineState	3	0
ProChannel	std::__1::vector<std::__1::pair<CMTime, void*>, std::__1::allocator<std::__1::pair<CMTime, void*>>>	3	0
ProChannel	OZChannelBlindDataInfo	3	0
ProChannel	OZChannelBoolInfo	3	0
ProChannel	OZChannelButtonInfo	3	0
ProChannel	non-virtual thunk to OZChannelColorNoAlpha	3	0
ProChannel	std::__1::vector<OZVertex2D, std::__1::allocator<OZVertex2D>>	3	0
ProChannel	OZChannelCurveInfo	3	0
ProChannel	std::__1::vector<bool, std::__1::allocator<bool>>	3	0
ProChannel	OZChannelDoubleInfo	3	0
ProChannel	std::__1::vector<float, std::__1::allocator<float>>	3	0
ProChannel	non-virtual thunk to OZChannelGradientFolder	3	0
ProChannel	non-virtual thunk to OZChannelGradientSample	3	0
ProChannel	OZChannelProgressInfo	3	0
ProChannel	non-virtual thunk to OZChannelRotation3D	3	0
ProChannel	OZChannelTextInfo	3	0
ProChannel	non-virtual thunk to OZChannelVertexFolder	3	0
ProChannel	non-virtual thunk to OZCompoundChannel	3	0
ProChannel	OZChanObjectRefInfo	3	0
ProChannel	OZAccelerateInterpolator	3	0
ProChannel	OZDecelerateInterpolator	3	1
ProChannel	OZEaseInterpolator	3	0
ProChannel	OZChannelPercentInfo	3	0
ProChannel	OZCurvePercentSplineState	3	0
ProChannel	CHChannelTransformSelector	3	0
ProChannel	CHChannelAngle	3	0
ProChannel	CHChannelPercent	3	0
ProChannel	CHChannelShearAngle	3	0
ProChannel	CHChannelAspectRatio	3	0
ProChannel	CHChannelAspectRatioFootage	3	0
ProChannel	CHChannelGammaFootage	3	0
ProChannel	CHChannelSeed	3	0
ProChannel	CHChannelFrame	3	0
ProChannel	CHChannelTimecode	3	0
ProChannel	CHChannelVaryingFolder	3	0
ProChannel	CHChannelGradientRGBFolder	3	0
ProChannel	CHChannelGradientAlphaFolder	3	0
ProChannel	CHChannelGradientSample	3	0
ProChannel	CHChannelGradientSampleRGB	3	0
ProChannel	CHChannelGradientSampleAlpha	3	0
ProChannel	CHChannelVertexFolder	3	0
ProCore	cc_matrix	3	0
ProCore	Json::StreamWriter::Factory	3	0
ProCore	Json::Writer	3	0
ProCore	PCException_WriteError	3	0
ProCore	std::__1::vector<PCAtomBox*, std::__1::allocator<PCAtomBox*>>	3	0
ProCore	PCEvictionHeap<std::__1::__map_iterator<std::__1::__tree_iterator<std::__1::__value_type<std::__1::tuple<PCCFRef<CGColorSpace*>, PCColorUtil::AlphaFormat, PCCFRef<CGColorSpace*>, PCColorUtil::AlphaFormat>, PCCacheImpl<std::__1::tuple<PCCFRef<CGColorSpace*>, PCColorUtil::AlphaFormat, PCCFRef<CGColorSpace*>, PCColorUtil::AlphaFormat>, PCCFRef<vImageConverter*>, PCNoLock, std::__1::less<std::__1::tuple<PCCFRef<CGColorSpace*>, PCColorUtil::AlphaFormat, PCCFRef<CGColorSpace*>, PCColorUtil::AlphaFormat>>>::Data>, std::__1::__tree_node<std::__1::__value_type<std::__1::tuple<PCCFRef<CGColorSpace*>, PCColorUtil::AlphaFormat, PCCFRef<CGColorSpace*>, PCColorUtil::AlphaFormat>, PCCacheImpl<std::__1::tuple<PCCFRef<CGColorSpace*>, PCColorUtil::AlphaFormat, PCCFRef<CGColorSpace*>, PCColorUtil::AlphaFormat>, PCCFRef<vImageConverter*>, PCNoLock, std::__1::less<std::__1::tuple<PCCFRef<CGColorSpace*>, PCColorUtil::AlphaFormat, PCCFRef<CGColorSpace*>, PCColorUtil::AlphaFormat>>>::Data>, void*>*, long>>>	3	0
ProCore	std::__1	3	0
ProCore	std::__1::__tree<std::__1::__value_type<std::__1::tuple<PCCFRef<CGColorSpace*>, PCColorUtil::AlphaFormat, PCCFRef<CGColorSpace*>, PCColorUtil::AlphaFormat>, PCCacheImpl<std::__1::tuple<PCCFRef<CGColorSpace*>, PCColorUtil::AlphaFormat, PCCFRef<CGColorSpace*>, PCColorUtil::AlphaFormat>, PCCFRef<vImageConverter*>, PCNoLock, std::__1::less<std::__1::tuple<PCCFRef<CGColorSpace*>, PCColorUtil::AlphaFormat, PCCFRef<CGColorSpace*>, PCColorUtil::AlphaFormat>>>::Data>, std::__1::__map_value_compare<std::__1::tuple<PCCFRef<CGColorSpace*>, PCColorUtil::AlphaFormat, PCCFRef<CGColorSpace*>, PCColorUtil::AlphaFormat>, std::__1::pair<std::__1::tuple<PCCFRef<CGColorSpace*>, PCColorUtil::AlphaFormat, PCCFRef<CGColorSpace*>, PCColorUtil::AlphaFormat> const, PCCacheImpl<std::__1::tuple<PCCFRef<CGColorSpace*>, PCColorUtil::AlphaFormat, PCCFRef<CGColorSpace*>, PCColorUtil::AlphaFormat>, PCCFRef<vImageConverter*>, PCNoLock, std::__1::less<std::__1::tuple<PCCFRef<CGColorSpace*>, PCColorUtil::AlphaFormat, PCCFRef<CGColorSpace*>, PCColorUtil::AlphaFormat>>>::Data>, std::__1::less<std::__1::tuple<PCCFRef<CGColorSpace*>, PCColorUtil::AlphaFormat, PCCFRef<CGColorSpace*>, PCColorUtil::AlphaFormat>>, true>, std::__1::allocator<std::__1::pair<std::__1::tuple<PCCFRef<CGColorSpace*>, PCColorUtil::AlphaFormat, PCCFRef<CGColorSpace*>, PCColorUtil::AlphaFormat> const, PCCacheImpl<std::__1::tuple<PCCFRef<CGColorSpace*>, PCColorUtil::AlphaFormat, PCCFRef<CGColorSpace*>, PCColorUtil::AlphaFormat>, PCCFRef<vImageConverter*>, PCNoLock, std::__1::less<std::__1::tuple<PCCFRef<CGColorSpace*>, PCColorUtil::AlphaFormat, PCCFRef<CGColorSpace*>, PCColorUtil::AlphaFormat>>>::Data>>>	3	0
ProCore	std::__1::__tree<std::__1::__value_type<PCHash128, PCCacheImpl<PCHash128, PCColorSpaceHandle, PCNoLock, std::__1::less<PCHash128>>::Data>, std::__1::__map_value_compare<PCHash128, std::__1::pair<PCHash128 const, PCCacheImpl<PCHash128, PCColorSpaceHandle, PCNoLock, std::__1::less<PCHash128>>::Data>, std::__1::less<PCHash128>, true>, std::__1::allocator<std::__1::pair<PCHash128 const, PCCacheImpl<PCHash128, PCColorSpaceHandle, PCNoLock, std::__1::less<PCHash128>>::Data>>>	3	0
ProCore	std::__1::__tree<std::__1::__value_type<Json::Value::CZString, Json::Value>, std::__1::__map_value_compare<Json::Value::CZString, std::__1::pair<Json::Value::CZString const, Json::Value>, std::__1::less<Json::Value::CZString>, true>, std::__1::allocator<std::__1::pair<Json::Value::CZString const, Json::Value>>>	3	0
ProCore	std::__1::__tree<std::__1::__value_type<std::__1::tuple<PCColorSpaceHandle const>, PCCacheImpl<std::__1::tuple<PCColorSpaceHandle const>, PCHash128, PCNoLock, std::__1::less<std::__1::tuple<PCColorSpaceHandle const>>>::Data>, std::__1::__map_value_compare<std::__1::tuple<PCColorSpaceHandle const>, std::__1::pair<std::__1::tuple<PCColorSpaceHandle const> const, PCCacheImpl<std::__1::tuple<PCColorSpaceHandle const>, PCHash128, PCNoLock, std::__1::less<std::__1::tuple<PCColorSpaceHandle const>>>::Data>, std::__1::less<std::__1::tuple<PCColorSpaceHandle const>>, true>, std::__1::allocator<std::__1::pair<std::__1::tuple<PCColorSpaceHandle const> const, PCCacheImpl<std::__1::tuple<PCColorSpaceHandle const>, PCHash128, PCNoLock, std::__1::less<std::__1::tuple<PCColorSpaceHandle const>>>::Data>>>	3	0
ProCore	PCICCTransferFunction	3	3
ProCore	PCVector4<double>& PCMatrix44Tmpl<double>	3	0
ProCore	std::__1::vector<PCSingleton::Info, std::__1::allocator<PCSingleton::Info>>	3	0
ProCore	std::__1::vector<PCTimecodeMode*, std::__1::allocator<PCTimecodeMode*>>	3	0
ProCore	PCShared_base	3	3
ProCore	std::__1::vector<PCScope*, std::__1::allocator<PCScope*>>	3	0
ProCore	void std::__1::__split_buffer<PCStreamElement**, std::__1::allocator<PCStreamElement**>>	3	0
ProCore	std::__1::vector<(anonymous namespace)::label_t, std::__1::allocator<(anonymous namespace)::label_t>>	3	0
ProCore	PCBezierNamespace::SampledContour	3	0
ProCore	PCArray<double, PCArray_Traits<double>>	3	0
ProCore	PCUnsupportedOperationException	3	0
ProCore	PCException_ScopeUndefined	3	0
ProCore	PCException_NoElementDefined	3	0
ProCore	PCException_AttributeUndefined	3	0
ProCore	std::__1::shared_ptr<std::__1::vector<unsigned char, std::__1::allocator<unsigned char>>>	3	0
ProCore	PCSystemException	3	0
ProCore	ProCore::Private::ChannelTypeTraits<half>	3	0
ProCore	std::__1::basic_stringbuf<char, std::__1::char_traits<char>, std::__1::allocator<char>>	3	0
ProCore	PCAssertionException	3	0
ProCore	std::__1::vector<int, std::__1::allocator<int>>	3	0
ProCore	PCDivideByZeroException	3	0
ProCore	PCBitstreamReader	3	0
ProCore	ImplicitLine	3	0
ProCore	std::__1::pair<BezInfo, BezInfo>	3	0
ProCore	PCStackTrace	3	0
ProCore	std::__1::vector<void*, std::__1::allocator<void*>>	3	0
ProCore	cc::lut_t::processor_t	3	0
ProCore	std::__1::__end_state<char>	3	0
ProCore	std::__1::__empty_state<char>	3	0
ProCore	std::__1::__l_anchor_multiline<char>	3	0
ProCore	std::__1::__r_anchor_multiline<char>	3	0
ProCore	std::__1::__word_boundary<char, std::__1::regex_traits<char>>	3	0
ProCore	std::__1::__match_char_collate<char, std::__1::regex_traits<char>>	3	0
ProCore	std::__1::__match_char<char>	3	0
ProCore	std::__1::__back_ref_icase<char, std::__1::regex_traits<char>>	3	0
ProCore	std::__1::__back_ref_collate<char, std::__1::regex_traits<char>>	3	0
ProCore	std::__1::__back_ref<char>	3	0
ProCore	std::__1::__begin_marked_subexpression<char>	3	0
ProCore	std::__1::__end_marked_subexpression<char>	3	0
ProCore	std::__1::__repeat_one_loop<char>	3	0
ProCore	std::__1::__empty_non_own_state<char>	3	0
ProCore	std::__1::__match_any<char>	3	0
ProCore	std::__1::vector<std::__1::sub_match<std::__1::__wrap_iter<char const*>>, std::__1::allocator<std::__1::sub_match<std::__1::__wrap_iter<char const*>>>>	3	0
ProCore	cc_hsl	3	0
ProCore	cc_YIQ	3	0
ProCore	PCCachedFunctionImpl<PCHash128, PCColorSpaceHandle const&>	3	0
ProCore	PCEvictionHeap<std::__1::__map_iterator<std::__1::__tree_iterator<std::__1::__value_type<PCHash128, PCCacheImpl<PCHash128, PCColorSpaceHandle, PCNoLock, std::__1::less<PCHash128>>::Data>, std::__1::__tree_node<std::__1::__value_type<PCHash128, PCCacheImpl<PCHash128, PCColorSpaceHandle, PCNoLock, std::__1::less<PCHash128>>::Data>, void*>*, long>>>	3	0
ProCore	PCEvictionHeap<std::__1::__map_iterator<std::__1::__tree_iterator<std::__1::__value_type<std::__1::tuple<PCColorSpaceHandle const>, PCCacheImpl<std::__1::tuple<PCColorSpaceHandle const>, PCHash128, PCNoLock, std::__1::less<std::__1::tuple<PCColorSpaceHandle const>>>::Data>, std::__1::__tree_node<std::__1::__value_type<std::__1::tuple<PCColorSpaceHandle const>, PCCacheImpl<std::__1::tuple<PCColorSpaceHandle const>, PCHash128, PCNoLock, std::__1::less<std::__1::tuple<PCColorSpaceHandle const>>>::Data>, void*>*, long>>>	3	0
ProCore	std::__1::vector<PCEdgeVertex, std::__1::allocator<PCEdgeVertex>>	3	0
ProCore	std::__1::vector<PCSharedMutex::ReaderInfo, std::__1::allocator<PCSharedMutex::ReaderInfo>>	3	0
ProCore	PCGenBlockRef<double>	3	0
ProCore	PCGenBlockRef<float>	3	0
ProCore	PCMatrixErrorException	3	0
ProCore	PCGenVector<double>	3	0
ProCore	IntermediateLargeInteger	3	0
ProCore	PCBadIndexException	3	0
ProCore	Json::Features	3	0
ProCore	std::__1::vector<Json::Reader::StructuredError, std::__1::allocator<Json::Reader::StructuredError>>	3	0
ProCore	std::__1::vector<Json::OurReader::StructuredError, std::__1::allocator<Json::OurReader::StructuredError>>	3	0
ProCore	Json::RuntimeError	3	0
ProCore	Json::LogicError	3	0
ProCore	Json::Value::CommentInfo	3	0
ProCore	Json::OurCharReader	3	0
ProCore	PCCaptionSRT	3	0
ProCore	ThreadInfoObj	3	0
ProCore	PCMutableCaptioniTT	3	0
Ozone	OZBehaviorFactory	3	0
Ozone	OZChannelBehaviorFactory	3	0
Ozone	OZChannelAffectedNodesImpl	3	0
Ozone	OZCurve	3	0
Ozone	PCSerializer	3	0
Ozone	OZObject::iterator_t<OZImageNode, false, true, OZExposeNodeValidator>	3	0
Ozone	OZObject::iterator_t<OZSceneNode, false, true, OZObject::defaultValidator>	3	0
Ozone	OZObject::iterator_t<OZAudioTrack, false, true, OZObject::defaultValidator>	3	0
Ozone	OZObject::iterator_t<OZAudioTrack, true, true, OZObject::defaultValidator>	3	0
Ozone	OZObject::iterator_t<OZImageElement, false, true, OZObject::defaultValidator>	3	0
Ozone	OZObject::iterator_t<OZImageElement, true, true, dropZoneValidator>	3	0
Ozone	OZObject::iterator_t<OZSceneNodeFile, false, true, OZObject::defaultValidator>	3	0
Ozone	OZObject::iterator_t<OZTransformNode, false, true, OZFitCalcValidator>	3	0
Ozone	OZObject::iterator_t<OZTransformNode, true, true, OZFitCalcValidator>	3	0
Ozone	OZObject::iterator_t<OZAudioMasterTrack, true, true, OZObject::defaultValidator>	3	0
Ozone	OZObject::iterator_t<OZGroup, true, true, OZObject::defaultValidator>	3	0
Ozone	OZObject::iterator_t<OZElement, false, true, OZFitCalcValidator>	3	0
Ozone	OZObject::iterator_t<OZElement, true, true, OZFitCalcValidator>	3	0
Ozone	OZObject::iterator_t<OZFootage, false, true, OZObject::defaultValidator>	3	0
Ozone	PCPtr<LiSimpleCamera>& PCPtr<LiSimpleCamera>	3	0
Ozone	std::__1::deque<OZScene*, std::__1::allocator<OZScene*>>	3	0
Ozone	void std::__1::__split_buffer<OZPXSchedule*, std::__1::allocator<OZPXSchedule*>>	3	0
Ozone	void std::__1::__split_buffer<OZMETimeConverterData*, std::__1::allocator<OZMETimeConverterData*>>	3	0
Ozone	void std::__1::__split_buffer<PCNSRef<FFStreamVideo*>*, std::__1::allocator<PCNSRef<FFStreamVideo*>*>>	3	0
Ozone	void std::__1::__split_buffer<OZSceneNode**, std::__1::allocator<OZSceneNode**>>	3	0
Ozone	void std::__1::__split_buffer<OZRenderResult**, std::__1::allocator<OZRenderResult**>>	3	0
Ozone	void std::__1::__split_buffer<OZChannelFolder**, std::__1::allocator<OZChannelFolder**>>	3	0
Ozone	void std::__1::__split_buffer<OZFxPlugRenderContext**, std::__1::allocator<OZFxPlugRenderContext**>>	3	0
Ozone	void std::__1::__split_buffer<OZGroup**, std::__1::allocator<OZGroup**>>	3	0
Ozone	void std::__1::__split_buffer<OZScene**, std::__1::allocator<OZScene**>>	3	0
Ozone	void std::__1::__split_buffer<OZLocking**, std::__1::allocator<OZLocking**>>	3	0
Ozone	void std::__1::__split_buffer<signed char*, std::__1::allocator<signed char*>>	3	0
Ozone	void std::__1::__split_buffer<int*, std::__1::allocator<int*>>	3	0
Ozone	std::length_error	3	0
Ozone	OZCurrentThread	3	0
Ozone	OZObject::all_iterator_t<OZFxFilter, false, true, OZObject::defaultAllValidator>	3	0
Ozone	OZObject::all_iterator_t<OZRigBehavior, false, true, OZObject::defaultAllValidator>	3	0
Ozone	bool findBounds<OZObject	3	0
Ozone	PCArray<PCPlane<double>, PCArray_Traits<PCPlane<double>>>	3	0
Ozone	PCQuat<double>	3	0
Ozone	PCArray<LiLight, PCArray_Traits<LiLight>>	3	0
Ozone	PCSvd<double>	3	0
Ozone	OZElement::OZElement_lrSizeImpl	3	0
Ozone	OZElement::OZElement_lrSizeInfo	3	0
Ozone	OZChannelDoubleImpl	3	0
Ozone	OZElement::OZElement_lrIntensityImpl	3	0
Ozone	OZElement::OZElement_lrIntensityScaleImpl	3	0
Ozone	OZElement::OZElement_lrOpacityImpl	3	0
Ozone	OZElement::OZElement_reflectivityImpl	3	0
Ozone	OZElement::OZElement_reflectionBlurImpl	3	0
Ozone	OZElement::OZElement_reflectionBeginFalloffImpl	3	0
Ozone	OZElement::OZElement_reflectionBeginFalloffInfo	3	0
Ozone	OZElement::OZElement_reflectionEndFalloffImpl	3	0
Ozone	OZElement::OZElement_reflectionEndFalloffInfo	3	0
Ozone	OZElement::OZElement_reflectionFalloffExponentImpl	3	0
Ozone	OZElement::OZElement_reflectionFalloffExponentInfo	3	0
Ozone	OZElement::OZElement_castsReflectionImpl	3	0
Ozone	OZElement::OZElement_conversionImpl	3	0
Ozone	OZElement::OZElement_conversionTypeImpl	3	0
Ozone	OZElement::OZElement_dropShadowOpacityImpl	3	0
Ozone	OZElement::OZElement_dropShadowBlurImpl	3	0
Ozone	OZElement::OZElement_dropShadowBlurInfo	3	0
Ozone	OZElement::OZElement_dropShadowDistanceImpl	3	0
Ozone	OZElement::OZElement_dropShadowAngleImpl	3	0
Ozone	OZChannelAngle	3	0
Ozone	OZChannelAngleImpl	3	0
Ozone	OZElement::OZElement_cropInfo	3	0
Ozone	PCArray<PCPtr<LiImageFilter>, PCArray_Traits<PCPtr<LiImageFilter>>>	3	0
Ozone	std::__1::vector<PCVector2<double>, std::__1::allocator<PCVector2<double>>>	3	0
Ozone	std::__1::pair<std::__1::__tree_iterator<OZSnap, std::__1::__tree_node<OZSnap, void*>*, long>, bool> std::__1::__tree<OZSnap, std::__1::less<OZSnap>, std::__1::allocator<OZSnap>>	3	0
Ozone	OZChannelAspectRatioFootageImpl	3	0
Ozone	OZFootage::OZFootage_fixedWidthInfo	3	0
Ozone	OZChannelUint32Impl	3	0
Ozone	OZFootage::OZFootage_fixedHeightInfo	3	0
Ozone	OZFootage::OZFootage_exposureInfo	3	0
Ozone	OZFootage::OZFootage_defogInfo	3	0
Ozone	OZFootage::OZFootage_kneeLowInfo	3	0
Ozone	OZFootage::OZFootage_kneeHighInfo	3	0
Ozone	OZChannelGammaFootageImpl	3	0
Ozone	PCBitmap_t<PCPixel4<ProCore::Private::PixelInfoTemplate<(PCPixelFormat::ChannelOrder)3>>>	3	0
Ozone	std::__1::vector<int, std::__1::allocator<int>>	3	0
Ozone	OZChannelDecibelImpl	3	0
Ozone	LiImageSource	3	0
Ozone	OZImageElement::OZImageElement_pageNumberImpl	3	0
Ozone	OZImageElement::OZImageElement_pageNumberInfo	3	0
Ozone	OZImageElement::OZImageElement_timeScaleImpl	3	0
Ozone	OZImageElement::OZImageElement_retimeFrameCacheImpl	3	0
Ozone	OZImageElement::OZImageElement_loopDurationImpl	3	0
Ozone	OZImageElement::OZImageElement_layerImpl	3	0
Ozone	OZImageElement::OZImageElement_layerInfo	3	0
Ozone	OZImageElement::OZImageElement_dropInputIDImpl	3	0
Ozone	OZImageElement::OZImageElement_dropInputIDInfo	3	0
Ozone	OZImageElement::OZImageElement_dropPanImpl	3	0
Ozone	OZImageElement::OZImageElement_dropPanInfo	3	0
Ozone	OZImageElement::OZImageElement_dropScaleImpl	3	0
Ozone	OZImageElement::OZImageElement_dropFillOpaqueImpl	3	0
Ozone	OZImageElement::OZImageElement_dropWidthImpl	3	0
Ozone	OZImageElement::OZImageElement_dropWidthInfo	3	0
Ozone	OZImageElement::OZImageElement_dropHeightImpl	3	0
Ozone	OZImageElement::OZImageElement_dropHeightInfo	3	0
Ozone	std::__1::vector<CMTime, std::__1::allocator<CMTime>>	3	0
Ozone	OZGroup::OZGroup_dimensionTypeImpl	3	0
Ozone	OZGroup::OZGroup_fixedWidthImpl	3	0
Ozone	OZGroup::OZGroup_fixedWidthInfo	3	0
Ozone	OZGroup::OZGroup_fixedHeightImpl	3	0
Ozone	OZGroup::OZGroup_fixedHeightInfo	3	0
Ozone	OZGroup::OZGroup_versionImpl	3	0
Ozone	OZEffect_Base	3	0
Ozone	OZDropZoneTypeUndoParams	3	0
Ozone	void std::__1::__uninitialized_allocator_relocate[abi:nqe210106]<std::__1	3	0
Ozone	OZFxPlugColorCorrectionController_UIComponent	3	0
Ozone	std::__1::vector<LightingStyleLight, std::__1::allocator<LightingStyleLight>>	3	0
Ozone	ProShade::VarT<ProShade::Node>	3	0
Ozone	ProShade::VarT<ProShade::UniformNode>	3	0
Ozone	ProShade::VarT<ProShade::Const>	3	0
Ozone	PCArray<ProShade::VarT<ProShade::Node>, PCArray_Traits<ProShade::VarT<ProShade::Node>>>	3	0
Ozone	ProShade::VarT<ProShade::SamplerNode>	3	0
Ozone	non-virtual thunk to OZMaterialCompoundLayer	3	0
Ozone	std::__1::vector<PCNSRef<NSURL*>, std::__1::allocator<PCNSRef<NSURL*>>>	3	0
Ozone	OZChannelSeedImpl	3	0
Ozone	std::__1::vector<OZTimelineOverlap, std::__1::allocator<OZTimelineOverlap>>	3	0
Ozone	PCMatrix44Tmpl<float>	3	0
Ozone	OZCompoundChannel	3	0
Ozone	std::__1::vector<OZSimStateElement, std::__1::allocator<OZSimStateElement>>	3	0
Ozone	non-virtual thunk to OZChannelMaterialLayerMap	3	0
Ozone	OZChannelAspectRatioImpl	3	0
Ozone	std::__1::vector<std::__1::shared_ptr<PCImage>, std::__1::allocator<std::__1::shared_ptr<PCImage>>>	3	0
Ozone	std::__1::vector<float vector[3], std::__1::allocator<float vector[3]>>	3	0
Ozone	std::__1::vector<std::__1::pair<HGRef<HGNode>, int>, std::__1::allocator<std::__1::pair<HGRef<HGNode>, int>>>	3	0
Ozone	non-virtual thunk to OZChannelImageWithOptions	3	0
Ozone	OZChannelImageWithOptions::OZChannelImageWithOptions_frameImpl	3	0
Ozone	OZChannelImageWithOptions::OZChannelImageWithOptions_frameInfo	3	0
Ozone	PCBitmap_t<PCPixel4<ProCore::Private::PixelInfoTemplate<(PCPixelFormat::ChannelOrder)13>>>	3	0
Ozone	std::__1::vector<std::__1::list<OZShapeBehaviorVertexCacheEntry*, std::__1::allocator<OZShapeBehaviorVertexCacheEntry*>>, std::__1::allocator<std::__1::list<OZShapeBehaviorVertexCacheEntry*, std::__1::allocator<OZShapeBehaviorVertexCacheEntry*>>>>	3	0
Ozone	OZMotionPathBehavior::OZMotionPathBehavior_radiusImpl	3	0
Ozone	OZMotionPathBehavior::OZMotionPathBehavior_radiusInfo	3	0
Ozone	OZMotionPathBehavior::OZMotionPathBehavior_rectSizeImpl	3	0
Ozone	OZMotionPathBehavior::OZMotionPathBehavior_rectSizeInfo	3	0
Ozone	OZMotionPathBehavior::OZMotionPathBehavior_waveAmplitudeImpl	3	0
Ozone	OZMotionPathBehavior::OZMotionPathBehavior_waveAmplitudeInfo	3	0
Ozone	OZMotionPathBehavior::OZMotionPathBehavior_waveFrequencyImpl	3	0
Ozone	OZMotionPathBehavior::OZMotionPathBehavior_waveFrequencyInfo	3	0
Ozone	OZMotionPathBehavior::OZMotionPathBehavior_wavePhaseInfo	3	0
Ozone	OZMotionPathBehavior::OZMotionPathBehavior_waveDampingImpl	3	0
Ozone	OZMotionPathBehavior::OZMotionPathBehavior_waveDampingInfo	3	0
Ozone	OZMotionPathBehavior::OZMotionPathBehavior_offsetImpl	3	0
Ozone	OZMotionPathBehavior::OZMotionPathBehavior_frequencyImpl	3	0
Ozone	OZMotionPathBehavior::OZMotionPathBehavior_frequencyInfo	3	0
Ozone	OZMotionPathBehavior::OZMotionPathBehavior_endTimeOffsetChanImpl	3	0
Ozone	OZHCopyMaskAlphaToMaskRGB	3	0
Ozone	OZHCopyMaskRGBToMaskAlpha	3	0
Ozone	std::__1::vector<OZLibEntryFileInfo, std::__1::allocator<OZLibEntryFileInfo>>	3	0
Ozone	OZCamera::OZCamera_cameraTypeImpl	3	0
Ozone	OZCamera::OZCamera_angleOfViewImpl	3	0
Ozone	OZCamera::OZCamera_nearPlaneImpl	3	0
Ozone	OZCamera::OZCamera_nearPlaneInfo	3	0
Ozone	OZCamera::OZCamera_farPlaneImpl	3	0
Ozone	OZCamera::OZCamera_farPlaneInfo	3	0
Ozone	OZCamera::OZCamera_nearFadeImpl	3	0
Ozone	OZCamera::OZCamera_nearFadeInfo	3	0
Ozone	OZCamera::OZCamera_farFadeImpl	3	0
Ozone	OZCamera::OZCamera_farFadeInfo	3	0
Ozone	OZCamera::OZCamera_apertureImpl	3	0
Ozone	OZCamera::OZCamera_apertureInfo	3	0
Ozone	OZCamera::OZCamera_dofOffsetInfo	3	0
Ozone	OZCamera::OZCamera_dofNearImpl	3	0
Ozone	OZCamera::OZCamera_dofNearInfo	3	0
Ozone	OZCamera::OZCamera_dofFarImpl	3	0
Ozone	OZCamera::OZCamera_dofFarInfo	3	0
Ozone	OZCamera::OZCamera_dofFilterImpl	3	0
Ozone	OZCamera::OZCamera_dofFilterShapeImpl	3	0
Ozone	OZCamera::OZCamera_dofFilterSidesImpl	3	0
Ozone	OZCamera::OZCamera_dofFilterSidesInfo	3	0
Ozone	OZCamera::OZCamera_dofDepthModeImpl	3	0
Ozone	void std::__1::__introsort<std::__1	3	0
Ozone	bool std::__1::__insertion_sort_incomplete[abi:nqe210106]<std::__1	3	0
Ozone	non-virtual thunk to OZChannelGradientWithTransform	3	0
Ozone	OZLightingFolder::OZLightingFolder_channelShininessIndexImpl	3	0
Ozone	OZLightingFolder::OZLightingFolder_channelShininessIndexInfo	3	0
Ozone	OZFolderMaterialProperties::OZFolderMaterialProperties_channelShininessIndexImpl	3	0
Ozone	OZOpticalFlow::ProgressControllerFacade	3	0
Ozone	OZMagnifyTool_UIComponent	3	0
Ozone	OZPanTool_UIComponent	3	0
Ozone	OZEditTool_UIComponent	3	0
Ozone	OZBezierTool_UIComponent	3	0
Ozone	OZBSplineTool_UIComponent	3	0
Ozone	OZFreeHandSplineTool_UIComponent	3	0
Ozone	OZBezierMaskTool_UIComponent	3	0
Ozone	OZBSplineMaskTool_UIComponent	3	0
Ozone	OZLineTool_UIComponent	3	0
Ozone	OZRectTool_UIComponent	3	0
Ozone	OZCircleTool_UIComponent	3	0
Ozone	OZPanCameraTool_UIComponent	3	0
Ozone	OZDollyCameraTool_UIComponent	3	0
Ozone	OZOrbitCameraTool_UIComponent	3	0
Ozone	OZWalkCameraTool_UIComponent	3	0
Ozone	OZEyeDropperTool_UIComponent	3	0
Ozone	OZMaskRectTool_UIComponent	3	0
Ozone	OZMaskCircleTool_UIComponent	3	0
Ozone	OZFreeHandMaskTool_UIComponent	3	0
Ozone	OZAddSegmentationMaskTool_UIComponent	3	0
Ozone	OZRectToolOptions_UIComponent	3	0
Ozone	OZCircleToolOptions_UIComponent	3	0
Ozone	OZBezierToolOptions_UIComponent	3	0
Ozone	OZBSplineToolOptions_UIComponent	3	0
Ozone	OZLineToolOptions_UIComponent	3	0
Ozone	OZMaskRectToolOptions_UIComponent	3	0
Ozone	OZMaskCircleToolOptions_UIComponent	3	0
Ozone	OZBSplineMaskToolOptions_UIComponent	3	0
Ozone	OZBezierMaskToolOptions_UIComponent	3	0
Ozone	OZFreehandMaskToolOptions_UIComponent	3	0
Ozone	OZSelectedOSC_UIComponent	3	0
Ozone	OZAnimationPathOSC_UIComponent	3	0
Ozone	OZMotionPathOSC_UIComponent	3	0
Ozone	OZFilmZonesOverlay_UIComponent	3	0
Ozone	OZMDPTestOverlay_UIComponent	3	0
Ozone	OZGridOverlay_UIComponent	3	0
Ozone	OZGuidesOverlay_UIComponent	3	0
Ozone	OZSmartGuidesOverlay_UIComponent	3	0
Ozone	OZRulersOverlay_UIComponent	3	0
Ozone	OZSafeZonesOverlay_UIComponent	3	0
Ozone	OZExposeOverlay_UIComponent	3	0
Ozone	OZCameraOverlay_UIComponent	3	0
Ozone	OZCameraOptionsOverlay_UIComponent	3	0
Ozone	OZLightOverlay_UIComponent	3	0
Ozone	OZCompassOverlay_UIComponent	3	0
Ozone	OZInsetViewOverlay_UIComponent	3	0
Ozone	OZDropZonesOverlay_UIComponent	3	0
Ozone	OZObjectHighlightOverlay_UIComponent	3	0
Ozone	OZAutoSceneNodeHUDController_UIComponent	3	0
Ozone	OZAutoEffectHUDController_UIComponent	3	0
Ozone	OZFxPlugHUDController_UIComponent	3	0
Ozone	OZAutoBehaviorHUDController_UIComponent	3	0
Ozone	OZToolOptionsHUDCtlr_UIComponent	3	0
Ozone	OZEmptyHUDController_UIComponent	3	0
Ozone	OZEmptyMultiHUDController_UIComponent	3	0
Ozone	OZLayerHUDController_UIComponent	3	0
Ozone	OZMotionPathHUDController_UIComponent	3	0
Ozone	OZGeneratorHUDController_UIComponent	3	0
Ozone	OZSingleChanBHHUDCtlr_UIComponent	3	0
Ozone	OZImageMaskHUDController_UIComponent	3	0
Ozone	OZSegmentationMaskHUDController_UIComponent	3	0
Ozone	OZCameraHUDController_UIComponent	3	0
Ozone	OZLightHUDController_UIComponent	3	0
Ozone	OZProjectHUDCtlr_UIComponent	3	0
Ozone	OZAutoPropertiesTabController_UIComponent	3	0
Ozone	OZAutoObjectTabController_UIComponent	3	0
Ozone	OZImageElementInspectorController_UIComponent	3	0
Ozone	OZFootageInspectorController_UIComponent	3	0
Ozone	OZ3DEngineSceneFileInspectorController_UIComponent	3	0
Ozone	OZLightInspectorController_UIComponent	3	0
Ozone	OZMotionPathBehaviorInspectorController_UIComponent	3	0
Ozone	OZAutoEffectsInspectorController_UIComponent	3	0
Ozone	OZEffectInspectorController_UIComponent	3	0
Ozone	OZGeneratorInspectorController_UIComponent	3	0
Ozone	OZEnvironmentInspectorController_UIComponent	3	0
Ozone	OZElementPropertiesInspectorCtlr_UIComponent	3	0
Ozone	OZImageElementPropertiesInspectorCtlr_UIComponent	3	0
Ozone	OZProjectObjectCtlr_UIComponent	3	0
Ozone	OZProjectPropertiesCtlr_UIComponent	3	0
Ozone	OZFxFilterInspectorController_UIComponent	3	0
Ozone	OZFxGeneratorInspectorController_UIComponent	3	0
Ozone	OZImageMaskInspectorController_UIComponent	3	0
Ozone	OZSegmentationMaskInspectorController_UIComponent	3	0
Ozone	OZGroupInspectorController_UIComponent	3	0
Ozone	OZAudioTrackInspectorController_UIComponent	3	0
Ozone	OZCameraInspectorController_UIComponent	3	0
Ozone	OZImageGeneratorInspectorCtrl_UIComponent	3	0
Ozone	OZChanTrackerMixedRefWithPickerController_UIComponent	3	0
Ozone	OZImageEnvironmentInspectorCtrl_UIComponent	3	0
Ozone	OZ3DEngineSceneElementController_UIComponent	3	0
Ozone	OZLibraryNodePreviewCtrl_UIComponent	3	0
Ozone	OZAutoBehaviorsInspectorController_UIComponent	3	0
Ozone	OZBehaviorInspectorController_UIComponent	3	0
Ozone	OZSingleChanBHController_UIComponent	3	0
Ozone	OZChanBlendModeController_UIComponent	3	0
Ozone	OZMoChanGradientStripController_UIComponent	3	0
Ozone	OZChanObjectRefWithPickerController_UIComponent	3	0
Ozone	OZChanSceneNodeRefWithPickerController_UIComponent	3	0
Ozone	OZChanCameraRefWithPickerController_UIComponent	3	0
Ozone	OZChanFootageRefWithPickerController_UIComponent	3	0
Ozone	OZChanAudioTrackRefWithPickerController_UIComponent	3	0
Ozone	OZChanRotoshapeRefWithPickerController_UIComponent	3	0
Ozone	OZChanSceneNodeRefController_UIComponent	3	0
Ozone	OZChanElementRefController_UIComponent	3	0
Ozone	OZChanTransformNodeRefController_UIComponent	3	0
Ozone	OZChanImageNodeRefController_UIComponent	3	0
Ozone	OZChannelMoveableImageController_UIComponent	3	0
Ozone	OZChannelImageForImageWithOptionsController_UIComponent	3	0
Ozone	OZMoChanColorController_UIComponent	3	0
Ozone	OZChanHistogramController_UIComponent	3	0
Ozone	OZChanImageWithOptionsCtlr_UIComponent	3	0
Ozone	OZChanFrameController_UIComponent	3	0
Ozone	OZChanProgressController_UIComponent	3	0
Ozone	OZChannelScaleOverRangeController_UIComponent	3	0
Ozone	OZChannel2DOverRangeController_UIComponent	3	0
Ozone	OZChannelDoubleOverRangeController_UIComponent	3	0
Ozone	OZChannelAngleOverRangeController_UIComponent	3	0
Ozone	OZChannelPercentOverRangeController_UIComponent	3	0
Ozone	OZChanEnumLayerController_UIComponent	3	0
Ozone	OZChanEnumRetimeController_UIComponent	3	0
Ozone	OZChanEnumDimensionController_UIComponent	3	0
Ozone	OZChanTransformSwitchController_UIComponent	3	0
Ozone	OZAffectedNodesController_UIComponent	3	0
Ozone	OZChanObjectRootController_UIComponent	3	0
Ozone	OZMoChanPositionPercentCtlr_UIComponent	3	0
Ozone	OZMoChanBool3DLabelCtlr_UIComponent	3	0
Ozone	OZMoChanLabelCltr_UIComponent	3	0
Ozone	OZMoFolderLabelCtlr_UIComponent	3	0
Ozone	OZLightingFolderLabelController_UIComponent	3	0
Ozone	OZShadowFolderLabelController_UIComponent	3	0
Ozone	OZPixelAspectController_UIComponent	3	0
Ozone	OZPixelAspectFootageController_UIComponent	3	0
Ozone	OZGammaFootageController_UIComponent	3	0
Ozone	OZTransform3DHUDController_UIComponent	3	0
Ozone	OZMoAnimStatusCell_UIComponent	3	0
Ozone	OZRigInspectorController_UIComponent	3	0
Ozone	OZRigWidgetInspectorTabCtlr_UIComponent	3	0
Ozone	OZRigHUDCtlr_UIComponent	3	0
Ozone	OZRigWidgetHUDCtlr_UIComponent	3	0
Ozone	OZFontController_UIComponent	3	0
Ozone	OZChannelMaterialMapTransformController_UIComponent	3	0
Ozone	OZChannelImageWithOptionsBaseController_UIComponent	3	0
Ozone	OZFullWidthSceneNodeRefParamController_UIComponent	3	0
Ozone	OZFullWidthElementRefParamController_UIComponent	3	0
Ozone	OZFullWidthTransformNodeRefParamController_UIComponent	3	0
Ozone	OZFullWidthImageNodeRefParamController_UIComponent	3	0
Ozone	OZFullWidthElementOrFootageRefParamController_UIComponent	3	0
Ozone	OZFullWidthFootageRefParamController_UIComponent	3	0
Ozone	OZFullWidthRotoshapeRefParamController_UIComponent	3	0
Ozone	OZFullWidthChanObjectRefWithPickerParamController_UIComponent	3	0
Ozone	OZFullWidthChanTrackerRefWithPickerParamController_UIComponent	3	0
Ozone	OZFullWidthAudioTrackRefWithPickerParamController_UIComponent	3	0
Ozone	OZFullWidthRotoshapeRefWithPickerParamController_UIComponent	3	0
Ozone	OZFullWidthSceneNodeRefWithPickerParamController_UIComponent	3	0
Ozone	OZFullWidthCameraRefWithPickerParamController_UIComponent	3	0
Ozone	OZFullWidthFootageRefWithPickerParamController_UIComponent	3	0
Ozone	OZOpticalFlow::Private::AnalyzerImplHelper	3	0
Ozone	non-virtual thunk to OZChannelMaterialMapTransform	3	0
Ozone	OZOpticalFlow::Private::ElementMatchesPred	3	0
Ozone	OZOpticalFlow::Private::JobIDPred	3	0
Ozone	OZOpticalFlow::Private::ContainingPred	3	0
Ozone	non-virtual thunk to OZFolderElementShadows	3	0
Ozone	non-virtual thunk to OZMaterialEmissiveLayer	3	0
Ozone	OZRigWidget::OZRigWidget_activeSnapshotIDChanImpl	3	0
Ozone	OZRigWidget::OZRigWidget_valueDoubleImpl	3	0
Ozone	OZRigWidget::OZRigWidget_valueDoubleInfo	3	0
Ozone	OZRigWidget::OZRigWidget_pSliderMinChanImpl	3	0
Ozone	OZRigWidget::OZRigWidget_pSliderMaxChanImpl	3	0
Ozone	OZRigWidget::OZRigWidget_valueAspectRatioImpl	3	0
Ozone	OZRigWidget::OZRigWidget_valueAspectRatioInfo	3	0
Ozone	OZRigSnapshot::OZRigSnapshot_valueChanImpl	3	0
Ozone	OZRigSnapshot::OZRigSnapshot_interpolationChanImpl	3	0
Ozone	non-virtual thunk to OZChannelMaterialRoot	3	0
Ozone	OZChannelUint16Impl	3	0
Ozone	OZLinkBehavior::OZLinkBehavior_applyModeChanImpl	3	0
Ozone	OZLinkBehavior::OZLinkBehavior_scaleChanImpl	3	0
Ozone	OZLinkBehavior::OZLinkBehavior_scaleChanInfo	3	0
Ozone	OZLinkBehavior::OZLinkBehavior_mixModeChanImpl	3	0
Ozone	OZLinkBehavior::OZLinkBehavior_easeRangeChanImpl	3	0
Ozone	OZLinkBehavior::OZLinkBehavior_easeRangeChanInfo	3	0
Ozone	OZLinkBehavior::OZLinkBehavior_customMixChanImpl	3	0
Ozone	OZLinkBehavior::OZLinkBehavior_customMixChanInfo	3	0
Ozone	OZLinkBehavior::OZLinkBehavior_applyLinkWhenChanImpl	3	0
Ozone	PCPtr<LiMaterialLayerOperator>& PCPtr<LiMaterialLayerOperator>::operator=<FlatMaterialLayer	3	0
Ozone	OZShapeReparametrizedContour::OZShapeReparametrizedContour_contourImpl	3	0
Ozone	std::__1::vector<std::__1::shared_ptr<OZStyle>, std::__1::allocator<std::__1::shared_ptr<OZStyle>>>	3	0
Ozone	PCThreadLocalValue<std::__1::shared_ptr<HGComputeDevice const>>	3	0
Ozone	OZLatexPaintTextured	3	0
Ozone	std::__1::vector<OZFrameQueue::TimeFrame, std::__1::allocator<OZFrameQueue::TimeFrame>>	3	0
Ozone	OZIdentityTimeStrategy	3	0
Ozone	OZRemapTimeStrategy	3	0
Ozone	PCBitmap_t<PCGrayPixel<ProCore::Private::PixelInfoTemplate<(PCPixelFormat::ChannelOrder)1>>>	3	0
Ozone	PCBitmap_t<PCGrayAlphaPixel<ProCore::Private::PixelInfoTemplate<(PCPixelFormat::ChannelOrder)2>>>	3	0
Ozone	PCBitmap_t<PCPixel4<ProCore::Private::PixelInfoTemplate<(PCPixelFormat::ChannelOrder)4>>>	3	0
Ozone	PCBitmap_t<PCPixel4<ProCore::Private::PixelInfoTemplate<(PCPixelFormat::ChannelOrder)5>>>	3	0
Ozone	PCBitmap_t<PCPixel4<ProCore::Private::PixelInfoTemplate<(PCPixelFormat::ChannelOrder)6>>>	3	0
Ozone	PCBitmap_t<PCGrayPixel<ProCore::Private::PixelInfoTemplate<(PCPixelFormat::ChannelOrder)7>>>	3	0
Ozone	PCBitmap_t<PCGrayAlphaPixel<ProCore::Private::PixelInfoTemplate<(PCPixelFormat::ChannelOrder)8>>>	3	0
Ozone	PCBitmap_t<PCPixel4<ProCore::Private::PixelInfoTemplate<(PCPixelFormat::ChannelOrder)10>>>	3	0
Ozone	PCBitmap_t<PCPixel3<ProCore::Private::PixelInfoTemplate<(PCPixelFormat::ChannelOrder)9>>>	3	0
Ozone	PCBitmap_t<PCGrayPixel<ProCore::Private::PixelInfoTemplate<(PCPixelFormat::ChannelOrder)11>>>	3	0
Ozone	PCBitmap_t<PCGrayAlphaPixel<ProCore::Private::PixelInfoTemplate<(PCPixelFormat::ChannelOrder)12>>>	3	0
Ozone	PCBitmap_t<PCGrayPixel<ProCore::Private::PixelInfoTemplate<(PCPixelFormat::ChannelOrder)14>>>	3	0
Ozone	PCBitmap_t<PCGrayAlphaPixel<ProCore::Private::PixelInfoTemplate<(PCPixelFormat::ChannelOrder)15>>>	3	0
Ozone	PCBitmap_t<PCPixel4<ProCore::Private::PixelInfoTemplate<(PCPixelFormat::ChannelOrder)16>>>	3	0
Ozone	PCBitmap_t<PCPixel4<ProCore::Private::PixelInfoTemplate<(PCPixelFormat::ChannelOrder)17>>>	3	0
Ozone	HGTile	3	0
Ozone	std::__1::vector<HGBinding, std::__1::allocator<HGBinding>>::__destroy_vector	3	0
Ozone	std::__1::_AllocatorDestroyRangeReverse<std::__1::allocator<HGBinding>, HGBinding*>	3	0
Ozone	OZMediaExtensionsAlert	3	0
Ozone	CAKeyframeAnimation	3	0
Ozone	NSColor	3	0
Ozone	NSUserDefaults	3	0
Ozone	OZTimelineContainerView	3	0
Ozone	OZTimelineNodeWrapper	3	0
Ozone	OZTimingMarkerColors	3	0
Ozone	OZAutoBehaviorsInspectorController	3	0
Ozone	OZEffectInspectorController	3	0
Ozone	OZAffectedNodesTableView	3	0
Ozone	OZSelector	3	0
Ozone	AVAssetWriterInputPixelBufferAdaptor	3	0
Ozone	HUDListEntry	3	0
Ozone	OZLibraryListOutlineHeaderView	3	0
Ozone	OZTimelineRootSetWrapper	3	0
Ozone	OZTimelineKeyframesDragMapWrapper	3	0
Ozone	OZTimelineRowImage	3	0
Ozone	OZFxPlugParameterHandlerUIUpdate	3	0
Ozone	dropMenuTarget	3	0
Ozone	CATextLayer	3	0
Ozone	OZDistributeLayersPanel	3	0
Ozone	TBTextField	3	0
Ozone	OZDFRAbstractBaseTextViewController	3	0
Ozone	OZSolidInspectorController	3	0
Ozone	OZChannelMaterialLayerMapController	3	0
Ozone	OZFxFilterInspectorController	3	0
Ozone	OZFxGeneratorInspectorController	3	0
Ozone	OZGeneratorInspectorController	3	0
Ozone	OZEmptyMultiHUDController	3	0
Ozone	OZToolbarSegmentedControl	3	0
Ozone	OZEmptyHUDController	3	0
Ozone	OZDFRProjectNavigatorView	3	0
Ozone	DummyInterfaceItem	3	0
Ozone	AVMetadataItem	3	0
Ozone	OZTimeRemapController	3	0
Ozone	OZChanEnumRetimeController	3	0
Ozone	OZOutOfGamutOverlay	3	0
Ozone	OZChanBlendModeController	3	0
Ozone	OZMoChanLabelCltr	3	0
Ozone	OZMoFolderEditableLabelCtlr	3	0
Ozone	OZLibraryPresetViewCtlr	3	0
Ozone	OZEnvironmentInspectorController	3	0
Ozone	OZOpticalFlowRenderClient	3	0
Ozone	OZImportFileAlert	3	0
Ozone	OZPublishCreateFolderCtlr	3	0
Ozone	OZTimeDisplaySegmentedScrubberCell	3	0
Ozone	OZImageElementPropertiesInspectorCtlr	3	0
Ozone	OZTimelineDeleteButton	3	0
Ozone	OZMoTimecodeFormatter	3	0
Ozone	OZRigAspectRatioTableView	3	0
Ozone	OZFootageID	3	0
Ozone	OZRigHUDCtlr	3	0
Ozone	OZBackgroundCinematicOp	3	0
Ozone	OZFxViewGamutHandler	3	0
Ozone	CHChannelFont	3	0
Ozone	CHChannelImageWithOptions	3	0
Flexo	std::__1::vector<_SubEffectPriority, std::__1::allocator<_SubEffectPriority>>	3	0
Flexo	std::__1::__tree<std::__1::__value_type<FFMD5, float>, std::__1::__map_value_compare<FFMD5, std::__1::pair<FFMD5 const, float>, std::__1::less<FFMD5>, true>, std::__1::allocator<std::__1::pair<FFMD5 const, float>>>	3	0
Flexo	std::__1::vector<double, std::__1::allocator<double>>	3	0
Flexo	std::__1::vector<float, std::__1::allocator<float>>	3	0
Flexo	OZCurve	3	0
Flexo	FFAssetUser	3	0
Flexo	FFWithDisableUndoRegistration	3	2
Flexo	FFWithEnableUndoRegistration	3	2
Flexo	void std::__1::__split_buffer<void () block_pointer*, std::__1::allocator<void () block_pointer*>>	3	0
Flexo	FFAudioDynamicScopingWindow::LivePreroller	3	0
Flexo	MXF::MXFLUT	3	0
Flexo	FFEllipseMaskUtils	3	0
Flexo	FFHCopyAlpha	3	0
Flexo	OZChannelAngleImpl	3	0
Flexo	std::__1::vector<PCVector2<double>, std::__1::allocator<PCVector2<double>>>	3	0
Flexo	FFVTRAWRenderer	3	0
Flexo	std::__1::vector<PCNSRef<id<MTLBuffer>>, std::__1::allocator<id<MTLBuffer>>>	3	0
Flexo	ProResRaw::PluginDescriptor* std::__1::vector<ProResRaw::PluginDescriptor, std::__1::allocator<ProResRaw::PluginDescriptor>>::__emplace_back_slow_path<ProResRaw	3	0
Flexo	ProResRaw::PluginObjectXpc	3	0
Flexo	ProResRaw::PluginContextBase	3	0
Flexo	ProResRaw::PluginMetadataBase	3	0
Flexo	ProResRaw::PluginSettingsContextBase	3	0
Flexo	ProResRaw::PluginSettingsSnapshotXpc	3	0
Flexo	ProResRaw::PluginSettingsSnapshotBase	3	0
Flexo	ProResRaw::PluginMetalProcessorBase	3	0
Flexo	ProResRaw::PluginSettingsController::PluginData	3	0
Flexo	std::__1::__tree<std::__1::shared_ptr<FFAudioSamplesCache::Block>, FFAudioSamplesCache::BlockRequestIDSort, std::__1::allocator<std::__1::shared_ptr<FFAudioSamplesCache::Block>>>	3	0
Flexo	std::__1::basic_ostringstream<char, std::__1::char_traits<char>, std::__1::allocator<char>>	3	0
Flexo	FFPMRContextImpl	3	0
Flexo	FFAudioSignalClamper	3	0
Flexo	FFLocklessQueue<FFAudioBufferList*>	3	0
Flexo	FFLocklessQueue<std::__1::pair<unsigned long long, CMTime>>	3	0
Flexo	FFAudioScrubUnit::ScrubRateUpdateRenderHook	3	0
Flexo	FFLocklessQueue<FFAudioRecorderBufferWriteTask*>	3	0
Flexo	FFAudioRenderTimeOffsetHook	3	0
Flexo	FFAudioInputCallbackAdapter	3	0
Flexo	FFDestVideoSuspendRequestInfoRecalculation	3	0
Flexo	FFTimingIntervalInfo	3	0
Flexo	void std::__1::__split_buffer<double*, std::__1::allocator<double*>>	3	0
Flexo	FFPlayerHeliumRenderLocInfo	3	0
Flexo	FFPlayerLockingUtilities	3	0
Flexo	std::__1::vector<CMSampleTimingInfo, std::__1::allocator<CMSampleTimingInfo>>	3	0
Flexo	std::__1::vector<FFChunkedSampleBuffer*, std::__1::allocator<FFChunkedSampleBuffer*>>	3	0
Flexo	FFFigStreamMutex	3	0
Flexo	VideoCodecSpecification	3	0
Flexo	std::__1::vector<FFVTDecompressionSession::DecodeRecord, std::__1::allocator<FFVTDecompressionSession::DecodeRecord>>	3	0
Flexo	std::__1::deque<FFVTDecompressionSession::DecodeRecord, std::__1::allocator<FFVTDecompressionSession::DecodeRecord>>	3	0
Flexo	non-virtual thunk to FFAudioEffectsBuss::GainStageParameterChaser	3	0
Flexo	FFAudioEffectsBuss::EffectStackGraphData	3	0
Flexo	FFLocklessQueue<FFAudioGainChannelBuffer*>	3	0
Flexo	FFAudioGainChannelIndefiniteConstantValueBuffer	3	0
Flexo	FFAudioPlaybackMediator::WithScopingWindowPreroll	3	0
Flexo	FFAudioPlaybackMediator_iOS	3	0
Flexo	FFAudioStreamMonitoringAngleObjectScope	3	0
Flexo	cachedPathsForQuals	3	0
Flexo	FFVideoPropsObjectCounter	3	3
Flexo	non-virtual thunk to FFGraphAttachedParameterChaser	3	0
Flexo	non-virtual thunk to STScheduledEventQueue	3	0
Flexo	ausdk::APFactory<ausdk::AUBaseLookup, UpDownMixerUnit>	3	0
Flexo	ausdk::APFactory<ausdk::AUBaseLookup, AUCallbackGainStage>	3	0
Flexo	ausdk::APFactory<ausdk::AUBaseLookup, AUChannelConform>	3	0
Flexo	ausdk::APFactory<ausdk::AUBaseLookup, AUSampleRateConverterWithTimeStamps>	3	0
Flexo	ausdk::APFactory<ausdk::AUBaseLookup, AUTrimLevel>	3	0
Flexo	ausdk::APFactory<ausdk::AUBaseLookup, AUFaderLevel>	3	0
Flexo	AUMultiplyMixer	3	0
Flexo	AUMultiplyMixer::BusHandler	3	0
Flexo	ausdk::APFactory<ausdk::AUBaseLookup, AUMultiplyMixer>	3	0
Flexo	AUMultiInputBase::InputBusHandler	3	0
Flexo	AUOutputBusJoiner	3	3
Flexo	ausdk::APFactory<ausdk::AUBaseLookup, AUOutputBusJoiner>	3	0
Flexo	ausdk::APFactory<ausdk::AUBaseLookup, AUPassThrough>	3	0
Flexo	ausdk::APFactory<ausdk::AUBaseLookup, AUPullController>	3	0
Flexo	ausdk::APFactory<ausdk::AUBaseLookup, AUScoper>	3	0
Flexo	ausdk::APFactory<ausdk::AUBaseLookup, AUSequenceTime>	3	0
Flexo	ausdk::APFactory<ausdk::AUBaseLookup, AUSimpleScoper>	3	0
Flexo	ausdk::APFactory<ausdk::AUBaseLookup, AUSurroundPanner>	3	0
Flexo	AUUnityMixer	3	0
Flexo	ausdk::APFactory<ausdk::AUBaseLookup, AUUnityMixer>	3	0
Flexo	ausdk::APFactory<ausdk::AUBaseLookup, VAMatrixMixer>	3	0
Flexo	non-virtual thunk to FFOZRootChannel	3	0
Flexo	FFDispatchQueue	3	0
Flexo	FFRiggedChannelFolderController_UIComponent	3	0
Flexo	FFRiggedChannelFolderLabelController_UIComponent	3	0
Flexo	FFAudioUnitEffectRootChannelController_UIComponent	3	0
Flexo	FFAudioUnitEffectRootChannelLabelController_UIComponent	3	0
Flexo	FFAudioUnitEffectRootChannelFolderGroupController_UIComponent	3	0
Flexo	FFActiveToolFolderController_UIComponent	3	0
Flexo	FFVideoTrackerFolderController_UIComponent	3	0
Flexo	FFMediaRefChannelController_UIComponent	3	0
Flexo	FFBlindDataCustomUIChannelController_UIComponent	3	0
Flexo	FFColorCorrectionUIChannelController_UIComponent	3	0
Flexo	FFPositionPercentChannelController_UIComponent	3	0
Flexo	FFShapeMaskFolderController_UIComponent	3	0
Flexo	FFFullWidthParamController_UIComponent	3	0
Flexo	FFAnimStatusCell_UIComponent	3	0
Flexo	FFRunningStatistics	3	0
Flexo	FFSchedQueueingInfo_MaxInHelium	3	0
Flexo	FFLocklessQueue<WorkerThread::Task*>	3	0
Flexo	FFWorkerQueueThreadRunnable	3	0
Flexo	CTMCoreMedia::AvidADHR	3	0
Flexo	BitstreamReader	3	0
Flexo	CTMCoreMedia::AvidARES	3	0
Flexo	std::__1::vector<HPMChunkEntry, std::__1::allocator<HPMChunkEntry>>	3	0
Flexo	MXF::MXFColorComponents	3	0
Flexo	MXF::MXFPartitionEntry	3	0
Flexo	FFInspectorCaptionTextNodeTree	3	0
Flexo	FFColorMatchHueEffect	3	0
Flexo	FFConsumerMatchHueEffect	3	0
Flexo	FFColorLooksListNameFormatter	3	0
Flexo	_MultiStateSegmentItem	3	0
Flexo	FFSourceAudioToneGenerator	3	0
Flexo	FFAnchoredPlaceholderGeneratorComponent	3	0
Flexo	FFAnchoredFavoriteMarker	3	0
Flexo	FFAnchoredHiddenMarker	3	0
Flexo	FFChan2DPercentToPixelController	3	0
Flexo	FFChan2DPercentToSourcePixelController	3	0
Flexo	FFRiggedChannelFolder	3	0
Flexo	FFVideoTrackerFolder	3	0
Flexo	FFFlexMusicTimingMetadata	3	0
Flexo	FFMediaResourceTimingMetadata	3	0
Flexo	FFTimingMetadataEntryData	3	0
Flexo	FFTemporaryEventRecord	3	0
Flexo	FFLibraryTaskMoveOptionsView	3	0
Flexo	FFMappedCollection	3	0
Flexo	FFMappedIndexCollection	3	0
Flexo	FlowMediaRepScheduledFrame	3	0
Flexo	FFMD5Reader	3	0
Flexo	FFGlobalLock	3	0
Flexo	FFColorSchemeTable	3	0
Flexo	FFDupeLayer	3	0
Flexo	FFStorylinesWithoutSelectedChildrenFilter	3	0
Flexo	FFTimelineSelectionFilterFactory	3	0
Flexo	FFStorylineTransaction	3	0
Flexo	TLKTimelineLayer	3	0
Flexo	FFAudioEffectEditorManager	3	0
Flexo	FFEffectBundleUserBundle	3	0
Flexo	CityArrayController	3	0
Flexo	CountTransformer	3	0
Flexo	StringLengthTransformer	3	0
Flexo	NSMutableArray	3	0
Flexo	iMovieZeroingWeakValue	3	0
Flexo	iLifeAnimationHelpers	3	0
Flexo	iLifeDevice	3	0
Flexo	iLifeStringHelpers	3	0
Flexo	InaccessibleView	3	0
Flexo	InaccessibleImageView	3	0
Flexo	InaccessibleTextField	3	0
Flexo	InaccessibleButton	3	0
Flexo	InaccessibleColorWell	3	0
Flexo	SportsUtils	3	0
Flexo	_FFSegmentationMasksDoubleLabelController	3	0
Flexo	FFTrackerShapeMaskChannelController	3	0
Flexo	FFInnerOuterCorrectionExtraRowParamController	3	0
Flexo	FFIsolationLabelController	3	0
Flexo	FFMaskedEffectBaseParamController	3	0
Flexo	FFStabilization360ParameterController	3	0
Flexo	FFAudioUnitEffectChannelDoubleFormatter	3	0
Flexo	FFSliderTransformerAudioUnit	3	0
Flexo	FFTapToBoundingBox	3	0
Flexo	FFAudioTransitionEffect	3	0
Flexo	FFCachedSubRangeFailure	3	0
Flexo	FFEmptyTimelineOverlayManager	3	0
Flexo	FFHGTextureHolder	3	0
Flexo	FFCVImageBufferRetainer	3	0
Flexo	FFSimpleCGImageHolder	3	0
Flexo	FFCanonLogProcessingInfo	3	0
Flexo	FFSonySLog3SGamut3ProcessingInfo	3	0
Flexo	FFBuiltInLog3DLUTProcessingInfo	3	0
Flexo	FFIMovieIOSv6EditTransformer	3	0
Flexo	FFMediaUsageObjectTimeMap	3	0
Flexo	FFAudioVoiceIsolationFolderController	3	0
Flexo	FFAudioEnhancementsBrickController	3	0
Flexo	FFAudioComponentsConfigRolePopUpButton	3	0
Flexo	FFAuditionerFilmstrip	3	0
Flexo	FFSnapshotUtils	3	0
Flexo	FFCPSContainerView	3	0
Flexo	FFInspectorAudioEffectChannelFolderController	3	0
Flexo	FFInspectorLegacyAudioEffectsFolderGroupController	3	0
Flexo	FFInspectorOZAudioEffectBrickFolderGroupController	3	0
Flexo	FFInspectorRolesParameterController	3	0
Flexo	_FFInspectorTokenField	3	0
Flexo	FFHeXForm3DEffectFolderController	3	0
Flexo	FFInspectorFileInfoHeaderController	3	0
Flexo	_FFFileInfoTileHeaderController	3	0
Flexo	FFInspectorFolderShowHideDisclosureButton	3	0
Flexo	FFInspectorModuleAudioOZViewCtlrDelegate	3	0
Flexo	FFInspectorModuleColorMasksChannelsOZViewCtlrDelegate	3	0
Flexo	_FFLibrarySmTextDescController	3	0
Flexo	_FFLibraryColorProcessingController	3	0
Flexo	_FFMetadataMultiCamItem	3	0
Flexo	_FFProjectPropertiesExpandedDescriptionItem	3	0
Flexo	_FFProjectSharingAttributesController	3	0
Flexo	FFInspectorTableCellView	3	0
Flexo	FFInspectorComboCellView	3	0
Flexo	_FFCaptionInspectorMenuButton	3	0
Flexo	FFOrganizerListViewTextFieldCellView	3	0
Flexo	FFOrganizerListViewPopUpMenuItem	3	0
Flexo	FFOrganizerFrameDurationStringValueTransformer	3	0
Flexo	FFVolumeMountOperation	3	0
Flexo	FFGoToOperation	3	0
Flexo	FFEffectBrowserSidebar	3	0
Flexo	FFMDMOCMediaGroupBuilder	3	0
Flexo	PHCollection	3	0
Flexo	FFMDLibraryContentModule	3	0
Flexo	FFMediaSidebarAllEventsNode	3	0
Flexo	FFMediaSidebarAllProjectsNode	3	0
Flexo	FFMediaSidebarLibraryFolderNode	3	0
Flexo	FFThumbnailImageRequestMD5Cache	3	0
Flexo	FFPlayerModuleView	3	0
Flexo	FFSpeedTransitionEditorViewModule	3	0
Flexo	FFShareDestinationVideoResolutionMenuMakerMasteringVideo	3	0
Flexo	FFTheaterFixedBackgroundLayerHostView	3	0
Flexo	FFHistogramModeLabelLayer	3	0
Flexo	FFHistogramParadeStyleLayer	3	0
Flexo	FFHistogramGraticuleLayer	3	0
Flexo	FFVectorscopeBarTargetLabelLayer	3	0
Flexo	FFVectorscopeGraticuleUnitsLabelLayer	3	0
Flexo	FFWaveformParadeStyleLayer	3	0
Flexo	FFWaveformXUnitTextLayer	3	0
Flexo	FFVideoScopesLabelLayer	3	0
Flexo	OKPaneCapItemSlider	3	0
Flexo	FFEffectBundleAudioUnitEffectLabelController	3	0
Flexo	FFEffectBundleChannelFolderController	3	0
Flexo	FFEffectBundleChannelFolderGroupController	3	0
Flexo	FFMediaRefChannelPickingHighlightView	3	0
Flexo	FFMTHandle	3	0
Flexo	FFTransportScubberSlider	3	0
Flexo	FFFaceSelectionOSC	3	0
Flexo	FFPivotOSC	3	0
Flexo	FFWhiteBalanceSelectionOSC	3	0
Flexo	FFPMRRunLoopReporter	3	0
Flexo	FFDestAudioQTMovieWriter	3	0
Flexo	FFSummaryDescCacher	3	0
Flexo	FFImageAbsoluteOutputFormatWithDitherState	3	0
Flexo	FFPendingPlayerShutdownRecord	3	0
Flexo	FFPlSchDCSCompareCache	3	0
Flexo	FFStreamAudioBroadcastWaveMetadata	3	0
Flexo	FFScheduledReadAudioFileInternalObject	3	0
Flexo	FFProviderLongGOPAnalysis	3	0
Flexo	FFStreamAudioOffline	3	0
Flexo	FFImplicitTransitionOverlayLayer	3	0
Flexo	FFAOSVWrapperForScheduleToken	3	0
Flexo	FFOffsetDraggedTimelineLayersOperation	3	0
Flexo	FFTimelineTransitionItemLayer	3	0
Flexo	FFProviderFrameExtraction	3	0
Flexo	FFThreadSafeTokenTransfer	3	0
Flexo	FFVideoPropsXMLBridge	3	0
Flexo	FFRelinkOpenAccessoryViewController	3	0
Flexo	FFCurveEditorBackgroundLayer	3	0
Flexo	FFKeyframeObject	3	0
Flexo	FFSegmentationMaskControlPointLayer	3	0
Flexo	FFTrackingLayerBackgroundLayer	3	0
Flexo	FFShareDestinationMenuNameTransformer	3	0
Flexo	FFAutoexpandingTextFieldCell	3	0
Flexo	FFSharePanelRolesTreeBuilder_Multifile	3	0
Flexo	FFSharePanelRolesTreeBuilder_Multifile_Heterogeneous	3	0
Flexo	FFShareImageView	3	0
Flexo	FFTranscriptionProgressHandler	3	0
Flexo	FFAudioPreprocessorNoiseReduction	3	0
Flexo	FFAudioPreprocessorHumRemoval	3	0
Flexo	FFWeakDeferredPerformSelector	3	0
Flexo	CFObjectRefHolder	3	0
Flexo	PHImageManager	3	0
Flexo	SFUZipRecordInputStream	3	0
Flexo	FFLRUCacheValueTracker	3	0
Flexo	FFNotification	3	0
Flexo	FFIsNotEmptyStringValueTransformer	3	0
Flexo	BlockerWeakPointerWithDesc	3	0
Flexo	FFIXParameterAUDoubleToStringFormatter	3	0
Flexo	FFAudioUnitIXParameterDoubleFormatter	3	0
Flexo	FFTipAction	3	0
Flexo	_TtC5Flexo32FFGenerateCaptionsLanguagePicker	3	0
Flexo	FFTextField	3	0
Flexo	FlexoHgcMetalShadersHelper	3	0
Helium	PBOStrategy::PBOStageSetBuffer	3	0
Helium	PBOStrategy::PBOStageRenderBuffer	3	0
Helium	PBOStrategy::PBOStageReadPixels	3	0
Helium	PBOStrategy::PBOStageMapBuffer	3	0
Helium	PBOStrategy::PBOStageStartCopy	3	0
Helium	PBOStrategy::PBOStageFinishCopy	3	0
Helium	std::__1::basic_stringstream<char, std::__1::char_traits<char>, std::__1::allocator<char>>	3	0
Helium	std::__1::vector<HGRef<HGBitmap>, std::__1::allocator<HGRef<HGBitmap>>>	3	0
Helium	std::__1::deque<HGBitmap*, std::__1::allocator<HGBitmap*>>	3	0
Helium	std::__1::deque<HGGPUReadbackJob*, std::__1::allocator<HGGPUReadbackJob*>>	3	0
Helium	std::__1::deque<HGPixelBufferObj*, std::__1::allocator<HGPixelBufferObj*>>	3	0
Helium	void std::__1::__split_buffer<SessionInfo*, std::__1::allocator<SessionInfo*>>	3	0
Helium	void std::__1::__split_buffer<HGRef<HGGLContext>*, std::__1::allocator<HGRef<HGGLContext>*>>	3	0
Helium	void std::__1::__split_buffer<HGGPUReadbackJob**, std::__1::allocator<HGGPUReadbackJob**>>	3	0
Helium	void std::__1::__split_buffer<HGPixelBufferObj**, std::__1::allocator<HGPixelBufferObj**>>	3	0
Helium	void std::__1::__split_buffer<HGBitmap**, std::__1::allocator<HGBitmap**>>	3	0
Helium	void std::__1::__split_buffer<unsigned long*, std::__1::allocator<unsigned long*>>	3	0
Helium	std::__1::vector<HGRef<HGNode>, std::__1::allocator<HGRef<HGNode>>>	3	0
Helium	std::__1::shared_ptr<HGGPUComputeDevice const>	3	0
Helium	std::__1::list<HGRenderJob*, std::__1::allocator<HGRenderJob*>>	3	0
Helium	HGQuadPlanar	3	0
Helium	std::__1::deque<HGTextureManager::TextureEntry, std::__1::allocator<HGTextureManager::TextureEntry>>	3	0
Helium	std::__1::vector<std::__1::shared_ptr<HGComputeDevice const>, std::__1::allocator<std::__1::shared_ptr<HGComputeDevice const>>>	3	0
Helium	std::__1::deque<HGPool::Entry<id<MTLTexture>, HGMetalTexturePool::Descriptor>, std::__1::allocator<HGMetalTexturePool::Descriptor>>	3	0
Helium	std::__1::deque<HGRef<HGGLContext>, std::__1::allocator<HGRef<HGGLContext>>>	3	0
Helium	HGDitherLUTEntryFactory	3	0
Helium	HGRenderQueueSetupProperties	3	0
Helium	std::__1::vector<HGRef<HGRenderNode>, std::__1::allocator<HGRef<HGRenderNode>>>	3	0
Helium	HGPool::ServicingPolicy	3	0
Helium	std::__1::basic_ostringstream<char, std::__1::char_traits<char>, std::__1::allocator<char>>	3	0
Helium	HGCV	3	0
Helium	DEITP::Rec709ToRec2020DisplayNits	3	0
Helium	__HGStats_private::NodePixelsStats	3	0
Helium	__HGStats_private::RoiStats	3	0
Helium	HGStats::CoreStats<HGNode, __HGStats_private::StatsTimer>	3	0
Helium	std::__1::vector<__HGStats_private::StatsTimer, std::__1::allocator<__HGStats_private::StatsTimer>>	3	0
Helium	std::__1::vector<__HGStats_private::StatsProfile, std::__1::allocator<__HGStats_private::StatsProfile>>	3	0
Helium	HGArray<HEdge, (HGFormat)0>	3	0
Helium	HGArray<float vector[4], (HGFormat)28>	3	0
Helium	HGArray<bool, (HGFormat)0>	3	0
Helium	HDemosaic_1	3	0
Helium	HGColorGammaLUTEntryFactory	3	0
Helium	HGRectf	3	0
Helium	void std::__1::__call_once_proxy[abi:nqe210106]<std::__1::tuple<CreateComputeDeviceList()	3	0
Helium	HGCSolidColor	3	3
Helium	MotionROIFrame	3	0
Helium	std::__1::basic_ofstream<char, std::__1::char_traits<char>>	3	0
Helium	HGComicLUT	3	0
Helium	std::__1::basic_istringstream<char, std::__1::char_traits<char>, std::__1::allocator<char>>	3	0
Helium	std::__1::deque<HGPool::Entry<id<MTLHeap>, HGMetalHeapPool::Descriptor>, std::__1::allocator<HGMetalHeapPool::Descriptor>>	3	0
Helium	std::__1::deque<HGPool::Entry<__CVBuffer*, HGCVPixelBufferPool::Descriptor>, std::__1::allocator<HGPool::Entry<__CVBuffer*, HGCVPixelBufferPool::Descriptor>>>	3	0
Helium	std::__1::deque<HGPool::Entry<id<MTLBuffer>, HGMetalBufferWrapperInfinipool::Descriptor>, std::__1::allocator<HGMetalBufferWrapperInfinipool::Descriptor>>	3	0
Helium	HGPool::EntryEventHandler<id<MTLBuffer>, HGMetalBufferWrapperInfinipool::Descriptor>	3	0
Helium	std::__1::deque<HGPool::Entry<id<MTLTexture>, HGMetalTextureWrapperInfinipool::Descriptor>, std::__1::allocator<HGMetalTextureWrapperInfinipool::Descriptor>>	3	0
Helium	HGRef<HGMetalTexture> HGMetalTexture::_createFromBufferStorage<(HGMetalTexture	3	0
Helium	std::__1::deque<HGPool::Entry<id<MTLBuffer>, HGMetalBufferPool::Descriptor>, std::__1::allocator<HGMetalBufferPool::Descriptor>>	3	0
Helium	HGTransformUtils	3	0
Helium	std::__1::deque<HGMemoryManager::Block*, std::__1::allocator<HGMemoryManager::Block*>>	3	0
Helium	HGProfilerGuard<(HGProfilerGuardMode)0>	3	0
Helium	HGProfilerGuard<(HGProfilerGuardMode)1>	3	0
Helium	HGColorConformLUTEntryFactory	3	0
Helium	std::__1::vector<HGColorConformNodeListItem*, std::__1::allocator<HGColorConformNodeListItem*>>	3	0
Helium	HGCVPixelBufferPool::Descriptor	3	0
Helium	HGLensGDC_BL	3	3
Helium	HGLensGDC_BC	3	0
Helium	std::__1::vector<HGRef<HGMetalTexture>, std::__1::allocator<HGRef<HGMetalTexture>>>	3	0
Helium	HGDecimationImplementation	3	0
Helium	HGAntiAliasLUTEntryFactory	3	0
Helium	HgcSampler	3	0
Helium	HGParamFieldType<float vector[4]>	3	0
Helium	HGParamFieldType<bool>	3	0
Helium	HGParamFieldType<float>	3	0
Helium	HeliumFiltersHgcMetalShadersHelper	3	0
Helium	HeliumRenderHgcMetalShadersHelper	3	0
ProChannel	std::__1::__tree<std::__1::__value_type<unsigned int, OZFactory*>, std::__1::__map_value_compare<unsigned int, std::__1::pair<unsigned int const, OZFactory*>, std::__1::less<unsigned int>, true>, std::__1::allocator<std::__1::pair<unsigned int const, OZFactory*>>>	2	0
ProChannel	non-virtual thunk to OZChannelBase_Factory	2	0
ProChannel	non-virtual thunk to OZChannel_Factory	2	0
ProChannel	non-virtual thunk to OZChannelDouble_Factory	2	0
ProChannel	non-virtual thunk to OZChannelDoubleInfo	2	0
ProChannel	OZChannelDoubleImpl	2	0
ProChannel	non-virtual thunk to OZChannelDoubleImpl	2	0
ProChannel	non-virtual thunk to OZChannelBool_Factory	2	0
ProChannel	non-virtual thunk to OZChannelUint32_Factory	2	0
ProChannel	non-virtual thunk to OZChannelUint32Info	2	0
ProChannel	OZChannelUint32Impl	2	0
ProChannel	non-virtual thunk to OZChannelUint32Impl	2	0
ProChannel	non-virtual thunk to OZChannelAngle_Factory	2	0
ProChannel	non-virtual thunk to OZChannelAngleInfo	2	0
ProChannel	non-virtual thunk to OZChannelAngleImpl	2	0
ProChannel	non-virtual thunk to OZChannelPercent_Factory	2	0
ProChannel	non-virtual thunk to OZChannelShearAngle_Factory	2	0
ProChannel	non-virtual thunk to OZChannelShearAngleInfo	2	0
ProChannel	OZChannelShearAngleImpl	2	0
ProChannel	non-virtual thunk to OZChannelShearAngleImpl	2	0
ProChannel	non-virtual thunk to OZChannelAspectRatio_Factory	2	0
ProChannel	non-virtual thunk to OZChannelAspectRatioInfo	2	0
ProChannel	OZChannelAspectRatioImpl	2	0
ProChannel	non-virtual thunk to OZChannelAspectRatioImpl	2	0
ProChannel	non-virtual thunk to OZChannelAspectRatioFootage_Factory	2	0
ProChannel	non-virtual thunk to OZChannelAspectRatioFootageInfo	2	0
ProChannel	OZChannelAspectRatioFootageImpl	2	0
ProChannel	non-virtual thunk to OZChannelAspectRatioFootageImpl	2	0
ProChannel	non-virtual thunk to OZChannelGammaFootage_Factory	2	0
ProChannel	non-virtual thunk to OZChannelGammaFootageInfo	2	0
ProChannel	OZChannelGammaFootageImpl	2	0
ProChannel	non-virtual thunk to OZChannelGammaFootageImpl	2	0
ProChannel	non-virtual thunk to OZChannelFolder_Factory	2	0
ProChannel	non-virtual thunk to OZCompoundChannel_Factory	2	0
ProChannel	non-virtual thunk to OZChannel2D_Factory	2	0
ProChannel	non-virtual thunk to OZChannelBool3D_Factory	2	0
ProChannel	non-virtual thunk to OZChannelPosition_Factory	2	0
ProChannel	non-virtual thunk to OZChannelPositionPercent_Factory	2	0
ProChannel	non-virtual thunk to OZChannelShear_Factory	2	0
ProChannel	non-virtual thunk to OZChannelScale_Factory	2	0
ProChannel	non-virtual thunk to OZChannel3D_Factory	2	0
ProChannel	non-virtual thunk to OZChannelPosition3D_Factory	2	0
ProChannel	non-virtual thunk to OZChannelRotation3D_Factory	2	0
ProChannel	non-virtual thunk to OZChannelScale3D_Factory	2	0
ProChannel	non-virtual thunk to OZChannelColorNoAlpha_Factory	2	0
ProChannel	non-virtual thunk to OZChannelColor_Factory	2	0
ProChannel	non-virtual thunk to OZChannelQuad_Factory	2	0
ProChannel	non-virtual thunk to OZChannelCrop_Factory	2	0
ProChannel	non-virtual thunk to OZChannelDiscreteColor_Factory	2	0
ProChannel	non-virtual thunk to OZChannelGradient_Factory	2	0
ProChannel	non-virtual thunk to OZChannelGradientRGBFolder_Factory	2	0
ProChannel	non-virtual thunk to OZChannelGradientAlphaFolder_Factory	2	0
ProChannel	non-virtual thunk to OZChannelGradientSample_Factory	2	0
ProChannel	non-virtual thunk to OZChannelGradientSampleRGB_Factory	2	0
ProChannel	non-virtual thunk to OZChannelGradientSampleAlpha_Factory	2	0
ProChannel	non-virtual thunk to OZChannelGradientExtras_Factory	2	0
ProChannel	non-virtual thunk to OZChannelGradientPositioned_Factory	2	0
ProChannel	non-virtual thunk to OZChannelVaryingFolder_Factory	2	0
ProChannel	non-virtual thunk to OZChannelObjectRootBase_Factory	2	0
ProChannel	non-virtual thunk to OZChannelHistogram_Factory	2	0
ProChannel	non-virtual thunk to OZChannelLevels_Factory	2	0
ProChannel	non-virtual thunk to OZChannelButton_Factory	2	0
ProChannel	non-virtual thunk to OZChannelHelpButton_Factory	2	0
ProChannel	non-virtual thunk to OZChannelText_Factory	2	0
ProChannel	non-virtual thunk to OZChannelDoubleOverRange_Factory	2	0
ProChannel	non-virtual thunk to OZChannelScaleOverRange_Factory	2	0
ProChannel	non-virtual thunk to OZChannelAngleOverRange_Factory	2	0
ProChannel	non-virtual thunk to OZChannelPercentOverRange_Factory	2	0
ProChannel	non-virtual thunk to OZChannel2DOverRange_Factory	2	0
ProChannel	non-virtual thunk to OZChannelTransformSwitch_Factory	2	0
ProChannel	non-virtual thunk to OZChannelUint16_Factory	2	0
ProChannel	non-virtual thunk to OZChannelUint16Info	2	0
ProChannel	OZChannelUint16Impl	2	0
ProChannel	non-virtual thunk to OZChannelUint16Impl	2	0
ProChannel	non-virtual thunk to OZChannelSeed_Factory	2	0
ProChannel	non-virtual thunk to OZChannelSeedInfo	2	0
ProChannel	OZChannelSeedImpl	2	0
ProChannel	non-virtual thunk to OZChannelSeedImpl	2	0
ProChannel	non-virtual thunk to OZChannelDecibel_Factory	2	0
ProChannel	non-virtual thunk to OZChannelDecibelInfo	2	0
ProChannel	OZChannelDecibelImpl	2	0
ProChannel	non-virtual thunk to OZChannelDecibelImpl	2	0
ProChannel	non-virtual thunk to OZChannelFrame_Factory	2	0
ProChannel	non-virtual thunk to OZChannelFrameInfo	2	0
ProChannel	OZChannelFrameImpl	2	0
ProChannel	non-virtual thunk to OZChannelFrameImpl	2	0
ProChannel	non-virtual thunk to OZChannelTimecode_Factory	2	0
ProChannel	non-virtual thunk to OZChannelTimecodeInfo	2	0
ProChannel	OZChannelTimecodeImpl	2	0
ProChannel	non-virtual thunk to OZChannelTimecodeImpl	2	0
ProChannel	non-virtual thunk to OZChannelBlindData_Factory	2	0
ProChannel	non-virtual thunk to OZChannelCurve_Factory	2	0
ProChannel	non-virtual thunk to OZChannelEnum_Factory	2	0
ProChannel	non-virtual thunk to OZChannelGradientWithAngle_Factory	2	0
ProChannel	non-virtual thunk to OZChannelHistogramSample_Factory	2	0
ProChannel	non-virtual thunk to OZChannelProgress_Factory	2	0
ProChannel	non-virtual thunk to OZChannelVertexFolder_Factory	2	0
ProChannel	non-virtual thunk to OZChanObjectRef_Factory	2	0
ProChannel	std::__1::__tree<std::__1::__value_type<PCUUID, OZFactory*>, std::__1::__map_value_compare<PCUUID, std::__1::pair<PCUUID const, OZFactory*>, std::__1::less<PCUUID>, true>, std::__1::allocator<std::__1::pair<PCUUID const, OZFactory*>>>	2	0
ProChannel	std::__1::__tree<std::__1::__value_type<double, OZChannelGradientFolder::Sample>, std::__1::__map_value_compare<double, std::__1::pair<double const, OZChannelGradientFolder::Sample>, std::__1::less<double>, true>, std::__1::allocator<std::__1::pair<double const, OZChannelGradientFolder::Sample>>>	2	0
ProChannel	std::__1::__tree<std::__1::__value_type<double, OZChannelGradientSample*>, std::__1::__map_value_compare<double, std::__1::pair<double const, OZChannelGradientSample*>, std::__1::less<double>, true>, std::__1::allocator<std::__1::pair<double const, OZChannelGradientSample*>>>	2	0
ProChannel	std::__1::__tree<std::__1::__value_type<PCString, std::__1::vector<PCString, std::__1::allocator<PCString>>>, std::__1::__map_value_compare<PCString, std::__1::pair<PCString const, std::__1::vector<PCString, std::__1::allocator<PCString>>>, std::__1::less<PCString>, true>, std::__1::allocator<std::__1::pair<PCString const, std::__1::vector<PCString, std::__1::allocator<PCString>>>>>	2	0
ProChannel	std::__1::__tree_iterator<std::__1::__value_type<PCUUID, OZFactory*>, std::__1::__tree_node<std::__1::__value_type<PCUUID, OZFactory*>, void*>*, long> std::__1::__tree<std::__1::__value_type<PCUUID, OZFactory*>, std::__1::__map_value_compare<PCUUID, std::__1::pair<PCUUID const, OZFactory*>, std::__1::less<PCUUID>, true>, std::__1::allocator<std::__1::pair<PCUUID const, OZFactory*>>>	2	0
ProChannel	non-virtual thunk to OZChannelDouble	2	0
ProChannel	non-virtual thunk to OZChannelAngle	2	0
ProChannel	non-virtual thunk to OZChannelUint32	2	0
ProChannel	non-virtual thunk to OZChannelUint16	2	0
ProChannel	non-virtual thunk to OZChannelShearAngle	2	0
ProChannel	non-virtual thunk to OZChannelAspectRatio	2	0
ProChannel	non-virtual thunk to OZChannelAspectRatioFootage	2	0
ProChannel	non-virtual thunk to OZChannelGammaFootage	2	0
ProChannel	non-virtual thunk to OZChannelSeed	2	0
ProChannel	non-virtual thunk to OZChannelDecibel	2	0
ProChannel	non-virtual thunk to OZChannelFrame	2	0
ProChannel	non-virtual thunk to OZChannelTimecode	2	0
ProChannel	void std::__1::vector<_OZKeyframeInfo, std::__1::allocator<_OZKeyframeInfo>>	2	0
ProChannel	std::__1::vector<std::__1::pair<OZChannel*, std::__1::vector<_OZKeyframeInfo, std::__1::allocator<_OZKeyframeInfo>>>, std::__1::allocator<std::__1::pair<OZChannel*, std::__1::vector<_OZKeyframeInfo, std::__1::allocator<_OZKeyframeInfo>>>>>	2	0
ProChannel	std::__1::__split_buffer<std::__1::pair<OZChannel*, std::__1::vector<_OZKeyframeInfo, std::__1::allocator<_OZKeyframeInfo>>>, std::__1::allocator<std::__1::pair<OZChannel*, std::__1::vector<_OZKeyframeInfo, std::__1::allocator<_OZKeyframeInfo>>>>&>	2	0
ProChannel	OZCurveNodeParam	2	0
ProChannel	void std::__1::__split_buffer<OZVertex*, std::__1::allocator<OZVertex*>&>	2	0
ProChannel	std::__1::vector<PCVector2<double>, std::__1::allocator<PCVector2<double>>>	2	0
ProChannel	std::__1::vector<OZDynamicVertex, std::__1::allocator<OZDynamicVertex>>	2	0
ProChannel	void std::__1::__uninitialized_allocator_relocate[abi:nqe210106]<std::__1	2	0
ProChannel	std::__1::vector<std::__1::pair<CMTime, std::__1::pair<double, unsigned int>>, std::__1::allocator<std::__1::pair<CMTime, std::__1::pair<double, unsigned int>>>>	2	0
ProChannel	PCMath	2	0
ProChannel	non-virtual thunk to OZDynamicVertex::OZDynamicVertex_enabledImpl	2	0
ProChannel	non-virtual thunk to OZDynamicVertex::OZDynamicVertex_biasImpl	2	0
ProChannel	non-virtual thunk to OZDynamicVertex::OZDynamicVertex_tanInVImpl	2	0
ProChannel	non-virtual thunk to OZDynamicVertex::OZDynamicVertex_tanOutVImpl	2	0
ProChannel	non-virtual thunk to OZChannel2D	2	0
ProChannel	non-virtual thunk to OZChannel3D	2	0
ProChannel	PCRecursiveMutex	2	0
ProChannel	non-virtual thunk to OZChannelBlindDataInfo	2	0
ProChannel	PCString* std::__1::vector<PCString, std::__1::allocator<PCString>>	2	0
ProChannel	non-virtual thunk to OZChannelBool	2	0
ProChannel	non-virtual thunk to OZChannelBoolInfo	2	0
ProChannel	non-virtual thunk to OZChannelBool3D	2	0
ProChannel	non-virtual thunk to OZChannelButtonInfo	2	0
ProChannel	non-virtual thunk to OZChannelColor	2	0
ProChannel	non-virtual thunk to OZChannelColor::OZChannelColor_alpha_zeroImpl	2	0
ProChannel	non-virtual thunk to OZChannelColor::OZChannelColor_alphaInfo	2	0
ProChannel	non-virtual thunk to OZChannelColor::OZChannelColor_alpha_oneImpl	2	0
ProChannel	non-virtual thunk to OZChannelColorNoAlpha::OZChannelColorNoAlpha_blackImpl	2	0
ProChannel	non-virtual thunk to OZChannelColorNoAlpha::OZChannelColorNoAlpha_whiteImpl	2	0
ProChannel	non-virtual thunk to OZChannelColorNoAlpha::OZChannelColorNoAlpha_redSample1Impl	2	0
ProChannel	non-virtual thunk to OZChannelColorNoAlpha::OZChannelColorNoAlpha_redSample2Impl	2	0
ProChannel	non-virtual thunk to OZChannelColorNoAlpha::OZChannelColorNoAlpha_greyImpl	2	0
ProChannel	non-virtual thunk to OZChannelColorNoAlpha::OZChannelColorNoAlpha_greenSample1Impl	2	0
ProChannel	non-virtual thunk to OZChannelColorNoAlpha::OZChannelColorNoAlpha_greenSample2Impl	2	0
ProChannel	non-virtual thunk to OZChannelColorNoAlpha::OZChannelColorNoAlpha_blueSample1Impl	2	0
ProChannel	non-virtual thunk to OZChannelColorNoAlpha::OZChannelColorNoAlpha_blueSample2Impl	2	0
ProChannel	non-virtual thunk to OZChannelColorNoAlpha::OZChannelColorNoAlpha_colorInfo	2	0
ProChannel	non-virtual thunk to OZChannelColorNoAlpha::OZChannelColorNoAlpha_gammaImpl	2	0
ProChannel	non-virtual thunk to OZChannelColorNoAlpha::OZChannelColorNoAlpha_colorSpaceIDImpl	2	0
ProChannel	non-virtual thunk to OZChannelCrop	2	0
ProChannel	non-virtual thunk to OZChannelCrop::OZChannelCrop_valueImpl	2	0
ProChannel	non-virtual thunk to OZChannelCurveInfo	2	0
ProChannel	void std::__1::__split_buffer<double, std::__1::allocator<double>&>	2	0
ProChannel	non-virtual thunk to OZChannelEnum	2	0
ProChannel	non-virtual thunk to OZChannelEnum::OZChannelEnum_valueImpl	2	0
ProChannel	non-virtual thunk to OZChannelEnum::OZChannelEnum_valueInfo	2	0
ProChannel	void std::__1::vector<PCString, std::__1::allocator<PCString>>	2	0
ProChannel	void std::__1::vector<int, std::__1::allocator<int>>	2	0
ProChannel	std::__1::vector<int, std::__1::allocator<int>>	2	0
ProChannel	std::__1::__tree_node_base<void*>*& std::__1::__tree<std::__1::__value_type<PCString, std::__1::vector<PCString, std::__1::allocator<PCString>>>, std::__1::__map_value_compare<PCString, std::__1::pair<PCString const, std::__1::vector<PCString, std::__1::allocator<PCString>>>, std::__1::less<PCString>, true>, std::__1::allocator<std::__1::pair<PCString const, std::__1::vector<PCString, std::__1::allocator<PCString>>>>>	2	0
ProChannel	void std::__1::vector<bool, std::__1::allocator<bool>>	2	0
ProChannel	std::__1::vector<unsigned int, std::__1::allocator<unsigned int>>	2	0
ProChannel	non-virtual thunk to OZChannelGradient::OZChannelGradient_gammaImpl	2	0
ProChannel	non-virtual thunk to OZChannelGradient::OZChannelGradient_colorSpaceIDImpl	2	0
ProChannel	non-virtual thunk to OZChannelGradientExtras	2	0
ProChannel	non-virtual thunk to OZChannelGradientExtras::OZChannelGradientExtras_gradientTypeImpl	2	0
ProChannel	non-virtual thunk to OZChannelGradientRGBFolder	2	0
ProChannel	non-virtual thunk to OZChannelGradientAlphaFolder	2	0
ProChannel	non-virtual thunk to OZChannelGradientSampleRGB	2	0
ProChannel	non-virtual thunk to OZChannelGradientSampleAlpha	2	0
ProChannel	non-virtual thunk to OZChannelGradientSample::OZChannelGradientSample_interpolationImpl	2	0
ProChannel	non-virtual thunk to OZChannelGradientWithAngle	2	0
ProChannel	non-virtual thunk to OZChannelGradientWithAngle::OZChannelGradientWithAngle_angleImpl	2	0
ProChannel	non-virtual thunk to OZChannelHistogram	2	0
ProChannel	non-virtual thunk to OZChannelHistogramSample	2	0
ProChannel	non-virtual thunk to OZChannelPosition	2	0
ProChannel	non-virtual thunk to OZChannelPosition::OZChannelPosition_valueImpl	2	0
ProChannel	non-virtual thunk to OZChannelPosition::OZChannelPosition_valueInfo	2	0
ProChannel	non-virtual thunk to OZChannelPosition3D	2	0
ProChannel	non-virtual thunk to OZChannelPositionPercent	2	0
ProChannel	non-virtual thunk to OZChannelProgress	2	0
ProChannel	non-virtual thunk to OZChannelProgressInfo	2	0
ProChannel	non-virtual thunk to OZChannelQuad	2	0
ProChannel	non-virtual thunk to OZChannelEnumInterpMode	2	0
ProChannel	OZChannelAngleImpl	2	0
ProChannel	non-virtual thunk to OZChannelEnumInterpMode_Factory	2	0
ProChannel	non-virtual thunk to OZChannelScale	2	0
ProChannel	non-virtual thunk to OZChannelScale::OZChannelScale_valueImpl	2	0
ProChannel	non-virtual thunk to OZChannelScale::OZChannelScale_valueInfo	2	0
ProChannel	non-virtual thunk to OZChannelScale3D	2	0
ProChannel	non-virtual thunk to OZChannelShear	2	0
ProChannel	non-virtual thunk to OZChannelTextInfo	2	0
ProChannel	non-virtual thunk to OZChannelTransformSwitch	2	0
ProChannel	non-virtual thunk to OZChannelDiscreteColor	2	0
ProChannel	non-virtual thunk to OZChanObjectRef	2	0
ProChannel	non-virtual thunk to OZChanObjectRefInfo	2	0
ProChannel	non-virtual thunk to OZChannelButton	2	0
ProChannel	non-virtual thunk to OZChannelPositionPercent3D	2	0
ProChannel	non-virtual thunk to OZChannelPositionPercent3D_Factory	2	0
ProChannel	non-virtual thunk to OZChannelQuadPercent	2	0
ProChannel	non-virtual thunk to OZChannelQuadPercent_Factory	2	0
ProChannel	non-virtual thunk to OZChannelLevels	2	0
ProChannel	OZChannelTimeConverter	2	0
ProChannel	std::__1::vector<RecordingCallbackData, std::__1::allocator<RecordingCallbackData>>	2	0
ProChannel	non-virtual thunk to OZChannelPercent	2	0
ProChannel	non-virtual thunk to OZChannelPercentInfo	2	0
ProChannel	non-virtual thunk to OZChannelHelpButton	2	0
ProChannel	CHChannelHelpButton	2	0
ProCore	PCRenderAbortedException	2	0
ProCore	cc::matrix::m44_t	2	0
ProCore	half	2	1
ProCore	void std::__1::vector<PCVector2<double>, std::__1::allocator<PCVector2<double>>>	2	0
ProCore	PCColorUtil::operator<<(std::__1::basic_ostream<char, std::__1::char_traits<char>>&, PCColorUtil	2	0
ProCore	PCCacheImpl<std::__1::tuple<PCCFRef<CGColorSpace*>, PCColorUtil::AlphaFormat, PCCFRef<CGColorSpace*>, PCColorUtil::AlphaFormat>, PCCFRef<vImageConverter*>, PCNoLock, std::__1::less<std::__1::tuple<PCCFRef<CGColorSpace*>, PCColorUtil::AlphaFormat, PCCFRef<CGColorSpace*>, PCColorUtil::AlphaFormat>>>	2	0
ProCore	std::__1::pair<std::__1::tuple<PCCFRef<CGColorSpace*>, PCColorUtil::AlphaFormat, PCCFRef<CGColorSpace*>, PCColorUtil::AlphaFormat> const, PCCacheImpl<std::__1::tuple<PCCFRef<CGColorSpace*>, PCColorUtil::AlphaFormat, PCCFRef<CGColorSpace*>, PCColorUtil::AlphaFormat>, PCCFRef<vImageConverter*>, PCNoLock, std::__1::less<std::__1::tuple<PCCFRef<CGColorSpace*>, PCColorUtil::AlphaFormat, PCCFRef<CGColorSpace*>, PCColorUtil::AlphaFormat>>>::Data>	2	0
ProCore	PCCFRef<vImageConverter*>	2	0
ProCore	std::__1::__tree<std::__1::__value_type<PCColorSpaceCache::ID, PCColorSpaceHandle>, std::__1::__map_value_compare<PCColorSpaceCache::ID, std::__1::pair<PCColorSpaceCache::ID const, PCColorSpaceHandle>, std::__1::less<PCColorSpaceCache::ID>, true>, std::__1::allocator<std::__1::pair<PCColorSpaceCache::ID const, PCColorSpaceHandle>>>	2	0
ProCore	std::__1::__tree<std::__1::__value_type<int, int (cc::lut_t::*)(cc::tfreader_t&, unsigned long)>, std::__1::__map_value_compare<int, std::__1::pair<int const, int (cc::lut_t::*)(cc::tfreader_t&, unsigned long)>, std::__1::less<int>, true>, std::__1::allocator<std::__1::pair<int const, int (cc::lut_t::*)(cc::tfreader_t&, unsigned long)>>>	2	0
ProCore	std::__1::__tree<std::__1::__value_type<unsigned int, PCBinaryXMLField>, std::__1::__map_value_compare<unsigned int, std::__1::pair<unsigned int const, PCBinaryXMLField>, std::__1::less<unsigned int>, true>, std::__1::allocator<std::__1::pair<unsigned int const, PCBinaryXMLField>>>	2	0
ProCore	std::__1::__tree<std::__1::__value_type<unsigned int, char const*>, std::__1::__map_value_compare<unsigned int, std::__1::pair<unsigned int const, char const*>, std::__1::less<unsigned int>, true>, std::__1::allocator<std::__1::pair<unsigned int const, char const*>>>	2	0
ProCore	PCString* std::__1::vector<PCString, std::__1::allocator<PCString>>	2	0
ProCore	void std::__1::__uninitialized_allocator_relocate[abi:nqe210106]<std::__1	2	0
ProCore	std::__1::__bit_iterator<std::__1::vector<bool, std::__1::allocator<bool>>, false, 0> std::__1::__copy_aligned[abi:nqe210106]<std::__1::vector<bool, std::__1	2	0
ProCore	std::__1::__bit_iterator<std::__1::vector<bool, std::__1::allocator<bool>>, false, 0> std::__1::__copy_unaligned[abi:nqe210106]<std::__1::vector<bool, std::__1	2	0
ProCore	PCCFRefTraits<unsigned int>	2	0
ProCore	virtual thunk to PCFilter	2	0
ProCore	PCShared	2	0
ProCore	virtual thunk to PCShared	2	0
ProCore	PCDynamicArray<unsigned char>	2	0
ProCore	void std::__1::__split_buffer<PCXMLWriteStream::PCXMLElementInfo*, std::__1::allocator<PCXMLWriteStream::PCXMLElementInfo*>>::emplace_back<PCXMLWriteStream	2	0
ProCore	void std::__1::__split_buffer<PCBinaryXMLWriteStream::PCBinaryXMLElementInfo*, std::__1::allocator<PCBinaryXMLWriteStream::PCBinaryXMLElementInfo*>>::emplace_back<PCBinaryXMLWriteStream	2	0
ProCore	void std::__1::__split_buffer<PCSerializerReadStream::HandlerInfo*, std::__1::allocator<PCSerializerReadStream::HandlerInfo*>>::emplace_back<PCSerializerReadStream	2	0
ProCore	void std::__1::__split_buffer<Json::Reader::ErrorInfo*, std::__1::allocator<Json::Reader::ErrorInfo*>>::emplace_back<Json::Reader	2	0
ProCore	void std::__1::__split_buffer<Json::OurReader::ErrorInfo*, std::__1::allocator<Json::OurReader::ErrorInfo*>>::emplace_back<Json::OurReader	2	0
ProCore	void std::__1::__split_buffer<std::__1::pair<BezInfo, BezInfo>*, std::__1::allocator<std::__1::pair<BezInfo, BezInfo>*>>::emplace_back<std::__1	2	0
ProCore	void std::__1::__split_buffer<std::__1::pair<std::__1::vector<PCVector2<double>, std::__1::allocator<PCVector2<double>>>, std::__1::vector<PCVector2<double>, std::__1::allocator<PCVector2<double>>>>*, std::__1::allocator<std::__1::pair<std::__1::vector<PCVector2<double>, std::__1::allocator<PCVector2<double>>>, std::__1::vector<PCVector2<double>, std::__1::allocator<PCVector2<double>>>>*>>::emplace_back<std::__1::pair<std::__1::vector<PCVector2<double>, std::__1::allocator<PCVector2<double>>>, std::__1::vector<PCVector2<double>, std::__1	2	0
ProCore	void std::__1::__split_buffer<std::__1::__state<char>*, std::__1::allocator<std::__1::__state<char>*>>::emplace_back<std::__1	2	0
ProCore	void std::__1::__split_buffer<Json::Value**, std::__1::allocator<Json::Value**>>::emplace_back<Json	2	0
ProCore	void std::__1::__split_buffer<std::__1::__state<char>*, std::__1::allocator<std::__1::__state<char>*>>::emplace_front<std::__1	2	0
ProCore	void std::__1::__split_buffer<Json::Reader::ErrorInfo*, std::__1::allocator<Json::Reader::ErrorInfo*>&>::emplace_back<Json::Reader	2	0
ProCore	void std::__1::__split_buffer<Json::OurReader::ErrorInfo*, std::__1::allocator<Json::OurReader::ErrorInfo*>&>::emplace_back<Json::OurReader	2	0
ProCore	void std::__1::__split_buffer<std::__1::__state<char>*, std::__1::allocator<std::__1::__state<char>*>&>::emplace_back<std::__1	2	0
ProCore	void std::__1::__split_buffer<PCStreamElement**, std::__1::allocator<PCStreamElement**>&>	2	0
ProCore	std::__1::__tree<std::__1::__value_type<int, int (cc::lut_t::*)(int, char const*)>, std::__1::__map_value_compare<int, std::__1::pair<int const, int (cc::lut_t::*)(int, char const*)>, std::__1::less<int>, true>, std::__1::allocator<std::__1::pair<int const, int (cc::lut_t::*)(int, char const*)>>>	2	0
ProCore	std::__1::__tree<unsigned int, std::__1::less<unsigned int>, std::__1::allocator<unsigned int>>	2	0
ProCore	std::__1::shared_ptr<__CFDictionary>	2	0
ProCore	std::__1::shared_ptr<CGColor>	2	0
ProCore	std::__1::shared_ptr<CGImage>	2	0
ProCore	std::__1::shared_ptr<PCImage>	2	0
ProCore	std::__1::shared_ptr<__sFILE>	2	0
ProCore	std::__1::shared_ptr<CGContext>	2	0
ProCore	HMD	2	0
ProCore	PCBitmap_t<PCPixel4<ProCore::Private::PixelInfoTemplate<(PCPixelFormat::ChannelOrder)3>>>	2	0
ProCore	PCBitmap_t<PCPixel4<ProCore::Private::PixelInfoTemplate<(PCPixelFormat::ChannelOrder)4>>>	2	0
ProCore	PCBitmap_t<PCPixel4<ProCore::Private::PixelInfoTemplate<(PCPixelFormat::ChannelOrder)5>>>	2	0
ProCore	PCBitmap_t<PCPixel4<ProCore::Private::PixelInfoTemplate<(PCPixelFormat::ChannelOrder)6>>>	2	0
ProCore	PCBitmap_t<PCPixel4<ProCore::Private::PixelInfoTemplate<(PCPixelFormat::ChannelOrder)10>>>	2	0
ProCore	PCBitmap_t<PCPixel4<ProCore::Private::PixelInfoTemplate<(PCPixelFormat::ChannelOrder)13>>>	2	0
ProCore	PCBitmap_t<PCPixel4<ProCore::Private::PixelInfoTemplate<(PCPixelFormat::ChannelOrder)16>>>	2	0
ProCore	PCBitmap_t<PCPixel4<ProCore::Private::PixelInfoTemplate<(PCPixelFormat::ChannelOrder)17>>>	2	0
ProCore	std::__1::basic_ostringstream<char, std::__1::char_traits<char>, std::__1::allocator<char>>	2	0
ProCore	PCGrayAlphaPixel<ProCore::Private::PixelInfoTemplate<(PCPixelFormat::ChannelOrder)12>>	2	0
ProCore	PCPixel4<ProCore::Private::PixelInfoTemplate<(PCPixelFormat::ChannelOrder)13>>	2	0
ProCore	PCCFRef<CGColorSpace*>	2	0
ProCore	std::__1::shared_ptr<CGDataProvider>	2	0
ProCore	std::__1::shared_ptr<CGImageDestination>	2	0
ProCore	PCBitmap_t<PCGrayPixel<ProCore::Private::PixelInfoTemplate<(PCPixelFormat::ChannelOrder)1>>>	2	0
ProCore	PCBitmap_t<PCGrayAlphaPixel<ProCore::Private::PixelInfoTemplate<(PCPixelFormat::ChannelOrder)2>>>	2	0
ProCore	PCBitmap_t<PCGrayPixel<ProCore::Private::PixelInfoTemplate<(PCPixelFormat::ChannelOrder)7>>>	2	0
ProCore	PCBitmap_t<PCGrayAlphaPixel<ProCore::Private::PixelInfoTemplate<(PCPixelFormat::ChannelOrder)8>>>	2	0
ProCore	PCBitmap_t<PCPixel3<ProCore::Private::PixelInfoTemplate<(PCPixelFormat::ChannelOrder)9>>>	2	0
ProCore	PCBitmap_t<PCGrayPixel<ProCore::Private::PixelInfoTemplate<(PCPixelFormat::ChannelOrder)11>>>	2	0
ProCore	PCBitmap_t<PCGrayAlphaPixel<ProCore::Private::PixelInfoTemplate<(PCPixelFormat::ChannelOrder)12>>>	2	0
ProCore	PCBitmap_t<PCGrayPixel<ProCore::Private::PixelInfoTemplate<(PCPixelFormat::ChannelOrder)14>>>	2	0
ProCore	PCBitmap_t<PCGrayAlphaPixel<ProCore::Private::PixelInfoTemplate<(PCPixelFormat::ChannelOrder)15>>>	2	0
ProCore	std::__1::vector<cc::rgb_t<float>, std::__1::allocator<cc::rgb_t<float>>>	2	0
ProCore	std::__1::vector<cc::__v4_t<float>, std::__1::allocator<cc::__v4_t<float>>>	2	0
ProCore	operator<<(std::__1::basic_ostream<char, std::__1::char_traits<char>>&, PCDelaunay	2	0
ProCore	std::__1::vector<PCVector2<float>*, std::__1::allocator<PCVector2<float>*>>	2	0
ProCore	PCMetric	2	0
ProCore	std::__1::vector<cc::matrix::m44_t, std::__1::allocator<cc::matrix::m44_t>>	2	0
ProCore	std::__1::pair<std::__1::vector<PCVector2<double>, std::__1::allocator<PCVector2<double>>>, std::__1::vector<PCVector2<double>, std::__1::allocator<PCVector2<double>>>>::pair[abi:nqe210106]<std::__1::vector<PCVector2<double>, std::__1::allocator<PCVector2<double>>>&, std::__1::vector<PCVector2<double>, std::__1	2	0
ProCore	std::__1::__split_buffer<std::__1::basic_string<char, std::__1::char_traits<char>, std::__1::allocator<char>>, std::__1::allocator<std::__1::basic_string<char, std::__1::char_traits<char>, std::__1::allocator<char>>>&>	2	0
ProCore	cc::vec_t<unsigned short>	2	0
ProCore	std::__1::vector<cc::lut_t, std::__1::allocator<cc::lut_t>>	2	0
ProCore	std::__1::__node<char>	2	0
ProCore	std::__1::__owns_one_state<char>	2	0
ProCore	std::__1::vector<std::__1::__state<char>, std::__1::allocator<std::__1::__state<char>>>	2	0
ProCore	std::__1::__split_buffer<std::__1::__state<char>, std::__1::allocator<std::__1::__state<char>>&>	2	0
ProCore	std::__1::__match_any_but_newline<char>	2	0
ProCore	void std::__1::basic_string<char, std::__1::char_traits<char>, std::__1::allocator<char>>	2	0
ProCore	std::__1::vector<std::__1::pair<std::__1::basic_string<char, std::__1::char_traits<char>, std::__1::allocator<char>>, std::__1::basic_string<char, std::__1::char_traits<char>, std::__1::allocator<char>>>, std::__1::allocator<std::__1::pair<std::__1::basic_string<char, std::__1::char_traits<char>, std::__1::allocator<char>>, std::__1::basic_string<char, std::__1::char_traits<char>, std::__1::allocator<char>>>>>	2	0
ProCore	std::__1::__split_buffer<std::__1::pair<std::__1::basic_string<char, std::__1::char_traits<char>, std::__1::allocator<char>>, std::__1::basic_string<char, std::__1::char_traits<char>, std::__1::allocator<char>>>, std::__1::allocator<std::__1::pair<std::__1::basic_string<char, std::__1::char_traits<char>, std::__1::allocator<char>>, std::__1::basic_string<char, std::__1::char_traits<char>, std::__1::allocator<char>>>>&>	2	0
ProCore	std::__1::vector<std::__1::pair<char, char>, std::__1::allocator<std::__1::pair<char, char>>>	2	0
ProCore	std::__1::__owns_two_states<char>	2	0
ProCore	std::__1::__tree<std::__1::shared_ptr<std::__1::vector<unsigned char, std::__1::allocator<unsigned char>>>, std::__1::less<std::__1::shared_ptr<std::__1::vector<unsigned char, std::__1::allocator<unsigned char>>>>, std::__1::allocator<std::__1::shared_ptr<std::__1::vector<unsigned char, std::__1::allocator<unsigned char>>>>>	2	0
ProCore	std::__1::__tree<std::__1::__value_type<PCNCLCCode, std::__1::pair<__CFString const*, __CFString const*>>, std::__1::__map_value_compare<PCNCLCCode, std::__1::pair<PCNCLCCode const, std::__1::pair<__CFString const*, __CFString const*>>, std::__1::less<PCNCLCCode>, true>, std::__1::allocator<std::__1::pair<PCNCLCCode const, std::__1::pair<__CFString const*, __CFString const*>>>>	2	0
ProCore	std::__1::__tree<std::__1::__value_type<PCColorSpaceHandle, PCNSRef<NSColorSpace*>>, std::__1::__map_value_compare<PCColorSpaceHandle, std::__1::pair<PCColorSpaceHandle const, PCNSRef<NSColorSpace*>>, std::__1::less<PCColorSpaceHandle>, true>, std::__1::allocator<std::__1::pair<PCColorSpaceHandle const, PCNSRef<NSColorSpace*>>>>	2	0
ProCore	std::__1::__tree<std::__1::basic_string<char, std::__1::char_traits<char>, std::__1::allocator<char>>, std::__1::less<std::__1::basic_string<char, std::__1::char_traits<char>, std::__1::allocator<char>>>, std::__1::allocator<std::__1::basic_string<char, std::__1::char_traits<char>, std::__1::allocator<char>>>>	2	0
ProCore	void std::__1::allocator<cc::lut_t>::construct[abi:nqe210106]<cc::lut_t, cc	2	0
ProCore	PCCFRefTraits<_CGLContextObject*>	2	0
ProCore	PCCFRefTraits<_CGLPixelFormatObject*>	2	0
ProCore	std::__1::map<PCNCLCCode, std::__1::pair<__CFString const*, __CFString const*>, std::__1::less<PCNCLCCode>, std::__1::allocator<std::__1::pair<PCNCLCCode const, std::__1::pair<__CFString const*, __CFString const*>>>>	2	0
ProCore	std::__1::unordered_map<CGColorSpace*, PCNCLCCode, (anonymous namespace)::Hash, (anonymous namespace)::Equal, std::__1::allocator<std::__1::pair<CGColorSpace* const, PCNCLCCode>>>	2	0
ProCore	std::__1::__tree_node_base<void*>*& std::__1::__tree<std::__1::__value_type<PCNCLCCode, std::__1::pair<__CFString const*, __CFString const*>>, std::__1::__map_value_compare<PCNCLCCode, std::__1::pair<PCNCLCCode const, std::__1::pair<__CFString const*, __CFString const*>>, std::__1::less<PCNCLCCode>, true>, std::__1::allocator<std::__1::pair<PCNCLCCode const, std::__1::pair<__CFString const*, __CFString const*>>>>	2	0
ProCore	std::__1::vector<PCCFRef<CGColorSpace*>, std::__1::allocator<PCCFRef<CGColorSpace*>>>	2	0
ProCore	std::__1::vector<std::__1::__map_iterator<std::__1::__tree_iterator<std::__1::__value_type<std::__1::tuple<(anonymous namespace)::EquivalenceKey const>, PCCacheImpl<std::__1::tuple<(anonymous namespace)::EquivalenceKey const>, bool, PCNoLock, std::__1::less<std::__1::tuple<(anonymous namespace)::EquivalenceKey const>>>::Data>, std::__1::__tree_node<std::__1::__value_type<std::__1::tuple<(anonymous namespace)::EquivalenceKey const>, PCCacheImpl<std::__1::tuple<(anonymous namespace)::EquivalenceKey const>, bool, PCNoLock, std::__1::less<std::__1::tuple<(anonymous namespace)::EquivalenceKey const>>>::Data>, void*>*, long>>, std::__1::allocator<std::__1::__map_iterator<std::__1::__tree_iterator<std::__1::__value_type<std::__1::tuple<(anonymous namespace)::EquivalenceKey const>, PCCacheImpl<std::__1::tuple<(anonymous namespace)::EquivalenceKey const>, bool, PCNoLock, std::__1::less<std::__1::tuple<(anonymous namespace)::EquivalenceKey const>>>::Data>, std::__1::__tree_node<std::__1::__value_type<std::__1::tuple<(anonymous namespace)::EquivalenceKey const>, PCCacheImpl<std::__1::tuple<(anonymous namespace)::EquivalenceKey const>, bool, PCNoLock, std::__1::less<std::__1::tuple<(anonymous namespace)::EquivalenceKey const>>>::Data>, void*>*, long>>>>	2	0
ProCore	PCEdgeSegment	2	2
ProCore	PCVertexList	2	0
ProCore	std::__1::vector<std::__1::shared_ptr<std::__1::vector<unsigned char, std::__1::allocator<unsigned char>>>, std::__1::allocator<std::__1::shared_ptr<std::__1::vector<unsigned char, std::__1::allocator<unsigned char>>>>>	2	0
ProCore	std::__1::vector<PCICCProfile::Tag, std::__1::allocator<PCICCProfile::Tag>>	2	0
ProCore	std::__1::pair<PCColorSpaceHandle const, PCNSRef<NSColorSpace*>>	2	0
ProCore	std::__1::vector<std::__1::__map_iterator<std::__1::__tree_iterator<std::__1::__value_type<PCCFRef<CGColorSpace*>, PCCacheImpl<PCCFRef<CGColorSpace*>, PCCFRef<CGColorSpace*>, PCNoLock, (anonymous namespace)::CompareColorSpaceRef>::Data>, std::__1::__tree_node<std::__1::__value_type<PCCFRef<CGColorSpace*>, PCCacheImpl<PCCFRef<CGColorSpace*>, PCCFRef<CGColorSpace*>, PCNoLock, (anonymous namespace)::CompareColorSpaceRef>::Data>, void*>*, long>>, std::__1::allocator<std::__1::__map_iterator<std::__1::__tree_iterator<std::__1::__value_type<PCCFRef<CGColorSpace*>, PCCacheImpl<PCCFRef<CGColorSpace*>, PCCFRef<CGColorSpace*>, PCNoLock, (anonymous namespace)::CompareColorSpaceRef>::Data>, std::__1::__tree_node<std::__1::__value_type<PCCFRef<CGColorSpace*>, PCCacheImpl<PCCFRef<CGColorSpace*>, PCCFRef<CGColorSpace*>, PCNoLock, (anonymous namespace)::CompareColorSpaceRef>::Data>, void*>*, long>>>>	2	0
ProCore	PCCFRefTraits<CGColorConversionInfo const*>	2	0
ProCore	PCCFRefTraits<CGColor*>	2	0
ProCore	PCCFRefTraits<CGColorSpace*>	2	0
ProCore	PCCFRefTraits<CGContext*>	2	0
ProCore	PCCFRefTraits<CGDataConsumer*>	2	0
ProCore	PCCFRefTraits<CGDataProvider*>	2	0
ProCore	PCCFRefTraits<CGDisplayMode*>	2	0
ProCore	PCCFRefTraits<CGFont*>	2	0
ProCore	PCCFRefTraits<CGFunction*>	2	0
ProCore	PCCFRefTraits<CGGradient*>	2	0
ProCore	PCCFRefTraits<CGImage*>	2	0
ProCore	PCCFRefTraits<CGLayer*>	2	0
ProCore	PCCFRefTraits<CGPath const*>	2	0
ProCore	PCCFRefTraits<CGPattern*>	2	0
ProCore	PCCFRefTraits<CGPDFContentStream*>	2	0
ProCore	PCCFRefTraits<CGPDFDocument*>	2	0
ProCore	PCCFRefTraits<CGPDFOperatorTable*>	2	0
ProCore	PCCFRefTraits<CGPDFPage*>	2	0
ProCore	PCCFRefTraits<CGPDFScanner*>	2	0
ProCore	PCCFRefTraits<CGShading*>	2	0
ProCore	PCCFRefTraits<vImageCVImageFormat*>	2	0
ProCore	PCCFRefTraits<vImageCVImageFormat const*>	2	0
ProCore	PCCFRefTraits<vImageConverter*>	2	0
ProCore	PCGenBlockRef<char*>	2	0
ProCore	PCGenBlockRef<int>	2	0
ProCore	void PCGenMatrix<float>	2	0
ProCore	void PCGenMatrix<double>	2	0
ProCore	void PCGenMatrix<char*>	2	0
ProCore	PCGenMatrix<int>	2	0
ProCore	PCArray_base	2	0
ProCore	std::__1::basic_istringstream<char, std::__1::char_traits<char>, std::__1::allocator<char>>	2	0
ProCore	std::__1::pair<Json::Value::CZString const, Json::Value>	2	0
ProCore	std::__1::vector<Json::PathArgument const*, std::__1::allocator<Json::PathArgument const*>>	2	0
ProCore	std::__1::__split_buffer<Json::Reader::StructuredError, std::__1::allocator<Json::Reader::StructuredError>&>	2	0
ProCore	std::__1::__split_buffer<Json::OurReader::StructuredError, std::__1::allocator<Json::OurReader::StructuredError>&>	2	0
ProCore	std::__1::pair<std::__1::__tree_iterator<std::__1::__value_type<Json::Value::CZString, Json::Value>, std::__1::__tree_node<std::__1::__value_type<Json::Value::CZString, Json::Value>, void*>*, long>, bool> std::__1::__tree<std::__1::__value_type<Json::Value::CZString, Json::Value>, std::__1::__map_value_compare<Json::Value::CZString, std::__1::pair<Json::Value::CZString const, Json::Value>, std::__1::less<Json::Value::CZString>, true>, std::__1::allocator<std::__1::pair<Json::Value::CZString const, Json::Value>>>::__emplace_hint_unique_key_args<Json::Value::CZString, std::__1::pair<Json::Value::CZString const, Json	2	0
ProCore	std::__1::__tree_node_base<void*>*& std::__1::__tree<std::__1::__value_type<Json::Value::CZString, Json::Value>, std::__1::__map_value_compare<Json::Value::CZString, std::__1::pair<Json::Value::CZString const, Json::Value>, std::__1::less<Json::Value::CZString>, true>, std::__1::allocator<std::__1::pair<Json::Value::CZString const, Json::Value>>>::__find_equal<Json::Value	2	0
ProCore	std::__1::unique_ptr<std::__1::__tree_node<std::__1::__value_type<Json::Value::CZString, Json::Value>, void*>, std::__1::__tree_node_destructor<std::__1::allocator<std::__1::__tree_node<std::__1::__value_type<Json::Value::CZString, Json::Value>, void*>>>> std::__1::__tree<std::__1::__value_type<Json::Value::CZString, Json::Value>, std::__1::__map_value_compare<Json::Value::CZString, std::__1::pair<Json::Value::CZString const, Json::Value>, std::__1::less<Json::Value::CZString>, true>, std::__1::allocator<std::__1::pair<Json::Value::CZString const, Json::Value>>>::__construct_node<std::__1::pair<Json::Value::CZString const, Json	2	0
ProCore	std::__1::__split_buffer<Json::PathArgument, std::__1::allocator<Json::PathArgument>&>	2	0
ProCore	NSFont	2	0
ProCore	CMTimeRangeAndNonretainedObject	2	0
ProCore	PCSRTCaptionsExporter	2	0
ProCore	PCBundleLocator	2	0
Ozone	std::__1::basic_ostringstream<char, std::__1::char_traits<char>, std::__1::allocator<char>>	2	0
Ozone	non-virtual thunk to OZSceneNode_Factory	2	0
Ozone	non-virtual thunk to OZTransformNode_Factory	2	0
Ozone	non-virtual thunk to OZElement_Factory	2	0
Ozone	non-virtual thunk to OZAudioTrackBase_Factory	2	0
Ozone	non-virtual thunk to OZRotoshape_Factory	2	0
Ozone	non-virtual thunk to OZRotoMask_Factory	2	0
Ozone	non-virtual thunk to OZFootage_Factory	2	0
Ozone	non-virtual thunk to OZLayer_Factory	2	0
Ozone	non-virtual thunk to OZFootageLayer_Factory	2	0
Ozone	non-virtual thunk to OZAudioLayer_Factory	2	0
Ozone	non-virtual thunk to OZGroup_Factory	2	0
Ozone	non-virtual thunk to OZImageElement_Factory	2	0
Ozone	non-virtual thunk to OZAudioMasterTrack_Factory	2	0
Ozone	non-virtual thunk to OZAudioTrack_Factory	2	0
Ozone	non-virtual thunk to OZImageMask_Factory	2	0
Ozone	non-virtual thunk to OZSegmentationMask_Factory	2	0
Ozone	non-virtual thunk to OZCamera_Factory	2	0
Ozone	non-virtual thunk to OZLight_Factory	2	0
Ozone	non-virtual thunk to OZBehavior_Factory	2	0
Ozone	non-virtual thunk to OZNULLBehavior_Factory	2	0
Ozone	non-virtual thunk to OZSimulationBehavior_Factory	2	0
Ozone	non-virtual thunk to OZShapeBehavior_Factory	2	0
Ozone	non-virtual thunk to OZWriteOnBehavior_Factory	2	0
Ozone	non-virtual thunk to OZReflexiveBehavior_Factory	2	0
Ozone	non-virtual thunk to OZTransitiveBehavior_Factory	2	0
Ozone	non-virtual thunk to OZChannelBehavior_Factory	2	0
Ozone	non-virtual thunk to OZSingleChannelBehavior_Factory	2	0
Ozone	non-virtual thunk to OZMotionToForcesBehavior_Factory	2	0
Ozone	non-virtual thunk to OZSimSystemMoToFoBehavior_Factory	2	0
Ozone	non-virtual thunk to OZCollisionBehavior_Factory	2	0
Ozone	non-virtual thunk to OZAudioBehavior_Factory	2	0
Ozone	non-virtual thunk to OZRetimingBehavior_Factory	2	0
Ozone	non-virtual thunk to OZRig_Factory	2	0
Ozone	non-virtual thunk to OZRigWidget_Factory	2	0
Ozone	non-virtual thunk to OZRigWidgetAspectRatio_Factory	2	0
Ozone	non-virtual thunk to OZRigBehavior_Factory	2	0
Ozone	non-virtual thunk to OZProjectNode_Factory	2	0
Ozone	non-virtual thunk to OZLinkBehavior_Factory	2	0
Ozone	non-virtual thunk to OZMotionPathBehavior_Factory	2	0
Ozone	non-virtual thunk to OZImageGenerator_Factory	2	0
Ozone	non-virtual thunk to OZFxGenerator_Factory	2	0
Ozone	non-virtual thunk to OZGradientGenerator_Factory	2	0
Ozone	non-virtual thunk to OZCIPluginGenerator_Factory	2	0
Ozone	non-virtual thunk to OZCloneGenerator_Factory	2	0
Ozone	non-virtual thunk to OZSolid_Factory	2	0
Ozone	non-virtual thunk to OZImageEnvironment_Factory	2	0
Ozone	non-virtual thunk to OZGradientEnvironment_Factory	2	0
Ozone	non-virtual thunk to OZEffect_Factory	2	0
Ozone	non-virtual thunk to OZFxFilter_Factory	2	0
Ozone	non-virtual thunk to OZPrimatteRT_Factory	2	0
Ozone	non-virtual thunk to OZCIPluginEffect_Factory	2	0
Ozone	non-virtual thunk to OZSnowflakeReplacementEffect_Factory	2	0
Ozone	non-virtual thunk to OZSnowflakeReplacementGenerator_Factory	2	0
Ozone	non-virtual thunk to OZStyle_Factory	2	0
Ozone	non-virtual thunk to OZRotoshapeStyle_Factory	2	0
Ozone	non-virtual thunk to OZMaterial_Factory	2	0
Ozone	non-virtual thunk to OZLayeredMaterial_Factory	2	0
Ozone	non-virtual thunk to OZChanObjectManipRef_Factory	2	0
Ozone	non-virtual thunk to OZChanSceneNodeRef_Factory	2	0
Ozone	non-virtual thunk to OZChanElementRef_Factory	2	0
Ozone	non-virtual thunk to OZChanFootageRef_Factory	2	0
Ozone	non-virtual thunk to OZChanTransformNodeRef_Factory	2	0
Ozone	non-virtual thunk to OZChanImageNodeRef_Factory	2	0
Ozone	non-virtual thunk to OZChanElementOrFootageRef_Factory	2	0
Ozone	non-virtual thunk to OZChanRotoshapeRef_Factory	2	0
Ozone	non-virtual thunk to OZChannelImageWithOptions_Factory	2	0
Ozone	non-virtual thunk to OZChannelBlendMode_Factory	2	0
Ozone	non-virtual thunk to OZChannelAffectedNodes_Factory	2	0
Ozone	OZChannelAffectedNodesInfo	2	0
Ozone	non-virtual thunk to OZChannelAffectedNodesInfo	2	0
Ozone	non-virtual thunk to OZChannelAffectedNodesImpl	2	0
Ozone	OZCurveEnumSplineState	2	0
Ozone	non-virtual thunk to OZChannelObjectRoot_Factory	2	0
Ozone	non-virtual thunk to OZChannelSceneNode_Factory	2	0
Ozone	non-virtual thunk to OZChannelBehaviorRoot_Factory	2	0
Ozone	non-virtual thunk to OZChannelMoveableImage_Factory	2	0
Ozone	non-virtual thunk to OZChannelImageForImageWithOptions_Factory	2	0
Ozone	non-virtual thunk to OZChannelEnumInterpMode_Factory	2	0
Ozone	non-virtual thunk to OZChannelEnumRetime_Factory	2	0
Ozone	non-virtual thunk to OZChannelEnumRetime	2	0
Ozone	non-virtual thunk to OZChanTrackerMixedRefWithPicker_Factory	2	0
Ozone	non-virtual thunk to OZChanAudioTrackRefWithPicker_Factory	2	0
Ozone	non-virtual thunk to OZChanCameraRefWithPicker_Factory	2	0
Ozone	non-virtual thunk to OZChanFootageRefWithPicker_Factory	2	0
Ozone	non-virtual thunk to OZChan3DEngineSceneFileRefWithPicker_Factory	2	0
Ozone	non-virtual thunk to OZChannelShape_Factory	2	0
Ozone	non-virtual thunk to OZChanObjectRefWithPicker_Factory	2	0
Ozone	non-virtual thunk to OZChanRotoshapeRefWithPicker_Factory	2	0
Ozone	non-virtual thunk to OZChanShapeMaskRefWithPicker_Factory	2	0
Ozone	non-virtual thunk to OZChanSceneNodeRefWithPicker_Factory	2	0
Ozone	non-virtual thunk to OZChannelEnumLayer_Factory	2	0
Ozone	non-virtual thunk to OZChannelEnumLayer	2	0
Ozone	non-virtual thunk to OZChannelEnumDimension_Factory	2	0
Ozone	non-virtual thunk to OZChannelEnumDimension	2	0
Ozone	non-virtual thunk to OZChannelEnumWithList_Factory	2	0
Ozone	non-virtual thunk to OZMaterialLayersFolder_Factory	2	0
Ozone	non-virtual thunk to OZMaterialDiffuseLayer_Factory	2	0
Ozone	non-virtual thunk to OZMaterialFinishLayer_Factory	2	0
Ozone	non-virtual thunk to OZFolderMaterialProperties_Factory	2	0
Ozone	non-virtual thunk to OZMaterialEmissiveLayer_Factory	2	0
Ozone	non-virtual thunk to OZMaterialFlatLayer_Factory	2	0
Ozone	non-virtual thunk to OZMaterialBumpMapLayer_Factory	2	0
Ozone	non-virtual thunk to OZMaterialSpecularLayer_Factory	2	0
Ozone	non-virtual thunk to OZMaterialFresnelLayer_Factory	2	0
Ozone	non-virtual thunk to OZMaterialDistressLayer_Factory	2	0
Ozone	non-virtual thunk to OZMaterialPaintLayer_Factory	2	0
Ozone	non-virtual thunk to OZMaterialSubstanceLayer_Factory	2	0
Ozone	non-virtual thunk to OZChannelFont_Factory	2	0
Ozone	non-virtual thunk to OZChannelImageWithTransform_Factory	2	0
Ozone	non-virtual thunk to OZChannelStringEnum_Factory	2	0
Ozone	non-virtual thunk to OZChannelMaterialLayerMap_Factory	2	0
Ozone	non-virtual thunk to OZChannelMaterialMapTransform_Factory	2	0
Ozone	non-virtual thunk to OZLayeredMaterialSequenceFolder_Factory	2	0
Ozone	non-virtual thunk to OZMaterialLayerSequenceFolder_Factory	2	0
Ozone	non-virtual thunk to OZMaterialDiffuseLayerSequenceFolder_Factory	2	0
Ozone	non-virtual thunk to OZMaterialSpecularLayerSequenceFolder_Factory	2	0
Ozone	non-virtual thunk to OZMaterialEmissiveLayerSequenceFolder_Factory	2	0
Ozone	non-virtual thunk to OZMaterialBumpMapLayerSequenceFolder_Factory	2	0
Ozone	non-virtual thunk to OZMaterialFresnelLayerSequenceFolder_Factory	2	0
Ozone	non-virtual thunk to OZMaterialSubstanceLayerSequenceFolder_Factory	2	0
Ozone	non-virtual thunk to OZMaterialPaintLayerSequenceFolder_Factory	2	0
Ozone	non-virtual thunk to OZMaterialFinishLayerSequenceFolder_Factory	2	0
Ozone	non-virtual thunk to OZMaterialDistressLayerSequenceFolder_Factory	2	0
Ozone	non-virtual thunk to OZMaterialEmitLayerSequenceFolder_Factory	2	0
Ozone	non-virtual thunk to OZChannelMaterialMapScale_Factory	2	0
Ozone	non-virtual thunk to OZChannelMaterialRoot_Factory	2	0
Ozone	non-virtual thunk to OZ3DEngineSceneElement_Factory	2	0
Ozone	non-virtual thunk to OZ3DEngineSceneFile_Factory	2	0
Ozone	std::__1::shared_ptr<PCBitmap>	2	0
Ozone	FxColorDescription	2	0
Ozone	PCPtr<OZNodeCamera>& PCPtr<OZNodeCamera>	2	0
Ozone	PCPtr<OZOrthoCamera>& PCPtr<OZOrthoCamera>	2	0
Ozone	OZObject::iterator_t<OZImageMask, false, true, OZObject::defaultValidator>	2	0
Ozone	OZObject::iterator_t<OZRigWidget, false, true, OZObject::defaultValidator>	2	0
Ozone	OZObject::iterator_t<OZSceneNode, false, true, OZSoloNodeValidator>	2	0
Ozone	OZObject::iterator_t<OZSceneNode, false, true, ozSelectAllValidator>	2	0
Ozone	OZObject::iterator_t<OZSceneNode, false, true, OZSoloChildNodeValidator>	2	0
Ozone	OZObject::iterator_t<OZAudioLayer, false, true, OZObject::defaultValidator>	2	0
Ozone	OZObject::iterator_t<OZFxGenerator, false, true, OZObject::defaultValidator>	2	0
Ozone	OZObject::iterator_t<OZProjectNode, false, true, OZObject::defaultValidator>	2	0
Ozone	OZObject::iterator_t<OZFootageLayer, false, true, OZObject::defaultValidator>	2	0
Ozone	OZObject::iterator_t<OZImageElement, false, true, dropZoneValidator>	2	0
Ozone	OZObject::iterator_t<OZImageElement, true, true, OZObject::defaultValidator>	2	0
Ozone	OZObject::iterator_t<OZSceneNodeFile, false, true, ozFootageNodeValidator>	2	0
Ozone	OZObject::iterator_t<OZSceneNodeFile, true, true, OZObject::defaultValidator>	2	0
Ozone	OZObject::iterator_t<OZTransformNode, false, true, OZObject::defaultValidator>	2	0
Ozone	OZObject::iterator_t<OZTransformNode, true, true, OZObject::defaultValidator>	2	0
Ozone	OZObject::iterator_t<OZCloneGenerator, false, true, OZObject::defaultValidator>	2	0
Ozone	OZObject::iterator_t<OZImageGenerator, false, true, OZObject::defaultValidator>	2	0
Ozone	OZObject::iterator_t<OZAudioMasterTrack, false, true, OZObject::defaultValidator>	2	0
Ozone	OZObject::iterator_t<OZSegmentationMask, false, true, OZObject::defaultValidator>	2	0
Ozone	OZObject::iterator_t<OZ3DEngineSceneFile, false, true, OZObject::defaultValidator>	2	0
Ozone	OZObject::iterator_t<OZObjectManipulator, false, true, OZObject::defaultValidator>	2	0
Ozone	OZObject::iterator_t<OZRig, false, true, OZObject::defaultValidator>	2	0
Ozone	OZObject::iterator_t<OZGroup, false, false, OZObject::defaultValidator>	2	0
Ozone	OZObject::iterator_t<OZGroup, false, true, OZObject::defaultValidator>	2	0
Ozone	OZObject::iterator_t<OZLight, false, true, OZObject::defaultValidator>	2	0
Ozone	OZObject::iterator_t<OZCamera, false, true, OZObject::defaultValidator>	2	0
Ozone	OZObject::iterator_t<OZElement, false, true, ozSGOnodeValidator>	2	0
Ozone	OZObject::iterator_t<OZElement, true, true, OZObject::defaultValidator>	2	0
Ozone	OZObject::iterator_t<OZProjectNode const, false, true, OZObject::defaultValidator>	2	0
Ozone	PCPtr<LiAnimCamera>& PCPtr<LiAnimCamera>	2	0
Ozone	std::__1::deque<OZSceneNode*, std::__1::allocator<OZSceneNode*>>	2	0
Ozone	std::__1::deque<OZRenderResult*, std::__1::allocator<OZRenderResult*>>	2	0
Ozone	std::__1::deque<OZChannelFolder*, std::__1::allocator<OZChannelFolder*>>	2	0
Ozone	std::__1::deque<OZFxPlugRenderContext*, std::__1::allocator<OZFxPlugRenderContext*>>	2	0
Ozone	std::__1::deque<OZGroup*, std::__1::allocator<OZGroup*>>	2	0
Ozone	std::__1::deque<OZLocking*, std::__1::allocator<OZLocking*>>	2	0
Ozone	std	2	0
Ozone	PCShared	2	0
Ozone	virtual thunk to PCShared	2	0
Ozone	virtual thunk to OZOrthoCamera	2	0
Ozone	std::__1::__hash_table<std::__1::__hash_value_type<OZSceneNode*, std::__1::__list_iterator<OZSceneNode*, void*>>, std::__1::__unordered_map_hasher<OZSceneNode*, std::__1::pair<OZSceneNode* const, std::__1::__list_iterator<OZSceneNode*, void*>>, std::__1::hash<OZSceneNode*>, std::__1::equal_to<OZSceneNode*>, true>, std::__1::__unordered_map_equal<OZSceneNode*, std::__1::pair<OZSceneNode* const, std::__1::__list_iterator<OZSceneNode*, void*>>, std::__1::equal_to<OZSceneNode*>, std::__1::hash<OZSceneNode*>, true>, std::__1::allocator<std::__1::pair<OZSceneNode* const, std::__1::__list_iterator<OZSceneNode*, void*>>>>	2	0
Ozone	void std::__1::__hash_table<std::__1::__hash_value_type<OZSceneNode*, std::__1::__list_iterator<OZSceneNode*, void*>>, std::__1::__unordered_map_hasher<OZSceneNode*, std::__1::pair<OZSceneNode* const, std::__1::__list_iterator<OZSceneNode*, void*>>, std::__1::hash<OZSceneNode*>, std::__1::equal_to<OZSceneNode*>, true>, std::__1::__unordered_map_equal<OZSceneNode*, std::__1::pair<OZSceneNode* const, std::__1::__list_iterator<OZSceneNode*, void*>>, std::__1::equal_to<OZSceneNode*>, std::__1::hash<OZSceneNode*>, true>, std::__1::allocator<std::__1::pair<OZSceneNode* const, std::__1::__list_iterator<OZSceneNode*, void*>>>>	2	0
Ozone	std::__1::deque<std::__1::shared_ptr<OZRenderResult>, std::__1::allocator<std::__1::shared_ptr<OZRenderResult>>>	2	0
Ozone	std::__1::__tree<std::__1::__value_type<OZTimelineKeyframeDrag, CMTime>, std::__1::__map_value_compare<OZTimelineKeyframeDrag, std::__1::pair<OZTimelineKeyframeDrag const, CMTime>, std::__1::less<OZTimelineKeyframeDrag>, true>, std::__1::allocator<std::__1::pair<OZTimelineKeyframeDrag const, CMTime>>>	2	0
Ozone	void std::__1::__split_buffer<std::__1::shared_ptr<OZRenderResult>*, std::__1::allocator<std::__1::shared_ptr<OZRenderResult>*>>::emplace_back<std::__1	2	0
Ozone	void std::__1::__split_buffer<std::__1::pair<OZObjectSimulator*, CMTime>*, std::__1::allocator<std::__1::pair<OZObjectSimulator*, CMTime>*>>::emplace_back<std::__1	2	0
Ozone	std::__1::vector<float, std::__1::allocator<float>>	2	0
Ozone	std::__1::vector<OZChannelRef, std::__1::allocator<OZChannelRef>>	2	0
Ozone	std::__1::list<OZCPPObserver*, std::__1::allocator<OZCPPObserver*>>	2	0
Ozone	std::__1::list<OZBehaviorCurveNode*, std::__1::allocator<OZBehaviorCurveNode*>>	2	0
Ozone	std::__1::list<OZOnScreenControlComponent*, std::__1::allocator<OZOnScreenControlComponent*>>	2	0
Ozone	std::__1::list<void*, std::__1::allocator<void*>>	2	0
Ozone	OZObject::all_iterator_t<OZObjectManipulator, false, true, OZObject::defaultAllValidator>	2	0
Ozone	std::__1::__tree<OZTimeMarker, std::__1::less<OZTimeMarker>, std::__1::allocator<OZTimeMarker>>	2	0
Ozone	PMFrameRequest	2	0
Ozone	std::__1::vector<std::__1::pair<OZSceneNode*, PCVector3<double>>, std::__1::allocator<std::__1::pair<OZSceneNode*, PCVector3<double>>>>	2	0
Ozone	std::__1::pair<std::__1::__tree_iterator<OZTimeMarker, std::__1::__tree_node<OZTimeMarker, void*>*, long>, bool> std::__1::__tree<OZTimeMarker, std::__1::less<OZTimeMarker>, std::__1::allocator<OZTimeMarker>>	2	0
Ozone	void PCGenMatrix<double>	2	0
Ozone	PCGenVector<double>	2	0
Ozone	PCRect<double>	2	0
Ozone	LiImageTransform	2	0
Ozone	LiImageFilterChain	2	0
Ozone	non-virtual thunk to OZElement::OZElement_lrSizeImpl	2	0
Ozone	OZCurveDoubleSplineState	2	0
Ozone	non-virtual thunk to OZElement::OZElement_lrSizeInfo	2	0
Ozone	OZChannelDoubleInfo	2	0
Ozone	non-virtual thunk to OZChannelDoubleInfo	2	0
Ozone	non-virtual thunk to OZChannelDoubleImpl	2	0
Ozone	non-virtual thunk to OZElement::OZElement_lrIntensityImpl	2	0
Ozone	OZCurvePercentSplineState	2	0
Ozone	non-virtual thunk to OZElement::OZElement_lrIntensityScaleImpl	2	0
Ozone	non-virtual thunk to OZElement::OZElement_lrOpacityImpl	2	0
Ozone	non-virtual thunk to OZElement::OZElement_reflectivityImpl	2	0
Ozone	non-virtual thunk to OZElement::OZElement_reflectionBlurImpl	2	0
Ozone	non-virtual thunk to OZElement::OZElement_reflectionBeginFalloffImpl	2	0
Ozone	non-virtual thunk to OZElement::OZElement_reflectionBeginFalloffInfo	2	0
Ozone	non-virtual thunk to OZElement::OZElement_reflectionEndFalloffImpl	2	0
Ozone	non-virtual thunk to OZElement::OZElement_reflectionEndFalloffInfo	2	0
Ozone	non-virtual thunk to OZElement::OZElement_reflectionFalloffExponentImpl	2	0
Ozone	non-virtual thunk to OZElement::OZElement_reflectionFalloffExponentInfo	2	0
Ozone	non-virtual thunk to OZElement::OZElement_castsReflectionImpl	2	0
Ozone	non-virtual thunk to OZElement::OZElement_conversionImpl	2	0
Ozone	non-virtual thunk to OZElement::OZElement_conversionTypeImpl	2	0
Ozone	non-virtual thunk to OZElement::OZElement_dropShadowOpacityImpl	2	0
Ozone	non-virtual thunk to OZElement::OZElement_dropShadowBlurImpl	2	0
Ozone	non-virtual thunk to OZElement::OZElement_dropShadowBlurInfo	2	0
Ozone	non-virtual thunk to OZElement::OZElement_dropShadowDistanceImpl	2	0
Ozone	non-virtual thunk to OZElement::OZElement_dropShadowAngleImpl	2	0
Ozone	OZCurveAngleSplineState	2	0
Ozone	OZChannelAngleInfo	2	0
Ozone	non-virtual thunk to OZChannelAngleInfo	2	0
Ozone	non-virtual thunk to OZChannelAngleImpl	2	0
Ozone	non-virtual thunk to OZElement::OZElement_cropInfo	2	0
Ozone	PCLightWrapOptions	2	0
Ozone	virtual thunk to PCLightWrapOptions	2	0
Ozone	PCBlendOptions	2	0
Ozone	virtual thunk to PCBlendOptions	2	0
Ozone	PCArray<int, PCArray_Traits<int>>	2	0
Ozone	PCArray<PCVector4<double>, PCArray_Traits<PCVector4<double>>>	2	0
Ozone	std::__1::vector<PCVector3<double>, std::__1::allocator<PCVector3<double>>>	2	0
Ozone	std::__1::vector<OverrideColorSpaceInfo, std::__1::allocator<OverrideColorSpaceInfo>>	2	0
Ozone	OZFootage::CropRect	2	0
Ozone	LiLockCache<PCHash128, PCMutex>	2	0
Ozone	OZChannelAspectRatioFootageInfo	2	0
Ozone	non-virtual thunk to OZChannelAspectRatioFootageInfo	2	0
Ozone	non-virtual thunk to OZChannelAspectRatioFootageImpl	2	0
Ozone	non-virtual thunk to OZFootage::OZFootage_fixedWidthInfo	2	0
Ozone	OZChannelUint32Info	2	0
Ozone	non-virtual thunk to OZChannelUint32Info	2	0
Ozone	non-virtual thunk to OZChannelUint32Impl	2	0
Ozone	OZCurveIntSplineState	2	2
Ozone	non-virtual thunk to OZFootage::OZFootage_fixedHeightInfo	2	0
Ozone	non-virtual thunk to OZFootage::OZFootage_exposureInfo	2	0
Ozone	non-virtual thunk to OZFootage::OZFootage_defogInfo	2	0
Ozone	non-virtual thunk to OZFootage::OZFootage_kneeLowInfo	2	0
Ozone	non-virtual thunk to OZFootage::OZFootage_kneeHighInfo	2	0
Ozone	OZChannelGammaFootageInfo	2	0
Ozone	non-virtual thunk to OZChannelGammaFootageInfo	2	0
Ozone	non-virtual thunk to OZChannelGammaFootageImpl	2	0
Ozone	OZChannelDecibelInfo	2	0
Ozone	non-virtual thunk to OZChannelDecibelInfo	2	0
Ozone	non-virtual thunk to OZChannelDecibelImpl	2	0
Ozone	std::__1::shared_ptr<(anonymous namespace)::RGBAVectorField>	2	0
Ozone	std::__1::vector<std::__1::pair<CMTime, std::__1::vector<CMTime, std::__1::allocator<CMTime>>>, std::__1::allocator<std::__1::pair<CMTime, std::__1::vector<CMTime, std::__1::allocator<CMTime>>>>>	2	0
Ozone	non-virtual thunk to OZImageElement::OZImageElement_pageNumberImpl	2	0
Ozone	non-virtual thunk to OZImageElement::OZImageElement_pageNumberInfo	2	0
Ozone	non-virtual thunk to OZImageElement::OZImageElement_timeScaleImpl	2	0
Ozone	non-virtual thunk to OZImageElement::OZImageElement_retimeFrameCacheImpl	2	0
Ozone	non-virtual thunk to OZImageElement::OZImageElement_loopDurationImpl	2	0
Ozone	non-virtual thunk to OZImageElement::OZImageElement_layerImpl	2	0
Ozone	non-virtual thunk to OZImageElement::OZImageElement_layerInfo	2	0
Ozone	non-virtual thunk to OZImageElement::OZImageElement_dropInputIDImpl	2	0
Ozone	non-virtual thunk to OZImageElement::OZImageElement_dropInputIDInfo	2	0
Ozone	non-virtual thunk to OZImageElement::OZImageElement_dropPanImpl	2	0
Ozone	non-virtual thunk to OZImageElement::OZImageElement_dropPanInfo	2	0
Ozone	non-virtual thunk to OZImageElement::OZImageElement_dropScaleImpl	2	0
Ozone	non-virtual thunk to OZImageElement::OZImageElement_dropFillOpaqueImpl	2	0
Ozone	OZCurveBoolSplineState	2	0
Ozone	non-virtual thunk to OZImageElement::OZImageElement_dropWidthImpl	2	0
Ozone	non-virtual thunk to OZImageElement::OZImageElement_dropWidthInfo	2	0
Ozone	non-virtual thunk to OZImageElement::OZImageElement_dropHeightImpl	2	2
Ozone	non-virtual thunk to OZImageElement::OZImageElement_dropHeightInfo	2	0
Ozone	std::__1::__tree_iterator<FxBalancedBlendRecord, std::__1::__tree_node<FxBalancedBlendRecord, void*>*, long> std::__1::__tree<FxBalancedBlendRecord, OZLessBalancedBlendRecord, std::__1::allocator<FxBalancedBlendRecord>>	2	0
Ozone	std::__1::__tree<FxBalancedBlendRecord, OZLessBalancedBlendRecord, std::__1::allocator<FxBalancedBlendRecord>>	2	0
Ozone	non-virtual thunk to OZGroup::OZGroup_dimensionTypeImpl	2	0
Ozone	non-virtual thunk to OZGroup::OZGroup_fixedWidthImpl	2	0
Ozone	non-virtual thunk to OZGroup::OZGroup_fixedWidthInfo	2	0
Ozone	non-virtual thunk to OZGroup::OZGroup_fixedHeightImpl	2	0
Ozone	non-virtual thunk to OZGroup::OZGroup_fixedHeightInfo	2	0
Ozone	non-virtual thunk to OZGroup::OZGroup_versionImpl	2	0
Ozone	PCPtr<LiImageSource>& PCPtr<LiImageSource>	2	0
Ozone	std::__1::vector<double, std::__1::allocator<double>>	2	0
Ozone	PCString* std::__1::vector<PCString, std::__1::allocator<PCString>>	2	0
Ozone	void std::__1::vector<PCString, std::__1::allocator<PCString>>	2	0
Ozone	void std::__1::vector<OZDropZoneTypeUndoParams, std::__1::allocator<OZDropZoneTypeUndoParams>>	2	0
Ozone	std::__1::vector<OZDropZoneTypeUndoParams, std::__1::allocator<OZDropZoneTypeUndoParams>>	2	0
Ozone	void std::__1::vector<OZChannelRef, std::__1::allocator<OZChannelRef>>	2	0
Ozone	OZFxPlugLockSentinel	2	0
Ozone	std::__1::vector<PCTimeRange, std::__1::allocator<PCTimeRange>>	2	0
Ozone	void std::__1::__introsort<std::__1::_ClassicAlgPolicy, std::__1	2	0
Ozone	bool std::__1::__sort3[abi:nqe210106]<std::__1::_ClassicAlgPolicy, std::__1	2	0
Ozone	void std::__1::__sort4[abi:nqe210106]<std::__1::_ClassicAlgPolicy, std::__1	2	0
Ozone	void std::__1::__sort5[abi:nqe210106]<std::__1::_ClassicAlgPolicy, std::__1	2	0
Ozone	void std::__1::__insertion_sort[abi:nqe210106]<std::__1::_ClassicAlgPolicy, std::__1	2	0
Ozone	void std::__1::__insertion_sort_unguarded[abi:nqe210106]<std::__1::_ClassicAlgPolicy, std::__1	2	0
Ozone	bool std::__1::__insertion_sort_incomplete[abi:nqe210106]<std::__1::_ClassicAlgPolicy, std::__1	2	0
Ozone	void std::__1::__sift_down[abi:nqe210106]<std::__1::_ClassicAlgPolicy, std::__1	2	0
Ozone	void std::__1::__pop_heap[abi:nqe210106]<std::__1::_ClassicAlgPolicy, std::__1	2	0
Ozone	void std::__1::__sift_up[abi:nqe210106]<std::__1::_ClassicAlgPolicy, std::__1	2	0
Ozone	std::__1::pair<std::__1::__tree_iterator<OZGuide, std::__1::__tree_node<OZGuide, void*>*, long>, bool> std::__1::__tree<OZGuide, std::__1::less<OZGuide>, std::__1::allocator<OZGuide>>	2	0
Ozone	PCRecursiveMutex	2	0
Ozone	OZTVRootDrag	2	0
Ozone	std::__1::vector<OZChannelBase*, std::__1::allocator<OZChannelBase*>>	2	0
Ozone	non-virtual thunk to OZMaterialEmitLayerSequenceFolder	2	0
Ozone	non-virtual thunk to OZChannelColorCorrection	2	0
Ozone	OZUIComponent	2	0
Ozone	std::__1::vector<PCURL, std::__1::allocator<PCURL>>	2	0
Ozone	non-virtual thunk to OZMaterialEmissiveLayerSequenceFolder	2	0
Ozone	OZLightingStyle	2	1
Ozone	std::__1::__bit_iterator<std::__1::vector<bool, std::__1::allocator<bool>>, false, 0> std::__1::__copy_unaligned[abi:nqe210106]<std::__1::vector<bool, std::__1	2	0
Ozone	std::__1::vector<std::__1::shared_ptr<(anonymous namespace)::FinishUniforms>, std::__1::allocator<std::__1::shared_ptr<(anonymous namespace)::FinishUniforms>>>	2	0
Ozone	virtual thunk to LiMaterialLayerOperator	2	0
Ozone	virtual thunk to ApplyGlossinessUp	2	0
Ozone	virtual thunk to ApplyGlossinessDown	2	0
Ozone	virtual thunk to ApplyReflectivity	2	0
Ozone	virtual thunk to DummyMaterialLayer	2	0
Ozone	ProShade::Uniform	2	0
Ozone	LiString	2	2
Ozone	virtual thunk to ProShade::Func<ProShade::Func_normalize>	2	0
Ozone	ProShade::Sampler2D	2	0
Ozone	ProShade::Uniform4f	2	0
Ozone	ProShade::Uniform44f	2	0
Ozone	ProShade::Vec3	2	0
Ozone	ProShade::ScalarFunctionTraits_2<ProShade::max_traits>	2	0
Ozone	virtual thunk to ProShade::Func<ProShade::ScalarFunctionTraits_2<ProShade::max_traits>>	2	0
Ozone	void ProShade::Error<PCException>	2	0
Ozone	ProShade::Func_dot	2	0
Ozone	PCArray<double, PCArray_Traits<double>>	2	0
Ozone	virtual thunk to ProShade::Func<ProShade::Func_dot>	2	0
Ozone	ProShade::ScalarFunctionTraits_2<ProShade::pow_traits>	2	0
Ozone	virtual thunk to ProShade::Func<ProShade::ScalarFunctionTraits_2<ProShade::pow_traits>>	2	0
Ozone	std::__1::deque<std::__1::pair<OZObjectSimulator*, CMTime>, std::__1::allocator<std::__1::pair<OZObjectSimulator*, CMTime>>>	2	0
Ozone	PCPtr<LiMaterialLayerOperator>& PCPtr<LiMaterialLayerOperator>::operator=<SpecularMaterialLayer	2	0
Ozone	non-virtual thunk to OZChannelAffectedNodes	2	0
Ozone	non-virtual thunk to OZMaterialFresnelLayerSequenceFolder	2	0
Ozone	non-virtual thunk to OZChannelBehaviorRoot	2	0
Ozone	non-virtual thunk to OZChannelSceneNode	2	0
Ozone	non-virtual thunk to OZMaterialSubstanceLayerSequenceFolder	2	0
Ozone	non-virtual thunk to OZ3DExtrusionProperties_Factory	2	0
Ozone	non-virtual thunk to OZMaterialSpecularLayerSequenceFolder	2	0
Ozone	LiAttributeStack	2	0
Ozone	std::__1::vector<std::__1::vector<OZChannelBase*, std::__1::allocator<OZChannelBase*>>, std::__1::allocator<std::__1::vector<OZChannelBase*, std::__1::allocator<OZChannelBase*>>>>	2	0
Ozone	non-virtual thunk to OZChanTransformNodeRef	2	0
Ozone	non-virtual thunk to OZChanElementRef	2	0
Ozone	non-virtual thunk to OZChanImageNodeRef	2	0
Ozone	OZChannelSeedInfo	2	0
Ozone	non-virtual thunk to OZChannelSeedInfo	2	0
Ozone	non-virtual thunk to OZChannelSeedImpl	2	0
Ozone	std::__1::vector<OZMaterialBase*, std::__1::allocator<OZMaterialBase*>>	2	0
Ozone	std::__1::vector<OZTimelineBarOverlay, std::__1::allocator<OZTimelineBarOverlay>>	2	0
Ozone	OZRenderParams::SharedInfo	2	0
Ozone	virtual thunk to OZRenderParams::SharedInfo	2	0
Ozone	non-virtual thunk to OZChannelMaterialMapScale	2	0
Ozone	void std::__1::vector<OZSimStateElement, std::__1::allocator<OZSimStateElement>>	2	0
Ozone	std::__1::deque<signed char, std::__1::allocator<signed char>>	2	0
Ozone	non-virtual thunk to OZMaterialBumpMapLayerSequenceFolder	2	0
Ozone	OZDropTargetInfo	2	2
Ozone	std::__1::deque<int, std::__1::allocator<int>>	2	0
Ozone	non-virtual thunk to OZMaterialPaintLayerSequenceFolder	2	0
Ozone	non-virtual thunk to OZLiCachingDelegate	2	0
Ozone	non-virtual thunk to OZMaterialFinishLayerSequenceFolder	2	0
Ozone	OZFxTemporalBoundsSentry	2	0
Ozone	virtual thunk to OZGradientSource	2	0
Ozone	OZChannelAspectRatioInfo	2	0
Ozone	non-virtual thunk to OZChannelAspectRatioInfo	2	0
Ozone	non-virtual thunk to OZChannelAspectRatioImpl	2	0
Ozone	std::__1::vector<OZFootagePathInfo, std::__1::allocator<OZFootagePathInfo>>	2	0
Ozone	non-virtual thunk to OZChannelImageWithTransform	2	0
Ozone	OZSegmentationEditOperation	2	2
Ozone	std::__1::pair<std::__1::__tree_iterator<CMTime, std::__1::__tree_node<CMTime, void*>*, long>, bool> std::__1::__tree<CMTime, std::__1::less<CMTime>, std::__1::allocator<CMTime>>	2	0
Ozone	OZHistogramDelegate	2	0
Ozone	non-virtual thunk to OZChannelImageWithOptions::OZChannelImageWithOptions_frameImpl	2	0
Ozone	non-virtual thunk to OZChannelImageWithOptions::OZChannelImageWithOptions_frameInfo	2	0
Ozone	non-virtual thunk to OZChannelMoveableImage	2	0
Ozone	OZChanObjectRef	2	0
Ozone	non-virtual thunk to OZChan3DEngineSceneFileRefWithPicker	2	0
Ozone	non-virtual thunk to OZChanRotoshapeRef	2	0
Ozone	non-virtual thunk to OZMaterialDiffuseLayerSequenceFolder	2	0
Ozone	non-virtual thunk to OZChanObjectManipRef	2	0
Ozone	std::__1::deque<PCNSRef<FFStreamVideo*>, std::__1::allocator<PCNSRef<FFStreamVideo*>>>	2	0
Ozone	std::__1::deque<OZPXSchedule, std::__1::allocator<OZPXSchedule>>	2	0
Ozone	PMFormatDescription	2	0
Ozone	non-virtual thunk to OZChanFootageRef	2	0
Ozone	PCEvictionHeap<std::__1::__map_iterator<std::__1::__tree_iterator<std::__1::__value_type<PCHash128, PCCacheImpl<PCHash128, OZMetalTextureCache::CacheData, PCSpinLock, std::__1::less<PCHash128>>::Data>, std::__1::__tree_node<std::__1::__value_type<PCHash128, PCCacheImpl<PCHash128, OZMetalTextureCache::CacheData, PCSpinLock, std::__1::less<PCHash128>>::Data>, void*>*, long>>>	2	0
Ozone	std::__1::vector<std::__1::__map_iterator<std::__1::__tree_iterator<std::__1::__value_type<PCHash128, PCCacheImpl<PCHash128, OZMetalTextureCache::CacheData, PCSpinLock, std::__1::less<PCHash128>>::Data>, std::__1::__tree_node<std::__1::__value_type<PCHash128, PCCacheImpl<PCHash128, OZMetalTextureCache::CacheData, PCSpinLock, std::__1::less<PCHash128>>::Data>, void*>*, long>>, std::__1::allocator<std::__1::__map_iterator<std::__1::__tree_iterator<std::__1::__value_type<PCHash128, PCCacheImpl<PCHash128, OZMetalTextureCache::CacheData, PCSpinLock, std::__1::less<PCHash128>>::Data>, std::__1::__tree_node<std::__1::__value_type<PCHash128, PCCacheImpl<PCHash128, OZMetalTextureCache::CacheData, PCSpinLock, std::__1::less<PCHash128>>::Data>, void*>*, long>>>>	2	0
Ozone	non-virtual thunk to OZChanAudioTrackRefWithPicker	2	0
Ozone	OZShapeBehaviorVertexCacheEntry	2	0
Ozone	OZShapeBehaviorBakeEntry	2	0
Ozone	TrackballGeneration	2	0
Ozone	non-virtual thunk to OZMotionPathBehavior::OZMotionPathBehavior_radiusImpl	2	0
Ozone	non-virtual thunk to OZMotionPathBehavior::OZMotionPathBehavior_radiusInfo	2	0
Ozone	non-virtual thunk to OZMotionPathBehavior::OZMotionPathBehavior_rectSizeImpl	2	0
Ozone	non-virtual thunk to OZMotionPathBehavior::OZMotionPathBehavior_rectSizeInfo	2	0
Ozone	non-virtual thunk to OZMotionPathBehavior::OZMotionPathBehavior_waveAmplitudeImpl	2	0
Ozone	non-virtual thunk to OZMotionPathBehavior::OZMotionPathBehavior_waveAmplitudeInfo	2	0
Ozone	non-virtual thunk to OZMotionPathBehavior::OZMotionPathBehavior_waveFrequencyImpl	2	0
Ozone	non-virtual thunk to OZMotionPathBehavior::OZMotionPathBehavior_waveFrequencyInfo	2	0
Ozone	non-virtual thunk to OZMotionPathBehavior::OZMotionPathBehavior_wavePhaseInfo	2	0
Ozone	non-virtual thunk to OZMotionPathBehavior::OZMotionPathBehavior_waveDampingImpl	2	0
Ozone	non-virtual thunk to OZMotionPathBehavior::OZMotionPathBehavior_waveDampingInfo	2	0
Ozone	non-virtual thunk to OZMotionPathBehavior::OZMotionPathBehavior_offsetImpl	2	0
Ozone	non-virtual thunk to OZMotionPathBehavior::OZMotionPathBehavior_frequencyImpl	2	0
Ozone	non-virtual thunk to OZMotionPathBehavior::OZMotionPathBehavior_frequencyInfo	2	0
Ozone	non-virtual thunk to OZMotionPathBehavior::OZMotionPathBehavior_endTimeOffsetChanImpl	2	0
Ozone	non-virtual thunk to OZChanSceneNodeRefWithPicker	2	0
Ozone	non-virtual thunk to OZChanFootageRefWithPicker	2	0
Ozone	non-virtual thunk to OZChanRotoshapeRefWithPicker	2	0
Ozone	OZTransform3DToolState	2	0
Ozone	virtual thunk to OZRotoshapeRender	2	0
Ozone	virtual thunk to OZImageNodeRender360	2	0
Ozone	virtual thunk to OZCrop	2	0
Ozone	virtual thunk to OZLiSegmentationStrokeFilter	2	0
Ozone	virtual thunk to OZLiSegmentationFeatherFilter	2	0
Ozone	std::__1::vector<OZMaskParams, std::__1::allocator<OZMaskParams>>	2	0
Ozone	virtual thunk to OZMaskComp	2	0
Ozone	virtual thunk to OZSceneCamera	2	0
Ozone	virtual thunk to OZ360Camera	2	0
Ozone	non-virtual thunk to OZCamera::OZCamera_cameraTypeImpl	2	0
Ozone	non-virtual thunk to OZCamera::OZCamera_angleOfViewImpl	2	0
Ozone	OZCamera::OZCamera_angleOfViewInfo	2	0
Ozone	non-virtual thunk to OZCamera::OZCamera_angleOfViewInfo	2	0
Ozone	non-virtual thunk to OZCamera::OZCamera_nearPlaneImpl	2	0
Ozone	non-virtual thunk to OZCamera::OZCamera_nearPlaneInfo	2	0
Ozone	non-virtual thunk to OZCamera::OZCamera_farPlaneImpl	2	0
Ozone	non-virtual thunk to OZCamera::OZCamera_farPlaneInfo	2	0
Ozone	non-virtual thunk to OZCamera::OZCamera_nearFadeImpl	2	0
Ozone	non-virtual thunk to OZCamera::OZCamera_nearFadeInfo	2	0
Ozone	non-virtual thunk to OZCamera::OZCamera_farFadeImpl	2	0
Ozone	non-virtual thunk to OZCamera::OZCamera_farFadeInfo	2	0
Ozone	non-virtual thunk to OZCamera::OZCamera_apertureImpl	2	0
Ozone	non-virtual thunk to OZCamera::OZCamera_apertureInfo	2	0
Ozone	non-virtual thunk to OZCamera::OZCamera_dofOffsetInfo	2	0
Ozone	non-virtual thunk to OZCamera::OZCamera_dofNearImpl	2	0
Ozone	non-virtual thunk to OZCamera::OZCamera_dofNearInfo	2	0
Ozone	non-virtual thunk to OZCamera::OZCamera_dofFarImpl	2	0
Ozone	non-virtual thunk to OZCamera::OZCamera_dofFarInfo	2	0
Ozone	non-virtual thunk to OZCamera::OZCamera_dofFilterImpl	2	0
Ozone	non-virtual thunk to OZCamera::OZCamera_dofFilterShapeImpl	2	0
Ozone	non-virtual thunk to OZCamera::OZCamera_dofFilterSidesImpl	2	0
Ozone	non-virtual thunk to OZCamera::OZCamera_dofFilterSidesInfo	2	0
Ozone	non-virtual thunk to OZCamera::OZCamera_dofDepthModeImpl	2	0
Ozone	OZRetimingUtil::StaticListNode<OZRetimingUtil::RetimingExaminer>	2	0
Ozone	non-virtual thunk to OZChanTrackerMixedRefWithPicker	2	0
Ozone	non-virtual thunk to OZChannelBlendMode	2	0
Ozone	non-virtual thunk to OZChanCameraRefWithPicker	2	0
Ozone	virtual thunk to OZLiHePixelTransformFixer	2	0
Ozone	virtual thunk to OZLiFxGenerator	2	0
Ozone	non-virtual thunk to OZChanElementOrFootageRef	2	0
Ozone	std::__1::vector<OZOpticalFlow::Job, std::__1::allocator<OZOpticalFlow::Job>>	2	0
Ozone	virtual thunk to OZLiFilter	2	0
Ozone	virtual thunk to OZLiElementTimeRender	2	0
Ozone	virtual thunk to OZNodeCamera	2	0
Ozone	non-virtual thunk to OZFolderMaterialProperties	2	0
Ozone	non-virtual thunk to OZLightingFolder::OZLightingFolder_channelShininessIndexImpl	2	0
Ozone	non-virtual thunk to OZLightingFolder::OZLightingFolder_channelShininessIndexInfo	2	0
Ozone	non-virtual thunk to OZLightingFolder_Factory	2	0
Ozone	non-virtual thunk to OZFolderMaterialProperties::OZFolderMaterialProperties_channelShininessIndexImpl	2	0
Ozone	OZFolderMaterialProperties::OZFolderMaterialProperties_channelShininessIndexInfo	2	0
Ozone	non-virtual thunk to OZFolderMaterialProperties::OZFolderMaterialProperties_channelShininessIndexInfo	2	0
Ozone	virtual thunk to LiTemporalProjection	2	0
Ozone	LiImageProjection	2	0
Ozone	virtual thunk to LiImageProjection	2	0
Ozone	virtual thunk to OZMetalGradientRadial	2	0
Ozone	virtual thunk to OZLiHeFilter	2	0
Ozone	virtual thunk to OZLiGenerator	2	0
Ozone	non-virtual thunk to OZFolderLightVolume	2	0
Ozone	non-virtual thunk to OZFolderLightVolumeClipPlane	2	0
Ozone	std::__1::vector<OZOpticalFlow::Private::JobImpl, std::__1::allocator<OZOpticalFlow::Private::JobImpl>>	2	0
Ozone	std::__1::vector<OZOpticalFlow::Private::VectorFieldInfo, std::__1::allocator<OZOpticalFlow::Private::VectorFieldInfo>>	2	0
Ozone	PCSingletonObject<PCMutex, (anonymous namespace)::(anonymous namespace)::PCSingletonObjectTag254, 100000>	2	0
Ozone	OZOpticalFlow::Private::JobImpl* std::__1::vector<OZOpticalFlow::Private::JobImpl, std::__1::allocator<OZOpticalFlow::Private::JobImpl>>::__emplace_back_slow_path<OZOpticalFlow::Private	2	0
Ozone	std::__1::vector<long long, std::__1::allocator<long long>>	2	0
Ozone	non-virtual thunk to OZChannelRetimeFrame	2	0
Ozone	non-virtual thunk to OZChannelRetimeFrame_Factory	2	0
Ozone	OZOpticalFlow::Private::JobTimer::FieldInfo	2	0
Ozone	non-virtual thunk to OZFolderLightShadow	2	0
Ozone	non-virtual thunk to OZFolderElementShadows_Factory	2	0
Ozone	PGHGImageRef	2	0
Ozone	std::__1::vector<std::__1::basic_string<char, std::__1::char_traits<char>, std::__1::allocator<char>>, std::__1::allocator<std::__1::basic_string<char, std::__1::char_traits<char>, std::__1::allocator<char>>>>	2	0
Ozone	HMDTexture	2	0
Ozone	non-virtual thunk to OZChannelFolder_Factory	2	0
Ozone	non-virtual thunk to OZChannelImageForImageWithOptions	2	0
Ozone	non-virtual thunk to OZRigWidget::OZRigWidget_activeSnapshotIDChanImpl	2	0
Ozone	non-virtual thunk to OZRigWidget::OZRigWidget_valueDoubleImpl	2	0
Ozone	non-virtual thunk to OZRigWidget::OZRigWidget_valueDoubleInfo	2	0
Ozone	non-virtual thunk to OZRigWidget::OZRigWidget_pSliderMinChanImpl	2	0
Ozone	non-virtual thunk to OZRigWidget::OZRigWidget_pSliderMaxChanImpl	2	0
Ozone	non-virtual thunk to OZRigWidget::OZRigWidget_valueAspectRatioImpl	2	0
Ozone	non-virtual thunk to OZRigWidget::OZRigWidget_valueAspectRatioInfo	2	0
Ozone	void std::__1::__sort4[abi:nqe210106]<std::__1	2	0
Ozone	non-virtual thunk to OZRigSnapshot::OZRigSnapshot_valueChanImpl	2	0
Ozone	non-virtual thunk to OZRigSnapshot::OZRigSnapshot_interpolationChanImpl	2	0
Ozone	OZLibraryPresetsMap	2	0
Ozone	OZChannelUint16Info	2	0
Ozone	non-virtual thunk to OZChannelUint16Info	2	0
Ozone	non-virtual thunk to OZChannelUint16Impl	2	0
Ozone	non-virtual thunk to OZLinkBehavior::OZLinkBehavior_applyModeChanImpl	2	0
Ozone	non-virtual thunk to OZLinkBehavior::OZLinkBehavior_scaleChanImpl	2	0
Ozone	non-virtual thunk to OZLinkBehavior::OZLinkBehavior_scaleChanInfo	2	0
Ozone	non-virtual thunk to OZLinkBehavior::OZLinkBehavior_mixModeChanImpl	2	0
Ozone	non-virtual thunk to OZLinkBehavior::OZLinkBehavior_easeRangeChanImpl	2	0
Ozone	non-virtual thunk to OZLinkBehavior::OZLinkBehavior_easeRangeChanInfo	2	0
Ozone	non-virtual thunk to OZLinkBehavior::OZLinkBehavior_customMixChanImpl	2	0
Ozone	non-virtual thunk to OZLinkBehavior::OZLinkBehavior_customMixChanInfo	2	0
Ozone	non-virtual thunk to OZLinkBehavior::OZLinkBehavior_applyLinkWhenChanImpl	2	0
Ozone	PCPtr<LiMaterialLayerOperator>& PCPtr<LiMaterialLayerOperator>::operator=<BumpMaterialLayer	2	0
Ozone	OZShapeReparametrizedContour	2	0
Ozone	non-virtual thunk to OZShapeReparametrizedContour::OZShapeReparametrizedContour_contourImpl	2	0
Ozone	virtual thunk to OZLiCachingImageSource	2	0
Ozone	non-virtual thunk to OZMaterialDistressLayerSequenceFolder	2	0
Ozone	non-virtual thunk to OZChanShapeMaskRefWithPicker	2	0
Ozone	PCSingletonObject<PCRecursiveMutex, (anonymous namespace)::PCSingletonObjectTag26, 0>	2	0
Ozone	std::__1::deque<OZMETimeConverterData, std::__1::allocator<OZMETimeConverterData>>	2	0
Ozone	virtual thunk to OZFFMediaRefRender	2	0
Ozone	PCArray<OZPaintLayer*, PCArray_Traits<OZPaintLayer*>>	2	0
Ozone	OZLatexPaintSmooth	2	2
Ozone	non-virtual thunk to OZChannelFont	2	0
Ozone	non-virtual thunk to OZFontManager	2	0
Ozone	HGRect	2	0
Ozone	std::__1::allocator<char>	2	0
Ozone	void std::__1::allocator_traits<std::__1::allocator<HGBinding>>	2	0
Ozone	HGBinding* std::__1	2	0
Ozone	unsigned long const& std::__1	2	0
Ozone	OZSceneNodeFactory	2	0
Ozone	OZEffectFactory	2	0
Ozone	OZStyleFactory	2	0
Ozone	OZMaterialFactory	2	0
Ozone	virtual thunk to LiCamera	2	0
Ozone	LiBaseCamera	2	0
Ozone	virtual thunk to LiBaseCamera	2	0
Ozone	LiMaterialLayer	2	0
Ozone	virtual thunk to LiMaterialLayer	2	0
Ozone	virtual thunk to ProShade::Node	2	0
Ozone	virtual thunk to LiImageFilter	2	0
Ozone	virtual thunk to OZLiSegmentationFilter	2	0
Ozone	OZChannelParameterComponent	2	0
Ozone	OZChannelLabelComponent	2	0
Ozone	OZAnimStatusCellComponent	2	0
Ozone	OZAutoPropertiesTabController	2	0
Ozone	OZEditableTextFieldCell	2	0
Ozone	OZTimelineModuleView	2	0
Ozone	OZFootageSummaryController	2	0
Ozone	OZ3DSceneFileSummaryController	2	0
Ozone	OZTimelineImageLayerCoordinator	2	0
Ozone	OZPasteboardOwner	2	0
Ozone	OZAutoEffectsInspectorController	2	0
Ozone	OZTimelineVerticalSplitView	2	0
Ozone	OZDropMenuWindowContentView	2	0
Ozone	OZChanElementRefController	2	0
Ozone	OZChanTransformNodeRefController	2	0
Ozone	OZChanImageNodeRefController	2	0
Ozone	OZTimelineRootWrapper	2	0
Ozone	OZTimelineRowAudio	2	0
Ozone	CAMediaTimingFunction	2	0
Ozone	OZResolutionNumberFormatter	2	0
Ozone	OZChanHistogramController	2	0
Ozone	OZChannelMoveableImageController	2	0
Ozone	OZTBTextFieldDelegate	2	0
Ozone	OZImageGeneratorInspectorCtrl	2	0
Ozone	OZProgressTimeFormatter	2	0
Ozone	OZSingleChanBHHUDCtlr	2	0
Ozone	OZBooleanPreference	2	0
Ozone	OZAutoEffectHUDController	2	0
Ozone	OZLayerHUDController	2	0
Ozone	OZChanRotoshapeRefWithPickerController	2	0
Ozone	OZFxPlugHUDController	2	0
Ozone	NSBundle	2	0
Ozone	OZCommandsController	2	0
Ozone	OZLibThumbnailInfo	2	0
Ozone	OZChannelPosition3DGeneratorOSC	2	0
Ozone	OZCircleToolOptions	2	0
Ozone	OZLineToolOptions	2	0
Ozone	OZMaskCircleToolOptions	2	0
Ozone	OZZTranslate3DHUDButton	2	0
Ozone	OZLightingFolderLabelController	2	0
Ozone	OZLibraryPresetsMapOwnershipWrapper	2	0
Ozone	OZImageEnvironmentInspectorCtrl	2	0
Ozone	OZOpticalFlowMainThreadNotifier	2	0
Ozone	OZMoMiniCurveEditorCtrl	2	0
Ozone	OZShadowFolderLabelController	2	0
Ozone	OZMoTimingMoveController	2	0
Ozone	LKSegmentedControl	2	0
Ozone	OZCanvasInactiveRangeView	2	0
Ozone	OZTemporaryUndoHandler	2	0
Ozone	OZPreviewBackgroundView	2	0
Ozone	OZMotionPathVerticesController	2	0
Ozone	NSWindow	2	0
Ozone	OZMainContainerModule	2	0
Flexo	FFSynchronizer	2	0
Flexo	std::__1::__tree<CMTime, std::__1::less<CMTime>, std::__1::allocator<CMTime>>	2	0
Flexo	non-virtual thunk to FFOZActiveToolFolder	2	0
Flexo	non-virtual thunk to FFOZActiveToolFolder_Factory	2	0
Flexo	non-virtual thunk to FFOZAudioUnitEffectRootChannel	2	0
Flexo	non-virtual thunk to FFOZAudioUnitEffectRootChannel_Factory	2	0
Flexo	non-virtual thunk to FFOZBlindDataCustomUIChannel	2	0
Flexo	non-virtual thunk to FFOZBlindDataCustomUIChannel_Factory	2	0
Flexo	FFOZBlindDataCustomUIChannelInfo	2	2
Flexo	non-virtual thunk to FFOZBlindDataCustomUIChannelInfo	2	0
Flexo	non-virtual thunk to FFOZMediaRefChannel_Factory	2	0
Flexo	FFOZMediaRefChannelInfo	2	0
Flexo	non-virtual thunk to FFOZMediaRefChannelInfo	2	0
Flexo	OZCurveEnumSplineState	2	0
Flexo	non-virtual thunk to FFOZRiggedChannelFolder	2	0
Flexo	non-virtual thunk to FFOZRiggedChannelFolder_Factory	2	0
Flexo	non-virtual thunk to FFOZVideoTrackerFolder	2	0
Flexo	non-virtual thunk to FFOZVideoTrackerFolder_Factory	2	0
Flexo	FFAudioDuckingMasterRangeData	2	0
Flexo	FFLocklessQueue<NSSet*>	2	0
Flexo	std::__1::vector<CMTime, std::__1::allocator<CMTime>>	2	0
Flexo	FFLocklessQueueElement<NSSet*>	2	0
Flexo	std::__1::list<FramesAndTimeInfo, std::__1::allocator<FramesAndTimeInfo>>	2	0
Flexo	FFLocklessQueue<FigTimeRangeAndObject*>	2	0
Flexo	FFLocklessQueueElement<FigTimeRangeAndObject*>	2	0
Flexo	std::__1::deque<void () block_pointer, std::__1::allocator<void () block_pointer>>	2	0
Flexo	std::__1::deque<double, std::__1::allocator<double>>	2	0
Flexo	std::__1::set<unsigned int, std::__1::less<unsigned int>, std::__1::allocator<unsigned int>>	2	0
Flexo	std::__1::shared_ptr<FFScheduledReadAudioFile>	2	0
Flexo	std::__1::shared_ptr<FFAudioPlaybackScrubBuffer>	2	0
Flexo	FFAudioUnitParameterInfo* std::__1::vector<FFAudioUnitParameterInfo, std::__1::allocator<FFAudioUnitParameterInfo>>	2	0
Flexo	std::__1::__tree<std::__1::__value_type<void*, std::__1::unique_ptr<FFAUEventHandlerMediator::HandlerMapInfo, std::__1::default_delete<FFAUEventHandlerMediator::HandlerMapInfo>>>, std::__1::__map_value_compare<void*, std::__1::pair<void* const, std::__1::unique_ptr<FFAUEventHandlerMediator::HandlerMapInfo, std::__1::default_delete<FFAUEventHandlerMediator::HandlerMapInfo>>>, std::__1::less<void*>, true>, std::__1::allocator<std::__1::pair<void* const, std::__1::unique_ptr<FFAUEventHandlerMediator::HandlerMapInfo, std::__1::default_delete<FFAUEventHandlerMediator::HandlerMapInfo>>>>>	2	0
Flexo	void std::__1::__uninitialized_allocator_relocate[abi:nqe210106]<std::__1	2	0
Flexo	PCMatrix44Tmpl<float>	2	0
Flexo	FFNSObjectStorage	2	0
Flexo	OZChannelAngleInfo	2	0
Flexo	non-virtual thunk to OZChannelAngleInfo	2	0
Flexo	non-virtual thunk to OZChannelAngleImpl	2	0
Flexo	OZCurveAngleSplineState	2	0
Flexo	non-virtual thunk to FFOZShapeMaskFolder_Factory	2	0
Flexo	FFEffectRegistryDestructor	2	0
Flexo	std::__1::vector<void*, std::__1::allocator<void*>>	2	0
Flexo	std::__1::vector<FFRetimingAudioSegment, std::__1::allocator<FFRetimingAudioSegment>>	2	0
Flexo	std::__1::map<int, (anonymous namespace)::conversion_t, std::__1::less<int>, std::__1::allocator<std::__1::pair<int const, (anonymous namespace)::conversion_t>>>	2	0
Flexo	std::__1::vector<std::__1::shared_ptr<FFAudioSamplesCache::Block>, std::__1::allocator<std::__1::shared_ptr<FFAudioSamplesCache::Block>>>	2	0
Flexo	std::__1::map<FFImageRepDeferredBlockImageAndState::DeferredBlockImageState, std::__1::set<FFImageRepDeferredBlockImageAndState::DeferredBlockImageState, std::__1::less<FFImageRepDeferredBlockImageAndState::DeferredBlockImageState>, std::__1::allocator<FFImageRepDeferredBlockImageAndState::DeferredBlockImageState>>, std::__1::less<FFImageRepDeferredBlockImageAndState::DeferredBlockImageState>, std::__1::allocator<std::__1::pair<FFImageRepDeferredBlockImageAndState::DeferredBlockImageState const, std::__1::set<FFImageRepDeferredBlockImageAndState::DeferredBlockImageState, std::__1::less<FFImageRepDeferredBlockImageAndState::DeferredBlockImageState>, std::__1::allocator<FFImageRepDeferredBlockImageAndState::DeferredBlockImageState>>>>>	2	0
Flexo	std::__1::vector<FFAudioPanAdvancedSettingChannelKey, std::__1::allocator<FFAudioPanAdvancedSettingChannelKey>>	2	0
Flexo	std::__1::vector<StreamRecord, std::__1::allocator<StreamRecord>>	2	0
Flexo	std::__1::pair<std::__1::vector<unsigned long, std::__1::allocator<unsigned long>>, std::__1::vector<int, std::__1::allocator<int>>>	2	0
Flexo	std::__1::vector<std::__1::pair<long, int>, std::__1::allocator<std::__1::pair<long, int>>>	2	0
Flexo	void std::__1::vector<ProResRaw::PluginDescriptor, std::__1::allocator<ProResRaw::PluginDescriptor>>::__emplace_back_assume_capacity[abi:nqe210106]<ProResRaw	2	0
Flexo	std::__1::vector<ProResRaw::PluginDescriptor, std::__1::allocator<ProResRaw::PluginDescriptor>>	2	0
Flexo	ProResRaw::HostSignPostScope	2	0
Flexo	std::__1::basic_stringstream<char, std::__1::char_traits<char>, std::__1::allocator<char>>	2	0
Flexo	ProResRaw::SignPostScope<(unsigned short)2304, (unsigned short)2305>	2	0
Flexo	non-virtual thunk to ProResRaw::PluginContextXpc	2	0
Flexo	non-virtual thunk to ProResRaw::PluginMetadataXpc	2	0
Flexo	non-virtual thunk to ProResRaw::PluginSettingsContextXpc	2	0
Flexo	non-virtual thunk to ProResRaw::PluginSettingsSnapshotXpc	2	0
Flexo	non-virtual thunk to ProResRaw::PluginMetalProcessorXpc	2	0
Flexo	std::__1::vector<long long, std::__1::allocator<long long>>	2	0
Flexo	ProResRaw::PluginParams	2	0
Flexo	std::__1::vector<std::__1::vector<FFTextSearchResult, std::__1::allocator<FFTextSearchResult>>, std::__1::allocator<std::__1::vector<FFTextSearchResult, std::__1::allocator<FFTextSearchResult>>>>	2	0
Flexo	std::__1::vector<std::__1::vector<cc::spatialclustering::datapoint_t<FFVideoAnalysisCollatedFace*, videoanalysis::collation::box_t>, std::__1::allocator<cc::spatialclustering::datapoint_t<FFVideoAnalysisCollatedFace*, videoanalysis::collation::box_t>>>, std::__1::allocator<std::__1::vector<cc::spatialclustering::datapoint_t<FFVideoAnalysisCollatedFace*, videoanalysis::collation::box_t>, std::__1::allocator<cc::spatialclustering::datapoint_t<FFVideoAnalysisCollatedFace*, videoanalysis::collation::box_t>>>>>	2	0
Flexo	std::__1::vector<cc::rgb_t<float>, std::__1::allocator<cc::rgb_t<float>>>	2	0
Flexo	std::__1::__bit_iterator<std::__1::vector<bool, std::__1::allocator<bool>>, false, 0> std::__1::__copy_unaligned[abi:nqe210106]<std::__1::vector<bool, std::__1	2	0
Flexo	operator<<(std::__1::basic_ostream<char, std::__1	2	0
Flexo	std::__1::basic_ifstream<char, std::__1::char_traits<char>>	2	0
Flexo	FFAudioFile	2	0
Flexo	CAXException	2	0
Flexo	FFLocklessQueue<FFAudioPlaybackScrubBuffer::InputSamplesInOutputData>	2	0
Flexo	FFLocklessQueue<CMTime>	2	0
Flexo	FFLocklessQueueElement<FFAudioPlaybackScrubBuffer::InputSamplesInOutputData>	2	0
Flexo	std::__1::vector<unsigned char*, std::__1::allocator<unsigned char*>>	2	0
Flexo	FFLocklessQueueElement<CMTime>	2	0
Flexo	FFLocklessQueue<FFAudioPlaybackSkipStyleBuffer::BufferSlice*>	2	0
Flexo	FFAudioPlaybackSkipStyleBuffer::BufferSlice	2	0
Flexo	FFLocklessQueueElement<FFAudioPlaybackSkipStyleBuffer::BufferSlice*>	2	0
Flexo	std::__1::vector<FFAudioPlayer*, std::__1::allocator<FFAudioPlayer*>>	2	0
Flexo	FFLocklessQueueElement<FFAudioBufferList*>	2	0
Flexo	std::__1::vector<FFAudioScrubBallisticsMgr::UserPositionEvent, std::__1::allocator<FFAudioScrubBallisticsMgr::UserPositionEvent>>	2	0
Flexo	FFLocklessQueueElement<std::__1::pair<unsigned long long, CMTime>>	2	0
Flexo	FFLocklessQueue<NSArray*>	2	0
Flexo	FFLocklessQueueElement<NSArray*>	2	0
Flexo	ScheduledIOWorkerThread	2	0
Flexo	FFCMIOPlaybackTimebaseStartedSignalQueue	2	0
Flexo	FFLocklessQueueElement<CMIOPlaybackTimebaseStartedSignal>	2	0
Flexo	FFCMIOPlaybackTimingInfoQueue	2	0
Flexo	FFCMIOPlaybackTimestampQueue	2	2
Flexo	FFLocklessQueue<FFCMIOPlaybackTimestamp>	2	0
Flexo	FFCMIOPlaybackErrorQueue	2	0
Flexo	FFLocklessQueueElement<FFCMIOPlaybackTimestamp>	2	0
Flexo	std::__1::vector<PowerMeter, std::__1::allocator<PowerMeter>>	2	0
Flexo	FFLocklessQueueElement<FFAudioRecorderBufferWriteTask*>	2	0
Flexo	FFAudioGraphDeferredDeletionPointerObject<FFAudioNode>	2	0
Flexo	FFAudioGraphDeferredDeletionSharedPointerObject<FFAudioInputAdapter>	2	0
Flexo	FFDCDViewCache	2	0
Flexo	void std::__1::__split_buffer<FFVTDecompressionSession::DecodeRecord*, std::__1::allocator<FFVTDecompressionSession::DecodeRecord*>>::emplace_back<FFVTDecompressionSession	2	0
Flexo	void std::__1::__split_buffer<std::__1::shared_ptr<FFAudioSamplesCache::Request>*, std::__1::allocator<std::__1::shared_ptr<FFAudioSamplesCache::Request>*>>::emplace_back<std::__1::shared_ptr<FFAudioSamplesCache	2	0
Flexo	std::__1::__tree<std::__1::__value_type<PCString, unsigned int>, std::__1::__map_value_compare<PCString, std::__1::pair<PCString const, unsigned int>, std::__1::less<PCString>, true>, std::__1::allocator<std::__1::pair<PCString const, unsigned int>>>	2	0
Flexo	FFPlayerProhibitAllPrivatePlayerLocksThisThreadRAII	2	0
Flexo	FFPlayerScopedReadLock	2	0
Flexo	BWF_Parser	2	0
Flexo	std::__1::vector<AVAssetTrack*, std::__1::allocator<AVAssetTrack*>>	2	0
Flexo	std::__1::list<FFMediaCursorType, std::__1::allocator<FFMediaCursorType>>	2	0
Flexo	FFFigStreamMutexGuard	2	0
Flexo	void insert_sorted<std::__1::list<FFAudioSourceScope, std::__1	2	0
Flexo	std::__1::vector<FFAudioStreamScope*, std::__1::allocator<FFAudioStreamScope*>>	2	0
Flexo	std::__1::vector<FFAudioEffectsBuss::EffectStackGraphData*, std::__1::allocator<FFAudioEffectsBuss::EffectStackGraphData*>>	2	0
Flexo	FFLocklessQueueElement<FFAudioGainChannelBuffer*>	2	0
Flexo	std::__1::vector<std::__1::unique_ptr<FFAudioDynamicScopingWindow::LivePreroller, std::__1::default_delete<FFAudioDynamicScopingWindow::LivePreroller>>, std::__1::allocator<std::__1::unique_ptr<FFAudioDynamicScopingWindow::LivePreroller, std::__1::default_delete<FFAudioDynamicScopingWindow::LivePreroller>>>>	2	0
Flexo	std::__1::list<std::__1::unique_ptr<PEObjectSegmentedVideoStreamUtils::SegmentSourceCacheItem, std::__1::default_delete<PEObjectSegmentedVideoStreamUtils::SegmentSourceCacheItem>>, std::__1::allocator<std::__1::unique_ptr<PEObjectSegmentedVideoStreamUtils::SegmentSourceCacheItem, std::__1::default_delete<PEObjectSegmentedVideoStreamUtils::SegmentSourceCacheItem>>>>	2	0
Flexo	std::__1::vector<std::__1::pair<NSString*, CMTime>, std::__1::allocator<std::__1::pair<NSString*, CMTime>>>	2	0
Flexo	std::__1::__tree_iterator<std::__1::__value_type<FFVideoPropsGroupingKey, FFVideoPropsGroup*>, std::__1::__tree_node<std::__1::__value_type<FFVideoPropsGroupingKey, FFVideoPropsGroup*>, void*>*, long> std::__1::__tree<std::__1::__value_type<FFVideoPropsGroupingKey, FFVideoPropsGroup*>, std::__1::__map_value_compare<FFVideoPropsGroupingKey, std::__1::pair<FFVideoPropsGroupingKey const, FFVideoPropsGroup*>, FFVideoPropsGroupingKey::FFVideoPropsGroupingKeyCompare, true>, std::__1::allocator<std::__1::pair<FFVideoPropsGroupingKey const, FFVideoPropsGroup*>>>	2	0
Flexo	std::__1::__tree<std::__1::__value_type<FFCameraModeProperty, std::__1::list<NSString*, std::__1::allocator<NSString*>>>, std::__1::__map_value_compare<FFCameraModeProperty, std::__1::pair<FFCameraModeProperty const, std::__1::list<NSString*, std::__1::allocator<NSString*>>>, std::__1::less<FFCameraModeProperty>, true>, std::__1::allocator<std::__1::pair<FFCameraModeProperty const, std::__1::list<NSString*, std::__1::allocator<NSString*>>>>>	2	0
Flexo	std::__1::__tree<std::__1::__value_type<int, std::__1::list<NSString*, std::__1::allocator<NSString*>>>, std::__1::__map_value_compare<int, std::__1::pair<int const, std::__1::list<NSString*, std::__1::allocator<NSString*>>>, std::__1::less<int>, true>, std::__1::allocator<std::__1::pair<int const, std::__1::list<NSString*, std::__1::allocator<NSString*>>>>>	2	0
Flexo	std::__1::vector<OMRgbChar, std::__1::allocator<OMRgbChar>>	2	0
Flexo	OMRgbChar	2	0
Flexo	std::__1::vector<std::__1::unique_ptr<FFAudioSamplesCache::Block::SamplesReadyBlockInfo, std::__1::default_delete<FFAudioSamplesCache::Block::SamplesReadyBlockInfo>>, std::__1::allocator<std::__1::unique_ptr<FFAudioSamplesCache::Block::SamplesReadyBlockInfo, std::__1::default_delete<FFAudioSamplesCache::Block::SamplesReadyBlockInfo>>>>	2	0
Flexo	std::__1::deque<std::__1::shared_ptr<FFAudioSamplesCache::Request>, std::__1::allocator<std::__1::shared_ptr<FFAudioSamplesCache::Request>>>	2	0
Flexo	std::__1::__tree_node_base<void*>*& std::__1::__tree<std::__1::shared_ptr<FFAudioSamplesCache::Block>, FFAudioSamplesCache::BlockRequestIDSort, std::__1::allocator<std::__1::shared_ptr<FFAudioSamplesCache::Block>>>::__find_equal<std::__1::shared_ptr<FFAudioSamplesCache	2	0
Flexo	std::__1::unique_ptr<(anonymous namespace)::GeneratePeaksSkimmableChangedListener, std::__1::default_delete<(anonymous namespace)::GeneratePeaksSkimmableChangedListener>>	2	0
Flexo	FFAudioGraphDeferredDeletionPointerObject<FFScopedEffect>	2	0
Flexo	std::__1::vector<std::__1::unique_ptr<FFScopedExternalUnitEffect::AURenderCallbackInfo, std::__1::default_delete<FFScopedExternalUnitEffect::AURenderCallbackInfo>>, std::__1::allocator<std::__1::unique_ptr<FFScopedExternalUnitEffect::AURenderCallbackInfo, std::__1::default_delete<FFScopedExternalUnitEffect::AURenderCallbackInfo>>>>	2	0
Flexo	non-virtual thunk to STParameterEventQueue	2	0
Flexo	STParameterEvent	2	0
Flexo	ausdk::ComponentBase	2	0
Flexo	AUTrimLevel	2	0
Flexo	AUFaderLevel	2	0
Flexo	WithRenderingAUSimpleScoper	2	0
Flexo	OZCurveDoubleSplineState	2	2
Flexo	non-virtual thunk to FFOZObservableFolder	2	0
Flexo	non-virtual thunk to FFOZObservableFolder_Factory	2	0
Flexo	non-virtual thunk to FFOZRootChannel_Factory	2	0
Flexo	virtual thunk to FFCompressionSessionCallbackRef	2	0
Flexo	PCShared	2	0
Flexo	virtual thunk to PCShared	2	0
Flexo	FFPMRAutoTimer	2	0
Flexo	OZUIComponent	2	0
Flexo	std::__1::__tree_node_base<void*>*& std::__1::__tree<std::__1::__value_type<FFMD5, float>, std::__1::__map_value_compare<FFMD5, std::__1::pair<FFMD5 const, float>, std::__1::less<FFMD5>, true>, std::__1::allocator<std::__1::pair<FFMD5 const, float>>>	2	0
Flexo	PCRecursiveMutex	2	0
Flexo	FFLocklessQueueElement<WorkerThread::Task*>	2	0
Flexo	void FFDestAnalyzerSynchronizer::lockStream<FFDestAnalyzerSynchronizer::joinAndCompleteTracking()	2	0
Flexo	FFDestAnalyzerSynchronizer::_LockGuard	2	0
Flexo	void FFDestAnalyzerSynchronizer::lockStream<FFDestAnalyzerSynchronizer::startTracking(id<FFDestAnalyzerProcess>)	2	0
Flexo	void FFDestAnalyzerSynchronizer::lockStream<FFDestAnalyzerSynchronizer::RunProcess_(void*)	2	0
Flexo	std::__1::vector<videoanalysis::collation::motion_t, std::__1::allocator<videoanalysis::collation::motion_t>>	2	0
Flexo	FFDestDominantMotionPrivate::Itf	2	0
Flexo	FFNSObjectStorage3	2	0
Flexo	std::__1::vector<HGBinding, std::__1::allocator<HGBinding>>	2	0
Flexo	std::__1::vector<MXF::MXFPartitionEntry*, std::__1::allocator<MXF::MXFPartitionEntry*>>	2	0
Flexo	MXF	2	0
Flexo	virtual thunk to std::__1::basic_ostringstream<char, std::__1::char_traits<char>, std::__1::allocator<char>>	2	0
Flexo	FFFlexo	2	0
Flexo	OZChannelParameterComponent	2	0
Flexo	OZChannelLabelComponent	2	0
Flexo	OZAnimStatusCellComponent	2	0
Flexo	FFAddCaptionsOperation	2	0
Flexo	FFInspectorCaptionTextCellView	2	0
Flexo	FFErfCache	2	0
Flexo	FFInlinePuckButtonCell	2	0
Flexo	FFContentBundle	2	0
Flexo	FFVoiceOverAnimationComponent	2	0
Flexo	FFPositionPercentChannelController	2	0
Flexo	FFCloudContentHelper	2	0
Flexo	FFAudioAngleComponentsLayout	2	0
Flexo	FFAudioClipComponentsLayout	2	0
Flexo	FFDominantMotionMediaRepController	2	0
Flexo	FFExifParser	2	0
Flexo	FFMetadataArrayController	2	0
Flexo	FFMetadataSortDescriptor	2	0
Flexo	FFMetadataArraySortDescriptor	2	0
Flexo	FFDisableWritePrioritizationObject	2	0
Flexo	NSDate	2	0
Flexo	FFObjectRef	2	0
Flexo	FFRoleAssignmentHelper	2	0
Flexo	FFRoleChangeSequenceSavedState	2	0
Flexo	FFRoleNameHelper	2	0
Flexo	FFNavView	2	0
Flexo	FFFindItemsWithInsufficientDurationForCrossFadeOperation	2	0
Flexo	EDTCMTimeRangeIntersectionDelegate	2	0
Flexo	FFConnectedItemsQuery	2	0
Flexo	FFHorizontalShuffleLeftIterator	2	0
Flexo	FFTimelineStorylineExclusionFilter	2	0
Flexo	FFTrimVideoAdapter	2	0
Flexo	FFReloadItemFilmstripsOperation	2	0
Flexo	FFNullStorylineLock	2	0
Flexo	MicaNoActionLayerDelegate	2	0
Flexo	iLifeImageHelpers	2	0
Flexo	PKStroke	2	0
Flexo	RCFileUtils	2	0
Flexo	FFTouchUpSizeSliderCell	2	0
Flexo	FFTouchUpSizeSlider	2	0
Flexo	FFIsolationHueQualifierController	2	0
Flexo	FFIsolationTypeParameterController	2	0
Flexo	FFTrackerShapeLabelController	2	0
Flexo	FFMaskedEffectBaseController	2	0
Flexo	FFAudioUnitEffectChannelDoubleController	2	0
Flexo	FFConvertToBezierButtonController	2	0
Flexo	FFPolygonOSC	2	0
Flexo	FFLegacyBuiltInColorEffectPreset	2	0
Flexo	FFNoiseReduction360	2	0
Flexo	FFRateConformFrameSamplingCtlr	2	0
Flexo	FFHGSimpleObjectHolder	2	0
Flexo	FFSonySLog2SGamutProcessingInfo	2	0
Flexo	FFBMDFilmProcessingInfo	2	0
Flexo	FFCancelTarget	2	0
Flexo	Transition	2	0
Flexo	DynamicTransition	2	0
Flexo	SportsTransition	2	0
Flexo	TitleEditItem	2	0
Flexo	FlatMapExtra	2	0
Flexo	FFAddEffectComponentChooserRoleColorEnableButton	2	0
Flexo	FFAddEffectComponentChooserComponentTableCellView	2	0
Flexo	FFAudioAnalysisConfigLabelController	2	0
Flexo	FFAudioAnalysisConfigHumFrequencyController	2	0
Flexo	FFAudioEqualizationLabelController	2	0
Flexo	FFAudioComponentsConfigSummaryWaveformManager	2	0
Flexo	FFAudioComponentsConfigTextViewCell	2	0
Flexo	FFAudioComponentsConfigTextView	2	0
Flexo	FFAudioComponentsConfigPopUpButtonCell	2	0
Flexo	FFAudioPanLabelController	2	0
Flexo	FFAudioPanSettingsParamController	2	0
Flexo	FFAudioPanBrickController	2	0
Flexo	FFAuditionCollectionViewFlowLayout	2	0
Flexo	FFAuditionScroller	2	0
Flexo	FFAuditionCollectionViewItemView	2	0
Flexo	FFOrganizerEffectLibraryCollectionView	2	0
Flexo	FFEffectLibraryThemePickerView	2	0
Flexo	FFInspectorAudioBadgeFolderLabelController	2	0
Flexo	FFInspectorAudioResetAnimStateCell	2	0
Flexo	FFInspectorBooleanParameterController	2	0
Flexo	_FFInspectorLabelParameterHeaderController	2	0
Flexo	FFInspectorCollapsableContainerController	2	0
Flexo	FFInspectorHeaderAccessoryView	2	0
Flexo	FFInspectorEffectBrickHeadingController	2	0
Flexo	FFInspectorEffectBundleBrickController	2	0
Flexo	FFInspectorEffectsSectionAppearance	2	0
Flexo	_FFMediaExtensionHeaderController	2	0
Flexo	_FFFileInfoTileHeaderBackgroundView	2	0
Flexo	FFInspectorFolderLabelTextField	2	0
Flexo	FFInspectorModuleColorOZViewCtlrDelegate	2	0
Flexo	FFInspectorModuleColorHeaderOZViewCtlrDelegate	2	0
Flexo	FFInspectorModuleColorMasksHeaderOZViewCtlrDelegate	2	0
Flexo	_FFLibraryContainerController	2	0
Flexo	_FFMetadataTokenizedStringItem	2	0
Flexo	_FFMetadataStringifiedEnumItem	2	0
Flexo	_FFProjectPropertiesDescriptionItem	2	0
Flexo	_FFProjectSharingTokenizedStringItem	2	0
Flexo	_FFProjectSharingHeadlessContainerController	2	0
Flexo	FFInspectorModuleSplitPropertiesColorPrimary	2	0
Flexo	FFInspectorModuleVideoOZViewCtlrDelegate	2	0
Flexo	FFInspectorModuleVideoEffectOZViewCtlrDelegate	2	0
Flexo	FFOZChannelBridgeInspectorHostView	2	0
Flexo	FFInspectorTextCellView	2	0
Flexo	FFInspectorTextField	2	0
Flexo	FFInspectorTextFieldCell	2	0
Flexo	FFInspectorTimecodeDisplayFormatter	2	0
Flexo	FFInspectorVideoEffectsDraggingContext	2	0
Flexo	FFEventLibrarySidebarButtonView	2	0
Flexo	FFEventLibraryModuleSplitView	2	0
Flexo	FFEventLibrarySplitView	2	0
Flexo	FFOrganizerFilmListOutlineBackgroundScrollView	2	0
Flexo	FFEventEmptyStateButtonLayer	2	0
Flexo	FigTimeRangeAndObject	2	0
Flexo	FFOrganizerMediaDetailHeaderView	2	0
Flexo	ProMSMediaServerIPC	2	0
Flexo	FFGrayBackgroundView	2	0
Flexo	FFMDAllProjectsPopoverViewController	2	0
Flexo	FFMDAppleTVModule	2	0
Flexo	FFMDPhotoStackBackgroundLayer	2	0
Flexo	FFMDPhotoLibraryHeaderButtonCell	2	0
Flexo	PHObject	2	0
Flexo	FFConsumerSidebarProjectMediaSectionNode	2	0
Flexo	FFProjectExtrasSectionNode	2	0
Flexo	FFOrganizerSplitView	2	0
Flexo	FFRoleColorPickerTableView	2	0
Flexo	FFHeaderRoleTableCellView	2	0
Flexo	FFRoleGroupOverridePopupController	2	0
Flexo	FFShareDestinationVideoPresetsMakerAudioOnlyCase	2	0
Flexo	FFTheaterEmptyStateButtonLayer	2	0
Flexo	FFWaveformBackgroundLayer	2	0
Flexo	FFWaveformRasterLabelLayer	2	0
Flexo	FFAutoKeyframingEnabledObserver	2	0
Flexo	FFLibraryManagerSaveDelegate	2	0
Flexo	FFNamingPresetTableView	2	0
Flexo	FFRigInspectorBuildContext	2	0
Flexo	PopUpButtonTextField	2	0
Flexo	FFDisplayLinkCallbackHelper	2	0
Flexo	FFSourceMetadataCG	2	0
Flexo	FFDisabledExtensionInfo	2	0
Flexo	FFStreamFigExternalTokenRetainer	2	0
Flexo	FFSourceMetadataFig	2	0
Flexo	PETimelineItemHighlightLayer	2	0
Flexo	FFStreamSharerTokenRetainerObject	2	0
Flexo	FFRADIngestProgressWindowController	2	0
Flexo	FFSegmentationMaskStrokeLayer	2	0
Flexo	FFAudioVolumeToolObjectInfo	2	0
Flexo	FFFontSettingsPopUpButtonCell	2	0
Flexo	FFSharePanelAudioParentBrickViewController	2	0
Flexo	FFSharePanelVideoParentBrickViewController	2	0
Flexo	FFSharePanelEditAudioTrackViewController	2	0
Flexo	FFSharePanelEditVideoTrackViewController	2	0
Flexo	FFRoleListBrickView	2	0
Flexo	FFSharePanelButtonCell	2	0
Flexo	FFFirstResponderView	2	0
Flexo	FFBackgroundShareOperationUserNotificationFactoryConsumer	2	0
Flexo	FFBackgroundShareOperationUserNotificationFactoryPro	2	0
Flexo	NSColor	2	0
Flexo	NSSortDescriptor	2	0
Flexo	FFAudioPreprocessorNormalize	2	0
Flexo	FFMXFMovieWriterHDRMetadata	2	0
Flexo	FFAudioSampleRateFormatter	2	0
Flexo	FFBooleanNumberFormatter	2	0
Flexo	FFFloatArrayFormatter	2	0
Flexo	FFStringArrayFormatter	2	0
Flexo	FFStringFormatter	2	0
Flexo	FFStringSetFormatter	2	0
Flexo	FFTokenizedStringFormatter	2	0
Flexo	FFRoundedWindow	2	0
Flexo	NSException	2	0
Flexo	FFDisabledBufferPoolManager	2	0
Flexo	FFDisableLatencyCompensationPreferenceObserver	2	0
Flexo	FFFlippableView	2	0
Flexo	FFMDUIEmptyStateButtonLabelLayer	2	0
Flexo	FFNotificationState	2	0
Flexo	NSKeyedUnarchiver	2	0
Flexo	FFSmallCapsUtilities	2	0
Flexo	FFSubscriptionUtils	2	0
Flexo	FFThreadStorage	2	0
Flexo	NSValueTransformer	2	0
Flexo	FFTipSetupHelper	2	0
Helium	std::__1::vector<HGRef<HGParamField>, std::__1::allocator<HGRef<HGParamField>>>	2	0
Helium	std::__1::shared_ptr<HGComputeDevice const>	2	0
Helium	std::__1::vector<HGRect, std::__1::allocator<HGRect>>	2	0
Helium	non-virtual thunk to std::__1::basic_stringstream<char, std::__1::char_traits<char>, std::__1::allocator<char>>	2	0
Helium	virtual thunk to std::__1::basic_stringstream<char, std::__1::char_traits<char>, std::__1::allocator<char>>	2	0
Helium	HGTraversal::IterativeUniqueTraversal<(HGTraversal::NodeInput)1, (HGTraversal::IteratorOrder)0, (HGTraversal::TraversalOrder)0, (HGTraversal::InputOrder)0>::Visitor	2	0
Helium	HGRef<HGBitmap>* std::__1::vector<HGRef<HGBitmap>, std::__1::allocator<HGRef<HGBitmap>>>	2	0
Helium	std::__1::deque<unsigned long, std::__1::allocator<unsigned long>>	2	0
Helium	std::__1::vector<HGRef<HGPixelBufferObj>, std::__1::allocator<HGRef<HGPixelBufferObj>>>	2	0
Helium	void std::__1::__split_buffer<HGTextureManager::TextureEntry*, std::__1::allocator<HGTextureManager::TextureEntry*>>::emplace_back<HGTextureManager	2	0
Helium	void std::__1::__split_buffer<TextureDeleteQueue::DeleteRequest*, std::__1::allocator<TextureDeleteQueue::DeleteRequest*>>::emplace_back<TextureDeleteQueue	2	0
Helium	void std::__1::__split_buffer<HGPool::Entry<__CVBuffer*, HGCVPixelBufferPool::Descriptor>*, std::__1::allocator<HGPool::Entry<__CVBuffer*, HGCVPixelBufferPool::Descriptor>*>>::emplace_back<HGPool::Entry<__CVBuffer*, HGCVPixelBufferPool	2	0
Helium	void std::__1::__split_buffer<HGPool::Entry<id<MTLHeap>, HGMetalHeapPool::Descriptor>*, std::__1::allocator<HGPool::Entry<id<MTLHeap>, HGMetalHeapPool::Descriptor>>>::emplace_back<HGPool::Entry<id<MTLHeap>, HGMetalHeapPool	2	0
Helium	void std::__1::__split_buffer<HGPool::Entry<id<MTLBuffer>, HGMetalBufferPool::Descriptor>*, std::__1::allocator<HGPool::Entry<id<MTLBuffer>, HGMetalBufferPool::Descriptor>>>::emplace_back<HGPool::Entry<id<MTLBuffer>, HGMetalBufferPool	2	0
Helium	void std::__1::__split_buffer<HGPool::Entry<id<MTLBuffer>, HGMetalBufferWrapperInfinipool::Descriptor>*, std::__1::allocator<HGPool::Entry<id<MTLBuffer>, HGMetalBufferWrapperInfinipool::Descriptor>>>::emplace_back<HGPool::Entry<id<MTLBuffer>, HGMetalBufferWrapperInfinipool	2	0
Helium	void std::__1::__split_buffer<HGPool::Entry<id<MTLTexture>, HGMetalTexturePool::Descriptor>*, std::__1::allocator<HGPool::Entry<id<MTLTexture>, HGMetalTexturePool::Descriptor>>>::emplace_back<HGPool::Entry<id<MTLTexture>, HGMetalTexturePool	2	0
Helium	void std::__1::__split_buffer<HGPool::Entry<id<MTLTexture>, HGMetalTextureWrapperInfinipool::Descriptor>*, std::__1::allocator<HGPool::Entry<id<MTLTexture>, HGMetalTextureWrapperInfinipool::Descriptor>>>::emplace_back<HGPool::Entry<id<MTLTexture>, HGMetalTextureWrapperInfinipool	2	0
Helium	void std::__1::__split_buffer<HGMemoryManager::Block**, std::__1::allocator<HGMemoryManager::Block**>>::emplace_back<HGMemoryManager	2	0
Helium	HGRef<HGNode>* std::__1::vector<HGRef<HGNode>, std::__1::allocator<HGRef<HGNode>>>	2	0
Helium	std::__1::list<HGGPUReadbackJob*, std::__1::allocator<HGGPUReadbackJob*>>	2	0
Helium	std::__1::list<HGRenderExecUnit*, std::__1::allocator<HGRenderExecUnit*>>	2	0
Helium	std::__1::list<HGUserJob*, std::__1::allocator<HGUserJob*>>	2	0
Helium	std::__1::vector<HGLayerParams, std::__1::allocator<HGLayerParams>>	2	0
Helium	std::__1::vector<float, std::__1::allocator<float>>	2	0
Helium	std::__1::vector<HGBinding, std::__1::allocator<HGBinding>>	2	0
Helium	HGBinding* std::__1::vector<HGBinding, std::__1::allocator<HGBinding>>	2	0
Helium	HGDefaultPolicies	2	0
Helium	void std::__1::__split_buffer<HGMemoryManager::Block**, std::__1::allocator<HGMemoryManager::Block**>>::emplace_front<HGMemoryManager	2	0
Helium	std::__1::deque<TextureDeleteQueue::DeleteRequest, std::__1::allocator<TextureDeleteQueue::DeleteRequest>>	2	0
Helium	HGMetalTexturePool::Descriptor	2	0
Helium	HGPool::List<id<MTLTexture>, HGMetalTexturePool::Descriptor, true>	2	0
Helium	HGPool::Entry<id<MTLTexture>, HGMetalTexturePool::Descriptor>	2	0
Helium	std::__1::bad_function_call	2	0
Helium	HGTiming	2	0
Helium	HGStorage3DLUT	2	0
Helium	unsigned long HGPool::GroupServicingPolicy::_maxValue<(HGPool::GroupServicingPolicy	2	0
Helium	operator<<(std::__1::basic_ostream<char, std::__1::char_traits<char>>&, HGDotGraph	2	0
Helium	virtual thunk to std::__1::basic_ostringstream<char, std::__1::char_traits<char>, std::__1::allocator<char>>	2	0
Helium	std::__1::vector<HGNode*, std::__1::allocator<HGNode*>>	2	0
Helium	__HGStats_private::operator<<(std::__1::basic_ostream<char, std::__1::char_traits<char>>&, __HGStats_private::NodeOut<HGNode const>	2	0
Helium	__HGStats_private::operator<<(std::__1::basic_ostream<char, std::__1::char_traits<char>>&, __HGStats_private::NodeOut<HGNode>	2	0
Helium	__HGStats_private::operator<<(std::__1::basic_ostream<char, std::__1::char_traits<char>>&, __HGStats_private::NodeOut<std::type_info const>	2	0
Helium	__HGStats_private::operator<<(std::__1::basic_ostream<char, std::__1::char_traits<char>>&, __HGStats_private::NodeOut<std::type_info>	2	0
Helium	void __HGStats_private	2	0
Helium	void __HGStats_private::probe<std	2	0
Helium	void __HGStats_private::OpStats<__HGStats_private::StatsProfile>::merge<__HGStats_private	2	0
Helium	void __HGStats_private::printNodeStats<HGNode, __HGStats_private	2	0
Helium	HGTraversal::IterativeUniqueTraversal<(HGTraversal::NodeInput)0, (HGTraversal::IteratorOrder)0, (HGTraversal::TraversalOrder)0, (HGTraversal::InputOrder)0>::Visitor	2	0
Helium	HGTraversal::IterativeUniqueTraversal<(HGTraversal::NodeInput)0, (HGTraversal::IteratorOrder)1, (HGTraversal::TraversalOrder)1, (HGTraversal::InputOrder)1>::Visitor	2	0
Helium	HGTraversal::IterativeUniqueTraversal<(HGTraversal::NodeInput)0, (HGTraversal::IteratorOrder)0, (HGTraversal::TraversalOrder)1, (HGTraversal::InputOrder)1>::Visitor	2	0
Helium	HGTraversal::IterativeUniqueTraversal<(HGTraversal::NodeInput)1, (HGTraversal::IteratorOrder)1, (HGTraversal::TraversalOrder)1, (HGTraversal::InputOrder)1>::Visitor	2	0
Helium	HGTraversal::IterativeUniqueTraversal<(HGTraversal::NodeInput)1, (HGTraversal::IteratorOrder)0, (HGTraversal::TraversalOrder)1, (HGTraversal::InputOrder)1>::Visitor	2	0
Helium	std::__1::vector<std::__1::basic_string<char, std::__1::char_traits<char>, std::__1::allocator<char>>, std::__1::allocator<std::__1::basic_string<char, std::__1::char_traits<char>, std::__1::allocator<char>>>>	2	0
Helium	HGArray<HGRect, (HGFormat)0>	2	0
Helium	HGArray<HEdge*, (HGFormat)0>	2	0
Helium	HGArray<HGNode*, (HGFormat)0>	2	0
Helium	std::__1::basic_ifstream<char, std::__1::char_traits<char>>	2	0
Helium	virtual thunk to std::__1::basic_ifstream<char, std::__1::char_traits<char>>	2	0
Helium	HGYUVPlanar	2	0
Helium	StatsAccumulator	2	0
Helium	std::__1::map<char const*, HGColorConform::hgColorConformRAWToLogEncoding, std::__1::less<char const*>, std::__1::allocator<std::__1::pair<char const* const, HGColorConform::hgColorConformRAWToLogEncoding>>>	2	0
Helium	std::__1::map<char const*, std::__1::pair<HGColorConform::hgColorConformLogLinearization, HGColorGamma::hgColorGammaLogGamut>, std::__1::less<char const*>, std::__1::allocator<std::__1::pair<char const* const, std::__1::pair<HGColorConform::hgColorConformLogLinearization, HGColorGamma::hgColorGammaLogGamut>>>>	2	0
Helium	operator<<(std::__1::basic_ostream<char, std::__1	2	0
Helium	HGPrefilterUtils	2	0
Helium	std::__1::vector<std::__1::shared_ptr<HGGPUComputeDevice const>, std::__1::allocator<std::__1::shared_ptr<HGGPUComputeDevice const>>>	2	0
Helium	HGPage	2	0
Helium	std::__1::vector<HGNodeChain, std::__1::allocator<HGNodeChain>>	2	0
Helium	virtual thunk to ROIStatIO	2	0
Helium	std::__1::vector<ROIStatIO::ROITestSet, std::__1::allocator<ROIStatIO::ROITestSet>>	2	0
Helium	virtual thunk to std::__1::basic_ofstream<char, std::__1::char_traits<char>>	2	0
Helium	HGCGL::RendererProperties	2	0
Helium	std::__1::vector<int, std::__1::allocator<int>>	2	0
Helium	virtual thunk to std::__1::basic_istringstream<char, std::__1::char_traits<char>, std::__1::allocator<char>>	2	0
Helium	std::__1::vector<std::__1::pair<HGProgramDescriptor::InputType, HGRef<HGProgramDescriptor>>, std::__1::allocator<std::__1::pair<HGProgramDescriptor::InputType, HGRef<HGProgramDescriptor>>>>	2	0
Helium	HGMetalHeapPool::Descriptor	2	0
Helium	HGPool::List<id<MTLHeap>, HGMetalHeapPool::Descriptor, true>	2	0
Helium	HGMetalBufferWrapperInfinipool::Descriptor	2	0
Helium	HGPool::List<id<MTLBuffer>, HGMetalBufferWrapperInfinipool::Descriptor, true>	2	0
Helium	HGMetalTextureWrapperInfinipool::Descriptor	2	0
Helium	HGPool::List<id<MTLTexture>, HGMetalTextureWrapperInfinipool::Descriptor, true>	2	0
Helium	bool HGMetalTexture::_canCreateTiledTexture<(HGMetalTexture	2	0
Helium	bool HGMetalTexture::_canCreateLinearTexture<(HGMetalTexture	2	0
Helium	HGMetalBufferPool::Descriptor	2	0
Helium	HGPool::List<id<MTLBuffer>, HGMetalBufferPool::Descriptor, true>	2	0
Helium	std::__1::vector<float vector[4], std::__1::allocator<float vector[4]>>	2	0
Helium	HGBitmap* HGHWBlend	2	0
Helium	std::__1::basic_string<char, std::__1::char_traits<char>, std::__1	2	0
Helium	std::__1::vector<unsigned char, std::__1::allocator<unsigned char>>	2	0
Helium	HGPool::List<__CVBuffer*, HGCVPixelBufferPool::Descriptor, true>	2	0
Helium	std::__1::deque<SessionInfo, std::__1::allocator<SessionInfo>>	2	0
Helium	HGBS	2	0
ProChannel	void std::__1::__call_once_proxy[abi:nqe210106]<std::__1::tuple<OZChannelBase_Factory::getInstance()	1	0
ProChannel	std::__1::__invoke_result_impl<void, OZChannelBase_Factory::getInstance()::'lambda'()>::type std::__1::__invoke[abi:nqe210106]<OZChannelBase_Factory::getInstance()	1	0
ProChannel	void std::__1::__call_once_proxy[abi:nqe210106]<std::__1::tuple<OZChannel_Factory::getInstance()	1	0
ProChannel	std::__1::__invoke_result_impl<void, OZChannel_Factory::getInstance()::'lambda'()>::type std::__1::__invoke[abi:nqe210106]<OZChannel_Factory::getInstance()	1	0
ProChannel	void std::__1::__call_once_proxy[abi:nqe210106]<std::__1::tuple<OZChannelDouble_Factory::getInstance()	1	0
ProChannel	std::__1::__invoke_result_impl<void, OZChannelDouble_Factory::getInstance()::'lambda'()>::type std::__1::__invoke[abi:nqe210106]<OZChannelDouble_Factory::getInstance()	1	0
ProChannel	void std::__1::__call_once_proxy[abi:nqe210106]<std::__1::tuple<OZChannelDouble::createOZChannelDoubleImpl()	1	0
ProChannel	void std::__1::__call_once_proxy[abi:nqe210106]<std::__1::tuple<OZCurveDoubleSplineState::getInstance()	1	0
ProChannel	std::__1::__invoke_result_impl<void, OZCurveDoubleSplineState::getInstance()::'lambda'()>::type std::__1::__invoke[abi:nqe210106]<OZCurveDoubleSplineState::getInstance()	1	0
ProChannel	void std::__1::__call_once_proxy[abi:nqe210106]<std::__1::tuple<OZChannelBool_Factory::getInstance()	1	0
ProChannel	std::__1::__invoke_result_impl<void, OZChannelBool_Factory::getInstance()::'lambda'()>::type std::__1::__invoke[abi:nqe210106]<OZChannelBool_Factory::getInstance()	1	0
ProChannel	void std::__1::__call_once_proxy[abi:nqe210106]<std::__1::tuple<OZChannelUint32::createOZChannelUint32Info()	1	0
ProChannel	std::__1::__invoke_result_impl<void, OZChannelUint32::createOZChannelUint32Info()::'lambda'()>::type std::__1::__invoke[abi:nqe210106]<OZChannelUint32::createOZChannelUint32Info()	1	0
ProChannel	void std::__1::__call_once_proxy[abi:nqe210106]<std::__1::tuple<OZChannelUint32::createOZChannelUint32Impl()	1	0
ProChannel	void std::__1::__call_once_proxy[abi:nqe210106]<std::__1::tuple<OZChannelAngle_Factory::getInstance()	1	0
ProChannel	std::__1::__invoke_result_impl<void, OZChannelAngle_Factory::getInstance()::'lambda'()>::type std::__1::__invoke[abi:nqe210106]<OZChannelAngle_Factory::getInstance()	1	0
ProChannel	void std::__1::__call_once_proxy[abi:nqe210106]<std::__1::tuple<OZChannelAngle::createOZChannelAngleImpl()	1	0
ProChannel	void std::__1::__call_once_proxy[abi:nqe210106]<std::__1::tuple<OZChannelPercent_Factory::getInstance()	1	0
ProChannel	std::__1::__invoke_result_impl<void, OZChannelPercent_Factory::getInstance()::'lambda'()>::type std::__1::__invoke[abi:nqe210106]<OZChannelPercent_Factory::getInstance()	1	0
ProChannel	void std::__1::__call_once_proxy[abi:nqe210106]<std::__1::tuple<OZChannelShearAngle_Factory::getInstance()	1	0
ProChannel	std::__1::__invoke_result_impl<void, OZChannelShearAngle_Factory::getInstance()::'lambda'()>::type std::__1::__invoke[abi:nqe210106]<OZChannelShearAngle_Factory::getInstance()	1	0
ProChannel	void std::__1::__call_once_proxy[abi:nqe210106]<std::__1::tuple<OZChannelShearAngle::createOZChannelShearAngleInfo()	1	0
ProChannel	std::__1::__invoke_result_impl<void, OZChannelShearAngle::createOZChannelShearAngleInfo()::'lambda'()>::type std::__1::__invoke[abi:nqe210106]<OZChannelShearAngle::createOZChannelShearAngleInfo()	1	0
ProChannel	void std::__1::__call_once_proxy[abi:nqe210106]<std::__1::tuple<OZChannelShearAngle::createOZChannelShearAngleImpl()	1	0
ProChannel	void std::__1::__call_once_proxy[abi:nqe210106]<std::__1::tuple<OZChannelAspectRatio_Factory::getInstance()	1	0
ProChannel	std::__1::__invoke_result_impl<void, OZChannelAspectRatio_Factory::getInstance()::'lambda'()>::type std::__1::__invoke[abi:nqe210106]<OZChannelAspectRatio_Factory::getInstance()	1	0
ProChannel	void std::__1::__call_once_proxy[abi:nqe210106]<std::__1::tuple<OZChannelAspectRatio::createOZChannelAspectRatioInfo()	1	0
ProChannel	std::__1::__invoke_result_impl<void, OZChannelAspectRatio::createOZChannelAspectRatioInfo()::'lambda'()>::type std::__1::__invoke[abi:nqe210106]<OZChannelAspectRatio::createOZChannelAspectRatioInfo()	1	0
ProChannel	void std::__1::__call_once_proxy[abi:nqe210106]<std::__1::tuple<OZChannelAspectRatio::createOZChannelAspectRatioImpl()	1	0
ProChannel	void std::__1::__call_once_proxy[abi:nqe210106]<std::__1::tuple<OZChannelAspectRatioFootage_Factory::getInstance()	1	0
ProChannel	std::__1::__invoke_result_impl<void, OZChannelAspectRatioFootage_Factory::getInstance()::'lambda'()>::type std::__1::__invoke[abi:nqe210106]<OZChannelAspectRatioFootage_Factory::getInstance()	1	0
ProChannel	void std::__1::__call_once_proxy[abi:nqe210106]<std::__1::tuple<OZChannelAspectRatioFootage::createOZChannelAspectRatioFootageInfo()	1	0
ProChannel	std::__1::__invoke_result_impl<void, OZChannelAspectRatioFootage::createOZChannelAspectRatioFootageInfo()::'lambda'()>::type std::__1::__invoke[abi:nqe210106]<OZChannelAspectRatioFootage::createOZChannelAspectRatioFootageInfo()	1	0
ProChannel	void std::__1::__call_once_proxy[abi:nqe210106]<std::__1::tuple<OZChannelAspectRatioFootage::createOZChannelAspectRatioFootageImpl()	1	0
ProChannel	void std::__1::__call_once_proxy[abi:nqe210106]<std::__1::tuple<OZChannelGammaFootage_Factory::getInstance()	1	0
ProChannel	std::__1::__invoke_result_impl<void, OZChannelGammaFootage_Factory::getInstance()::'lambda'()>::type std::__1::__invoke[abi:nqe210106]<OZChannelGammaFootage_Factory::getInstance()	1	0
ProChannel	void std::__1::__call_once_proxy[abi:nqe210106]<std::__1::tuple<OZChannelGammaFootage::createOZChannelGammaFootageInfo()	1	0
ProChannel	std::__1::__invoke_result_impl<void, OZChannelGammaFootage::createOZChannelGammaFootageInfo()::'lambda'()>::type std::__1::__invoke[abi:nqe210106]<OZChannelGammaFootage::createOZChannelGammaFootageInfo()	1	0
ProChannel	void std::__1::__call_once_proxy[abi:nqe210106]<std::__1::tuple<OZChannelGammaFootage::createOZChannelGammaFootageImpl()	1	0
ProChannel	void std::__1::__call_once_proxy[abi:nqe210106]<std::__1::tuple<OZCompoundChannel_Factory::getInstance()	1	0
ProChannel	std::__1::__invoke_result_impl<void, OZCompoundChannel_Factory::getInstance()::'lambda'()>::type std::__1::__invoke[abi:nqe210106]<OZCompoundChannel_Factory::getInstance()	1	0
ProChannel	void std::__1::__call_once_proxy[abi:nqe210106]<std::__1::tuple<OZChannel2D_Factory::getInstance()	1	0
ProChannel	std::__1::__invoke_result_impl<void, OZChannel2D_Factory::getInstance()::'lambda'()>::type std::__1::__invoke[abi:nqe210106]<OZChannel2D_Factory::getInstance()	1	0
ProChannel	void std::__1::__call_once_proxy[abi:nqe210106]<std::__1::tuple<OZChannel3D_Factory::getInstance()	1	0
ProChannel	std::__1::__invoke_result_impl<void, OZChannel3D_Factory::getInstance()::'lambda'()>::type std::__1::__invoke[abi:nqe210106]<OZChannel3D_Factory::getInstance()	1	0
ProChannel	void std::__1::__call_once_proxy[abi:nqe210106]<std::__1::tuple<OZChannelPosition3D_Factory::getInstance()	1	0
ProChannel	std::__1::__invoke_result_impl<void, OZChannelPosition3D_Factory::getInstance()::'lambda'()>::type std::__1::__invoke[abi:nqe210106]<OZChannelPosition3D_Factory::getInstance()	1	0
ProChannel	void std::__1::__call_once_proxy[abi:nqe210106]<std::__1::tuple<OZChannelRotation3D_Factory::getInstance()	1	0
ProChannel	std::__1::__invoke_result_impl<void, OZChannelRotation3D_Factory::getInstance()::'lambda'()>::type std::__1::__invoke[abi:nqe210106]<OZChannelRotation3D_Factory::getInstance()	1	0
ProChannel	void std::__1::__call_once_proxy[abi:nqe210106]<std::__1::tuple<OZChannelColorNoAlpha_Factory::getInstance()	1	0
ProChannel	std::__1::__invoke_result_impl<void, OZChannelColorNoAlpha_Factory::getInstance()::'lambda'()>::type std::__1::__invoke[abi:nqe210106]<OZChannelColorNoAlpha_Factory::getInstance()	1	0
ProChannel	void std::__1::__call_once_proxy[abi:nqe210106]<std::__1::tuple<OZChannelCrop_Factory::getInstance()	1	0
ProChannel	std::__1::__invoke_result_impl<void, OZChannelCrop_Factory::getInstance()::'lambda'()>::type std::__1::__invoke[abi:nqe210106]<OZChannelCrop_Factory::getInstance()	1	0
ProChannel	void std::__1::__call_once_proxy[abi:nqe210106]<std::__1::tuple<OZChannelGradientSampleAlpha_Factory::getInstance()	1	0
ProChannel	std::__1::__invoke_result_impl<void, OZChannelGradientSampleAlpha_Factory::getInstance()::'lambda'()>::type std::__1::__invoke[abi:nqe210106]<OZChannelGradientSampleAlpha_Factory::getInstance()	1	0
ProChannel	void std::__1::__call_once_proxy[abi:nqe210106]<std::__1::tuple<OZChannelButton_Factory::getInstance()	1	0
ProChannel	std::__1::__invoke_result_impl<void, OZChannelButton_Factory::getInstance()::'lambda'()>::type std::__1::__invoke[abi:nqe210106]<OZChannelButton_Factory::getInstance()	1	0
ProChannel	void std::__1::__call_once_proxy[abi:nqe210106]<std::__1::tuple<OZChannelScaleOverRange_Factory::getInstance()	1	0
ProChannel	std::__1::__invoke_result_impl<void, OZChannelScaleOverRange_Factory::getInstance()::'lambda'()>::type std::__1::__invoke[abi:nqe210106]<OZChannelScaleOverRange_Factory::getInstance()	1	0
ProChannel	void std::__1::__call_once_proxy[abi:nqe210106]<std::__1::tuple<OZChannelPercentOverRange_Factory::getInstance()	1	0
ProChannel	std::__1::__invoke_result_impl<void, OZChannelPercentOverRange_Factory::getInstance()::'lambda'()>::type std::__1::__invoke[abi:nqe210106]<OZChannelPercentOverRange_Factory::getInstance()	1	0
ProChannel	void std::__1::__call_once_proxy[abi:nqe210106]<std::__1::tuple<OZChannel2DOverRange_Factory::getInstance()	1	0
ProChannel	std::__1::__invoke_result_impl<void, OZChannel2DOverRange_Factory::getInstance()::'lambda'()>::type std::__1::__invoke[abi:nqe210106]<OZChannel2DOverRange_Factory::getInstance()	1	0
ProChannel	void std::__1::__call_once_proxy[abi:nqe210106]<std::__1::tuple<OZChannelUint16::createOZChannelUint16Info()	1	0
ProChannel	std::__1::__invoke_result_impl<void, OZChannelUint16::createOZChannelUint16Info()::'lambda'()>::type std::__1::__invoke[abi:nqe210106]<OZChannelUint16::createOZChannelUint16Info()	1	0
ProChannel	void std::__1::__call_once_proxy[abi:nqe210106]<std::__1::tuple<OZChannelUint16::createOZChannelUint16Impl()	1	0
ProChannel	void std::__1::__call_once_proxy[abi:nqe210106]<std::__1::tuple<OZChannelSeed_Factory::getInstance()	1	0
ProChannel	std::__1::__invoke_result_impl<void, OZChannelSeed_Factory::getInstance()::'lambda'()>::type std::__1::__invoke[abi:nqe210106]<OZChannelSeed_Factory::getInstance()	1	0
ProChannel	void std::__1::__call_once_proxy[abi:nqe210106]<std::__1::tuple<OZChannelSeed::createOZChannelSeedInfo()	1	0
ProChannel	std::__1::__invoke_result_impl<void, OZChannelSeed::createOZChannelSeedInfo()::'lambda'()>::type std::__1::__invoke[abi:nqe210106]<OZChannelSeed::createOZChannelSeedInfo()	1	0
ProChannel	void std::__1::__call_once_proxy[abi:nqe210106]<std::__1::tuple<OZChannelSeed::createOZChannelSeedImpl()	1	0
ProChannel	void std::__1::__call_once_proxy[abi:nqe210106]<std::__1::tuple<OZChannelDecibel_Factory::getInstance()	1	0
ProChannel	std::__1::__invoke_result_impl<void, OZChannelDecibel_Factory::getInstance()::'lambda'()>::type std::__1::__invoke[abi:nqe210106]<OZChannelDecibel_Factory::getInstance()	1	0
ProChannel	void std::__1::__call_once_proxy[abi:nqe210106]<std::__1::tuple<OZChannelDecibel::createOZChannelDecibelInfo()	1	0
ProChannel	std::__1::__invoke_result_impl<void, OZChannelDecibel::createOZChannelDecibelInfo()::'lambda'()>::type std::__1::__invoke[abi:nqe210106]<OZChannelDecibel::createOZChannelDecibelInfo()	1	0
ProChannel	void std::__1::__call_once_proxy[abi:nqe210106]<std::__1::tuple<OZChannelDecibel::createOZChannelDecibelImpl()	1	0
ProChannel	void std::__1::__call_once_proxy[abi:nqe210106]<std::__1::tuple<OZChannelFrame_Factory::getInstance()	1	0
ProChannel	std::__1::__invoke_result_impl<void, OZChannelFrame_Factory::getInstance()::'lambda'()>::type std::__1::__invoke[abi:nqe210106]<OZChannelFrame_Factory::getInstance()	1	0
ProChannel	void std::__1::__call_once_proxy[abi:nqe210106]<std::__1::tuple<OZChannelFrame::createOZChannelFrameInfo()	1	0
ProChannel	std::__1::__invoke_result_impl<void, OZChannelFrame::createOZChannelFrameInfo()::'lambda'()>::type std::__1::__invoke[abi:nqe210106]<OZChannelFrame::createOZChannelFrameInfo()	1	0
ProChannel	void std::__1::__call_once_proxy[abi:nqe210106]<std::__1::tuple<OZChannelFrame::createOZChannelFrameImpl()	1	0
ProChannel	void std::__1::__call_once_proxy[abi:nqe210106]<std::__1::tuple<OZChannelTimecode_Factory::getInstance()	1	0
ProChannel	std::__1::__invoke_result_impl<void, OZChannelTimecode_Factory::getInstance()::'lambda'()>::type std::__1::__invoke[abi:nqe210106]<OZChannelTimecode_Factory::getInstance()	1	0
ProChannel	void std::__1::__call_once_proxy[abi:nqe210106]<std::__1::tuple<OZChannelTimecode::createOZChannelTimecodeInfo()	1	0
ProChannel	std::__1::__invoke_result_impl<void, OZChannelTimecode::createOZChannelTimecodeInfo()::'lambda'()>::type std::__1::__invoke[abi:nqe210106]<OZChannelTimecode::createOZChannelTimecodeInfo()	1	0
ProChannel	void std::__1::__call_once_proxy[abi:nqe210106]<std::__1::tuple<OZChannelTimecode::createOZChannelTimecodeImpl()	1	0
ProChannel	void std::__1::__call_once_proxy[abi:nqe210106]<std::__1::tuple<OZChannelGradientWithAngle_Factory::getInstance()	1	0
ProChannel	std::__1::__invoke_result_impl<void, OZChannelGradientWithAngle_Factory::getInstance()::'lambda'()>::type std::__1::__invoke[abi:nqe210106]<OZChannelGradientWithAngle_Factory::getInstance()	1	0
ProChannel	std::__1::pair<std::__1::__tree_iterator<std::__1::__value_type<PCUUID, OZFactory*>, std::__1::__tree_node<std::__1::__value_type<PCUUID, OZFactory*>, void*>*, long>, bool> std::__1::__tree<std::__1::__value_type<PCUUID, OZFactory*>, std::__1::__map_value_compare<PCUUID, std::__1::pair<PCUUID const, OZFactory*>, std::__1::less<PCUUID>, true>, std::__1::allocator<std::__1::pair<PCUUID const, OZFactory*>>>::__emplace_unique_key_args<PCUUID, std::__1::piecewise_construct_t const&, std::__1::tuple<PCUUID const&>, std::__1	1	0
ProChannel	std::__1::__tree_node_base<void*>*& std::__1::__tree<std::__1::__value_type<PCUUID, OZFactory*>, std::__1::__map_value_compare<PCUUID, std::__1::pair<PCUUID const, OZFactory*>, std::__1::less<PCUUID>, true>, std::__1::allocator<std::__1::pair<PCUUID const, OZFactory*>>>	1	0
ProChannel	std::__1::pair<std::__1::__tree_iterator<std::__1::__value_type<unsigned int, OZFactory*>, std::__1::__tree_node<std::__1::__value_type<unsigned int, OZFactory*>, void*>*, long>, bool> std::__1::__tree<std::__1::__value_type<unsigned int, OZFactory*>, std::__1::__map_value_compare<unsigned int, std::__1::pair<unsigned int const, OZFactory*>, std::__1::less<unsigned int>, true>, std::__1::allocator<std::__1::pair<unsigned int const, OZFactory*>>>::__emplace_unique_key_args<unsigned int, std::__1::piecewise_construct_t const&, std::__1::tuple<unsigned int const&>, std::__1	1	0
ProChannel	std::__1::__tree<std::__1::__value_type<OZChannelRef, std::__1::vector<_OZKeyframeInfo, std::__1::allocator<_OZKeyframeInfo>>>, std::__1::__map_value_compare<OZChannelRef, std::__1::pair<OZChannelRef const, std::__1::vector<_OZKeyframeInfo, std::__1::allocator<_OZKeyframeInfo>>>, std::__1::less<OZChannelRef>, true>, std::__1::allocator<std::__1::pair<OZChannelRef const, std::__1::vector<_OZKeyframeInfo, std::__1::allocator<_OZKeyframeInfo>>>>>	1	0
ProChannel	std::__1::__tree<std::__1::__value_type<OZFactory const*, (anonymous namespace)::ThreadSpecific*>, std::__1::__map_value_compare<OZFactory const*, std::__1::pair<OZFactory const* const, (anonymous namespace)::ThreadSpecific*>, std::__1::less<OZFactory const*>, true>, std::__1::allocator<std::__1::pair<OZFactory const* const, (anonymous namespace)::ThreadSpecific*>>>	1	0
ProChannel	void std::__1::__tree_balance_after_insert[abi:nqe210106]<std::__1	1	0
ProChannel	std::__1::__allocation_result<std::__1::allocator_traits<std::__1::allocator<_OZKeyframeInfo>>::pointer> std::__1::__allocate_at_least[abi:nqe210106]<std::__1	1	0
ProChannel	void std::__1::__call_once_proxy[abi:nqe210106]<std::__1::tuple<OZChannelUint32_Factory::getInstance()	1	0
ProChannel	std::__1::__invoke_result_impl<void, OZChannelUint32_Factory::getInstance()::'lambda'()>::type std::__1::__invoke[abi:nqe210106]<OZChannelUint32_Factory::getInstance()	1	0
ProChannel	void std::__1::__call_once_proxy[abi:nqe210106]<std::__1::tuple<OZChannelUint16_Factory::getInstance()	1	0
ProChannel	std::__1::__invoke_result_impl<void, OZChannelUint16_Factory::getInstance()::'lambda'()>::type std::__1::__invoke[abi:nqe210106]<OZChannelUint16_Factory::getInstance()	1	0
ProChannel	std::__1::__allocation_result<std::__1::allocator_traits<std::__1::allocator<std::__1::pair<OZChannel*, std::__1::vector<_OZKeyframeInfo, std::__1::allocator<_OZKeyframeInfo>>>>>::pointer> std::__1::__allocate_at_least[abi:nqe210106]<std::__1::allocator<std::__1::pair<OZChannel*, std::__1::vector<_OZKeyframeInfo, std::__1	1	0
ProChannel	PCCFRef<__CFArray const*>	1	0
ProChannel	std::__1::__allocation_result<std::__1::allocator_traits<std::__1::allocator<PCString>>::pointer> std::__1::__allocate_at_least[abi:nqe210106]<std::__1	1	0
ProChannel	std::__1::__allocation_result<std::__1::allocator_traits<std::__1::allocator<OZCurveNode*>>::pointer> std::__1::__allocate_at_least[abi:nqe210106]<std::__1	1	0
ProChannel	std::__1::__allocation_result<std::__1::allocator_traits<std::__1::allocator<OZChannelBase*>>::pointer> std::__1::__allocate_at_least[abi:nqe210106]<std::__1	1	0
ProChannel	std::__1::__allocation_result<std::__1::allocator_traits<std::__1::allocator<OZVertex*>>::pointer> std::__1::__allocate_at_least[abi:nqe210106]<std::__1	1	0
ProChannel	std::__1::__allocation_result<std::__1::allocator_traits<std::__1::allocator<void*>>::pointer> std::__1::__allocate_at_least[abi:nqe210106]<std::__1	1	0
ProChannel	std::__1::__allocation_result<std::__1::allocator_traits<std::__1::allocator<double>>::pointer> std::__1::__allocate_at_least[abi:nqe210106]<std::__1	1	0
ProChannel	std::__1::__allocation_result<std::__1::allocator_traits<std::__1::allocator<unsigned long>>::pointer> std::__1::__allocate_at_least[abi:nqe210106]<std::__1	1	0
ProChannel	std::__1::__allocation_result<std::__1::allocator_traits<std::__1::allocator<PCVector2<double>>>::pointer> std::__1::__allocate_at_least[abi:nqe210106]<std::__1	1	0
ProChannel	std::__1::__allocation_result<std::__1::allocator_traits<std::__1::allocator<std::__1::pair<OZCurveNode*, OZCurveNodeParam*>>>::pointer> std::__1::__allocate_at_least[abi:nqe210106]<std::__1::allocator<std::__1	1	0
ProChannel	std::__1::__allocation_result<std::__1::allocator_traits<std::__1::allocator<RecordingCallbackData>>::pointer> std::__1::__allocate_at_least[abi:nqe210106]<std::__1	1	0
ProChannel	std::__1::__allocation_result<std::__1::allocator_traits<std::__1::allocator<CMTime>>::pointer> std::__1::__allocate_at_least[abi:nqe210106]<std::__1	1	0
ProChannel	void std::__1::__split_buffer<OZCurveNode*, std::__1::allocator<OZCurveNode*>&>	1	0
ProChannel	void std::__1::vector<OZCurveNode*, std::__1::allocator<OZCurveNode*>>	1	0
ProChannel	PCVector2<double>* std::__1::vector<PCVector2<double>, std::__1::allocator<PCVector2<double>>>	1	0
ProChannel	std::__1::vector<OZDynamicVertex, std::__1::allocator<OZDynamicVertex>>::__destroy_vector	1	0
ProChannel	OZDynamicVertex* std::__1::vector<OZDynamicVertex, std::__1::allocator<OZDynamicVertex>>	1	0
ProChannel	std::__1::__allocation_result<std::__1::allocator_traits<std::__1::allocator<OZDynamicVertex>>::pointer> std::__1::__allocate_at_least[abi:nqe210106]<std::__1	1	0
ProChannel	std::__1::__split_buffer<OZDynamicVertex, std::__1::allocator<OZDynamicVertex>&>	1	0
ProChannel	std::__1::__list_imp<OZStaticVertex*, std::__1::allocator<OZStaticVertex*>>	1	0
ProChannel	std::__1::__allocation_result<std::__1::allocator_traits<std::__1::allocator<std::__1::pair<CMTime, std::__1::pair<double, unsigned int>>>>::pointer> std::__1::__allocate_at_least[abi:nqe210106]<std::__1::allocator<std::__1::pair<CMTime, std::__1	1	0
ProChannel	std::__1::__wrap_iter<OZVertex**> std::__1::vector<OZVertex*, std::__1::allocator<OZVertex*>>::__insert_with_size[abi:nqe210106]<std::__1::__list_iterator<OZStaticVertex*, void*>, std::__1	1	0
ProChannel	void std::__1::vector<CMTime, std::__1::allocator<CMTime>>	1	0
ProChannel	void std::__1::__call_once_proxy[abi:nqe210106]<std::__1::tuple<OZDynamicVertex::OZDynamicVertex_enabledImpl::getInstance()	1	0
ProChannel	std::__1::__invoke_result_impl<void, OZDynamicVertex::OZDynamicVertex_enabledImpl::getInstance()::'lambda'()>::type std::__1::__invoke[abi:nqe210106]<OZDynamicVertex::OZDynamicVertex_enabledImpl::getInstance()	1	0
ProChannel	void std::__1::__call_once_proxy[abi:nqe210106]<std::__1::tuple<OZCurveBoolSplineState::getInstance()	1	0
ProChannel	std::__1::__invoke_result_impl<void, OZCurveBoolSplineState::getInstance()::'lambda'()>::type std::__1::__invoke[abi:nqe210106]<OZCurveBoolSplineState::getInstance()	1	0
ProChannel	void std::__1::__call_once_proxy[abi:nqe210106]<std::__1::tuple<OZDynamicVertex::OZDynamicVertex_biasImpl::getInstance()	1	0
ProChannel	std::__1::__invoke_result_impl<void, OZDynamicVertex::OZDynamicVertex_biasImpl::getInstance()::'lambda'()>::type std::__1::__invoke[abi:nqe210106]<OZDynamicVertex::OZDynamicVertex_biasImpl::getInstance()	1	0
ProChannel	void std::__1::__call_once_proxy[abi:nqe210106]<std::__1::tuple<OZDynamicVertex::OZDynamicVertex_tanInVImpl::getInstance()	1	0
ProChannel	std::__1::__invoke_result_impl<void, OZDynamicVertex::OZDynamicVertex_tanInVImpl::getInstance()::'lambda'()>::type std::__1::__invoke[abi:nqe210106]<OZDynamicVertex::OZDynamicVertex_tanInVImpl::getInstance()	1	0
ProChannel	void std::__1::__call_once_proxy[abi:nqe210106]<std::__1::tuple<OZDynamicVertex::OZDynamicVertex_tanOutVImpl::getInstance()	1	0
ProChannel	std::__1::__invoke_result_impl<void, OZDynamicVertex::OZDynamicVertex_tanOutVImpl::getInstance()::'lambda'()>::type std::__1::__invoke[abi:nqe210106]<OZDynamicVertex::OZDynamicVertex_tanOutVImpl::getInstance()	1	0
ProChannel	void std::__1::vector<double, std::__1::allocator<double>>	1	0
ProChannel	PCXMLWriteStream	1	0
ProChannel	std::__1::deque<PCXMLWriteStream::PCXMLElementInfo, std::__1::allocator<PCXMLWriteStream::PCXMLElementInfo>>	1	0
ProChannel	std::__1::__split_buffer<PCXMLWriteStream::PCXMLElementInfo*, std::__1::allocator<PCXMLWriteStream::PCXMLElementInfo*>>	1	0
ProChannel	void std::__1::__tree_remove[abi:nqe210106]<std::__1	1	0
ProChannel	std::__1::pair<std::__1::__tree_iterator<std::__1::__value_type<OZChannelBase*, OZChannelBase::ResetCallbackDataTable::ResetCallbackData>, std::__1::__tree_node<std::__1::__value_type<OZChannelBase*, OZChannelBase::ResetCallbackDataTable::ResetCallbackData>, void*>*, long>, bool> std::__1::__tree<std::__1::__value_type<OZChannelBase*, OZChannelBase::ResetCallbackDataTable::ResetCallbackData>, std::__1::__map_value_compare<OZChannelBase*, std::__1::pair<OZChannelBase* const, OZChannelBase::ResetCallbackDataTable::ResetCallbackData>, std::__1::less<OZChannelBase*>, true>, std::__1::allocator<std::__1::pair<OZChannelBase* const, OZChannelBase::ResetCallbackDataTable::ResetCallbackData>>>::__emplace_unique_key_args<OZChannelBase*, std::__1::piecewise_construct_t const&, std::__1::tuple<OZChannelBase* const&>, std::__1	1	0
ProChannel	std::__1::vector<std::__1::pair<OZChannel*, std::__1::vector<_OZKeyframeInfo, std::__1::allocator<_OZKeyframeInfo>>>, std::__1::allocator<std::__1::pair<OZChannel*, std::__1::vector<_OZKeyframeInfo, std::__1::allocator<_OZKeyframeInfo>>>>>::__destroy_vector	1	0
ProChannel	std::__1::pair<std::__1::__tree_iterator<std::__1::__value_type<OZChannelRef, std::__1::vector<_OZKeyframeInfo, std::__1::allocator<_OZKeyframeInfo>>>, std::__1::__tree_node<std::__1::__value_type<OZChannelRef, std::__1::vector<_OZKeyframeInfo, std::__1::allocator<_OZKeyframeInfo>>>, void*>*, long>, bool> std::__1::__tree<std::__1::__value_type<OZChannelRef, std::__1::vector<_OZKeyframeInfo, std::__1::allocator<_OZKeyframeInfo>>>, std::__1::__map_value_compare<OZChannelRef, std::__1::pair<OZChannelRef const, std::__1::vector<_OZKeyframeInfo, std::__1::allocator<_OZKeyframeInfo>>>, std::__1::less<OZChannelRef>, true>, std::__1::allocator<std::__1::pair<OZChannelRef const, std::__1::vector<_OZKeyframeInfo, std::__1::allocator<_OZKeyframeInfo>>>>>::__emplace_unique_key_args<OZChannelRef, std::__1::piecewise_construct_t const&, std::__1::tuple<OZChannelRef const&>, std::__1	1	0
ProChannel	std::__1::__tree_node_base<void*>*& std::__1::__tree<std::__1::__value_type<OZChannelRef, std::__1::vector<_OZKeyframeInfo, std::__1::allocator<_OZKeyframeInfo>>>, std::__1::__map_value_compare<OZChannelRef, std::__1::pair<OZChannelRef const, std::__1::vector<_OZKeyframeInfo, std::__1::allocator<_OZKeyframeInfo>>>, std::__1::less<OZChannelRef>, true>, std::__1::allocator<std::__1::pair<OZChannelRef const, std::__1::vector<_OZKeyframeInfo, std::__1::allocator<_OZKeyframeInfo>>>>>	1	0
ProChannel	std::__1::unique_ptr<std::__1::__tree_node<std::__1::__value_type<OZChannelRef, std::__1::vector<_OZKeyframeInfo, std::__1::allocator<_OZKeyframeInfo>>>, void*>, std::__1::__tree_node_destructor<std::__1::allocator<std::__1::__tree_node<std::__1::__value_type<OZChannelRef, std::__1::vector<_OZKeyframeInfo, std::__1::allocator<_OZKeyframeInfo>>>, void*>>>> std::__1::__tree<std::__1::__value_type<OZChannelRef, std::__1::vector<_OZKeyframeInfo, std::__1::allocator<_OZKeyframeInfo>>>, std::__1::__map_value_compare<OZChannelRef, std::__1::pair<OZChannelRef const, std::__1::vector<_OZKeyframeInfo, std::__1::allocator<_OZKeyframeInfo>>>, std::__1::less<OZChannelRef>, true>, std::__1::allocator<std::__1::pair<OZChannelRef const, std::__1::vector<_OZKeyframeInfo, std::__1::allocator<_OZKeyframeInfo>>>>>::__construct_node<std::__1::piecewise_construct_t const&, std::__1::tuple<OZChannelRef const&>, std::__1	1	0
ProChannel	std::__1::unique_ptr<std::__1::__tree_node<std::__1::__value_type<OZChannelRef, std::__1::vector<_OZKeyframeInfo, std::__1::allocator<_OZKeyframeInfo>>>, void*>, std::__1::__tree_node_destructor<std::__1::allocator<std::__1::__tree_node<std::__1::__value_type<OZChannelRef, std::__1::vector<_OZKeyframeInfo, std::__1::allocator<_OZKeyframeInfo>>>, void*>>>>	1	0
ProChannel	void std::__1::__destroy_at[abi:nqe210106]<std::__1::pair<OZChannelRef const, std::__1::vector<_OZKeyframeInfo, std::__1	1	0
ProChannel	int std::__1::basic_string<char, std::__1::char_traits<char>, std::__1::allocator<char>>::compare[abi:nqe210106]<std::__1::basic_string_view<char, std::__1	1	0
ProChannel	PCLockSentry<PCMutex>	1	0
ProChannel	PCSerializer	1	0
ProChannel	void std::__1::__call_once_proxy[abi:nqe210106]<std::__1::tuple<OZChannelBlindData_Factory::getInstance()	1	0
ProChannel	std::__1::__invoke_result_impl<void, OZChannelBlindData_Factory::getInstance()::'lambda'()>::type std::__1::__invoke[abi:nqe210106]<OZChannelBlindData_Factory::getInstance()	1	0
ProChannel	void std::__1::__call_once_proxy[abi:nqe210106]<std::__1::tuple<OZChannelBlindData::createOZChannelBlindDataInfo()	1	0
ProChannel	std::__1::__invoke_result_impl<void, OZChannelBlindData::createOZChannelBlindDataInfo()::'lambda'()>::type std::__1::__invoke[abi:nqe210106]<OZChannelBlindData::createOZChannelBlindDataInfo()	1	0
ProChannel	void std::__1::__call_once_proxy[abi:nqe210106]<std::__1::tuple<OZChannelBlindData::createOZChannelBlindDataImpl()	1	0
ProChannel	std::__1::__invoke_result_impl<void, OZChannelBlindData::createOZChannelBlindDataImpl()::'lambda'()>::type std::__1::__invoke[abi:nqe210106]<OZChannelBlindData::createOZChannelBlindDataImpl()	1	0
ProChannel	void std::__1::__call_once_proxy[abi:nqe210106]<std::__1::tuple<OZCurveIntSplineState::getInstance()	1	0
ProChannel	std::__1::__invoke_result_impl<void, OZCurveIntSplineState::getInstance()::'lambda'()>::type std::__1::__invoke[abi:nqe210106]<OZCurveIntSplineState::getInstance()	1	0
ProChannel	std::__1::vector<PCString, std::__1::allocator<PCString>>::__destroy_vector	1	0
ProChannel	std::__1	1	0
ProChannel	std::length_error	1	0
ProChannel	std::__1::__allocation_result<std::__1::allocator_traits<std::__1::allocator<std::__1::pair<CMTime, void*>>>::pointer> std::__1::__allocate_at_least[abi:nqe210106]<std::__1::allocator<std::__1	1	0
ProChannel	std	1	0
ProChannel	std::__1::__split_buffer<PCString, std::__1::allocator<PCString>&>	1	0
ProChannel	void std::__1::__split_buffer<std::__1::pair<CMTime, void*>, std::__1::allocator<std::__1::pair<CMTime, void*>>&>::emplace_back<std::__1	1	0
ProChannel	void std::__1::__call_once_proxy[abi:nqe210106]<std::__1::tuple<OZChannelBool::createOZChannelBoolInfo()	1	0
ProChannel	std::__1::__invoke_result_impl<void, OZChannelBool::createOZChannelBoolInfo()::'lambda'()>::type std::__1::__invoke[abi:nqe210106]<OZChannelBool::createOZChannelBoolInfo()	1	0
ProChannel	void std::__1::__call_once_proxy[abi:nqe210106]<std::__1::tuple<OZChannelBool::createOZChannelBoolTrueImpl()	1	0
ProChannel	std::__1::__invoke_result_impl<void, OZChannelBool::createOZChannelBoolTrueImpl()::'lambda'()>::type std::__1::__invoke[abi:nqe210106]<OZChannelBool::createOZChannelBoolTrueImpl()	1	0
ProChannel	void std::__1::__call_once_proxy[abi:nqe210106]<std::__1::tuple<OZChannelBool::createOZChannelBoolFalseImpl()	1	0
ProChannel	std::__1::__invoke_result_impl<void, OZChannelBool::createOZChannelBoolFalseImpl()::'lambda'()>::type std::__1::__invoke[abi:nqe210106]<OZChannelBool::createOZChannelBoolFalseImpl()	1	0
ProChannel	void std::__1::__call_once_proxy[abi:nqe210106]<std::__1::tuple<OZChannelBool3D_Factory::getInstance()	1	0
ProChannel	std::__1::__invoke_result_impl<void, OZChannelBool3D_Factory::getInstance()::'lambda'()>::type std::__1::__invoke[abi:nqe210106]<OZChannelBool3D_Factory::getInstance()	1	0
ProChannel	void std::__1::__call_once_proxy[abi:nqe210106]<std::__1::tuple<OZChannelButton::createOZChannelButtonInfo()	1	0
ProChannel	std::__1::__invoke_result_impl<void, OZChannelButton::createOZChannelButtonInfo()::'lambda'()>::type std::__1::__invoke[abi:nqe210106]<OZChannelButton::createOZChannelButtonInfo()	1	0
ProChannel	void std::__1::__call_once_proxy[abi:nqe210106]<std::__1::tuple<OZChannelButton::createOZChannelButtonImpl()	1	0
ProChannel	std::__1::__invoke_result_impl<void, OZChannelButton::createOZChannelButtonImpl()::'lambda'()>::type std::__1::__invoke[abi:nqe210106]<OZChannelButton::createOZChannelButtonImpl()	1	0
ProChannel	void std::__1::__call_once_proxy[abi:nqe210106]<std::__1::tuple<OZChannelColor_Factory::getInstance()	1	0
ProChannel	std::__1::__invoke_result_impl<void, OZChannelColor_Factory::getInstance()::'lambda'()>::type std::__1::__invoke[abi:nqe210106]<OZChannelColor_Factory::getInstance()	1	0
ProChannel	void std::__1::__call_once_proxy[abi:nqe210106]<std::__1::tuple<OZChannelColor::OZChannelColor_alpha_zeroImpl::getInstance()	1	0
ProChannel	std::__1::__invoke_result_impl<void, OZChannelColor::OZChannelColor_alpha_zeroImpl::getInstance()::'lambda'()>::type std::__1::__invoke[abi:nqe210106]<OZChannelColor::OZChannelColor_alpha_zeroImpl::getInstance()	1	0
ProChannel	void std::__1::__call_once_proxy[abi:nqe210106]<std::__1::tuple<OZChannelColor::OZChannelColor_alphaInfo::getInstance()	1	0
ProChannel	std::__1::__invoke_result_impl<void, OZChannelColor::OZChannelColor_alphaInfo::getInstance()::'lambda'()>::type std::__1::__invoke[abi:nqe210106]<OZChannelColor::OZChannelColor_alphaInfo::getInstance()	1	0
ProChannel	void std::__1::__call_once_proxy[abi:nqe210106]<std::__1::tuple<OZChannelColor::OZChannelColor_alpha_oneImpl::getInstance()	1	0
ProChannel	std::__1::__invoke_result_impl<void, OZChannelColor::OZChannelColor_alpha_oneImpl::getInstance()::'lambda'()>::type std::__1::__invoke[abi:nqe210106]<OZChannelColor::OZChannelColor_alpha_oneImpl::getInstance()	1	0
ProChannel	void std::__1::__call_once_proxy[abi:nqe210106]<std::__1::tuple<OZChannelColorNoAlpha::OZChannelColorNoAlpha_blackImpl::getInstance()	1	0
ProChannel	std::__1::__invoke_result_impl<void, OZChannelColorNoAlpha::OZChannelColorNoAlpha_blackImpl::getInstance()::'lambda'()>::type std::__1::__invoke[abi:nqe210106]<OZChannelColorNoAlpha::OZChannelColorNoAlpha_blackImpl::getInstance()	1	0
ProChannel	void std::__1::__call_once_proxy[abi:nqe210106]<std::__1::tuple<OZChannelColorNoAlpha::OZChannelColorNoAlpha_whiteImpl::getInstance()	1	0
ProChannel	std::__1::__invoke_result_impl<void, OZChannelColorNoAlpha::OZChannelColorNoAlpha_whiteImpl::getInstance()::'lambda'()>::type std::__1::__invoke[abi:nqe210106]<OZChannelColorNoAlpha::OZChannelColorNoAlpha_whiteImpl::getInstance()	1	0
ProChannel	void std::__1::__call_once_proxy[abi:nqe210106]<std::__1::tuple<OZChannelColorNoAlpha::OZChannelColorNoAlpha_redSample1Impl::getInstance()	1	0
ProChannel	std::__1::__invoke_result_impl<void, OZChannelColorNoAlpha::OZChannelColorNoAlpha_redSample1Impl::getInstance()::'lambda'()>::type std::__1::__invoke[abi:nqe210106]<OZChannelColorNoAlpha::OZChannelColorNoAlpha_redSample1Impl::getInstance()	1	0
ProChannel	void std::__1::__call_once_proxy[abi:nqe210106]<std::__1::tuple<OZChannelColorNoAlpha::OZChannelColorNoAlpha_redSample2Impl::getInstance()	1	0
ProChannel	std::__1::__invoke_result_impl<void, OZChannelColorNoAlpha::OZChannelColorNoAlpha_redSample2Impl::getInstance()::'lambda'()>::type std::__1::__invoke[abi:nqe210106]<OZChannelColorNoAlpha::OZChannelColorNoAlpha_redSample2Impl::getInstance()	1	0
ProChannel	void std::__1::__call_once_proxy[abi:nqe210106]<std::__1::tuple<OZChannelColorNoAlpha::OZChannelColorNoAlpha_greyImpl::getInstance()	1	0
ProChannel	std::__1::__invoke_result_impl<void, OZChannelColorNoAlpha::OZChannelColorNoAlpha_greyImpl::getInstance()::'lambda'()>::type std::__1::__invoke[abi:nqe210106]<OZChannelColorNoAlpha::OZChannelColorNoAlpha_greyImpl::getInstance()	1	0
ProChannel	void std::__1::__call_once_proxy[abi:nqe210106]<std::__1::tuple<OZChannelColorNoAlpha::OZChannelColorNoAlpha_greenSample1Impl::getInstance()	1	0
ProChannel	std::__1::__invoke_result_impl<void, OZChannelColorNoAlpha::OZChannelColorNoAlpha_greenSample1Impl::getInstance()::'lambda'()>::type std::__1::__invoke[abi:nqe210106]<OZChannelColorNoAlpha::OZChannelColorNoAlpha_greenSample1Impl::getInstance()	1	0
ProChannel	void std::__1::__call_once_proxy[abi:nqe210106]<std::__1::tuple<OZChannelColorNoAlpha::OZChannelColorNoAlpha_greenSample2Impl::getInstance()	1	0
ProChannel	std::__1::__invoke_result_impl<void, OZChannelColorNoAlpha::OZChannelColorNoAlpha_greenSample2Impl::getInstance()::'lambda'()>::type std::__1::__invoke[abi:nqe210106]<OZChannelColorNoAlpha::OZChannelColorNoAlpha_greenSample2Impl::getInstance()	1	0
ProChannel	void std::__1::__call_once_proxy[abi:nqe210106]<std::__1::tuple<OZChannelColorNoAlpha::OZChannelColorNoAlpha_blueSample1Impl::getInstance()	1	0
ProChannel	std::__1::__invoke_result_impl<void, OZChannelColorNoAlpha::OZChannelColorNoAlpha_blueSample1Impl::getInstance()::'lambda'()>::type std::__1::__invoke[abi:nqe210106]<OZChannelColorNoAlpha::OZChannelColorNoAlpha_blueSample1Impl::getInstance()	1	0
ProChannel	void std::__1::__call_once_proxy[abi:nqe210106]<std::__1::tuple<OZChannelColorNoAlpha::OZChannelColorNoAlpha_blueSample2Impl::getInstance()	1	0
ProChannel	std::__1::__invoke_result_impl<void, OZChannelColorNoAlpha::OZChannelColorNoAlpha_blueSample2Impl::getInstance()::'lambda'()>::type std::__1::__invoke[abi:nqe210106]<OZChannelColorNoAlpha::OZChannelColorNoAlpha_blueSample2Impl::getInstance()	1	0
ProChannel	void std::__1::__call_once_proxy[abi:nqe210106]<std::__1::tuple<OZChannelColorNoAlpha::OZChannelColorNoAlpha_colorInfo::getInstance()	1	0
ProChannel	std::__1::__invoke_result_impl<void, OZChannelColorNoAlpha::OZChannelColorNoAlpha_colorInfo::getInstance()::'lambda'()>::type std::__1::__invoke[abi:nqe210106]<OZChannelColorNoAlpha::OZChannelColorNoAlpha_colorInfo::getInstance()	1	0
ProChannel	void std::__1::__call_once_proxy[abi:nqe210106]<std::__1::tuple<OZChannelColorNoAlpha::OZChannelColorNoAlpha_gammaImpl::getInstance()	1	0
ProChannel	std::__1::__invoke_result_impl<void, OZChannelColorNoAlpha::OZChannelColorNoAlpha_gammaImpl::getInstance()::'lambda'()>::type std::__1::__invoke[abi:nqe210106]<OZChannelColorNoAlpha::OZChannelColorNoAlpha_gammaImpl::getInstance()	1	0
ProChannel	void std::__1::__call_once_proxy[abi:nqe210106]<std::__1::tuple<OZChannelColorNoAlpha::OZChannelColorNoAlpha_colorSpaceIDImpl::getInstance()	1	0
ProChannel	std::__1::__invoke_result_impl<void, OZChannelColorNoAlpha::OZChannelColorNoAlpha_colorSpaceIDImpl::getInstance()::'lambda'()>::type std::__1::__invoke[abi:nqe210106]<OZChannelColorNoAlpha::OZChannelColorNoAlpha_colorSpaceIDImpl::getInstance()	1	0
ProChannel	PCCFRef<CGColorSpace*>	1	0
ProChannel	void std::__1::__call_once_proxy[abi:nqe210106]<std::__1::tuple<OZChannelCrop::OZChannelCrop_valueImpl::getInstance()	1	0
ProChannel	std::__1::__invoke_result_impl<void, OZChannelCrop::OZChannelCrop_valueImpl::getInstance()::'lambda'()>::type std::__1::__invoke[abi:nqe210106]<OZChannelCrop::OZChannelCrop_valueImpl::getInstance()	1	0
ProChannel	void std::__1::__call_once_proxy[abi:nqe210106]<std::__1::tuple<OZChannelCurve_Factory::getInstance()	1	0
ProChannel	std::__1::__invoke_result_impl<void, OZChannelCurve_Factory::getInstance()::'lambda'()>::type std::__1::__invoke[abi:nqe210106]<OZChannelCurve_Factory::getInstance()	1	0
ProChannel	void std::__1::__call_once_proxy[abi:nqe210106]<std::__1::tuple<OZChannelCurve::createOZChannelCurveInfo()	1	0
ProChannel	std::__1::__invoke_result_impl<void, OZChannelCurve::createOZChannelCurveInfo()::'lambda'()>::type std::__1::__invoke[abi:nqe210106]<OZChannelCurve::createOZChannelCurveInfo()	1	0
ProChannel	void std::__1::__call_once_proxy[abi:nqe210106]<std::__1::tuple<OZChannelCurve::createOZChannelCurveImpl()	1	0
ProChannel	std::__1::__invoke_result_impl<void, OZChannelCurve::createOZChannelCurveImpl()::'lambda'()>::type std::__1::__invoke[abi:nqe210106]<OZChannelCurve::createOZChannelCurveImpl()	1	0
ProChannel	std::__1::__allocation_result<std::__1::allocator_traits<std::__1::allocator<OZVertex2D>>::pointer> std::__1::__allocate_at_least[abi:nqe210106]<std::__1	1	0
ProChannel	std::__1::pair<PCString, std::__1::vector<PCString, std::__1::allocator<PCString>>>	1	0
ProChannel	void std::__1::__call_once_proxy[abi:nqe210106]<std::__1::tuple<OZChannelEnum_Factory::getInstance()	1	0
ProChannel	std::__1::__invoke_result_impl<void, OZChannelEnum_Factory::getInstance()::'lambda'()>::type std::__1::__invoke[abi:nqe210106]<OZChannelEnum_Factory::getInstance()	1	0
ProChannel	void std::__1::__call_once_proxy[abi:nqe210106]<std::__1::tuple<OZChannelEnum::OZChannelEnum_valueImpl::getInstance()	1	0
ProChannel	std::__1::__invoke_result_impl<void, OZChannelEnum::OZChannelEnum_valueImpl::getInstance()::'lambda'()>::type std::__1::__invoke[abi:nqe210106]<OZChannelEnum::OZChannelEnum_valueImpl::getInstance()	1	0
ProChannel	void std::__1::__call_once_proxy[abi:nqe210106]<std::__1::tuple<OZCurveEnumSplineState::getInstance()	1	0
ProChannel	std::__1::__invoke_result_impl<void, OZCurveEnumSplineState::getInstance()::'lambda'()>::type std::__1::__invoke[abi:nqe210106]<OZCurveEnumSplineState::getInstance()	1	0
ProChannel	void std::__1::__call_once_proxy[abi:nqe210106]<std::__1::tuple<OZChannelEnum::OZChannelEnum_valueInfo::getInstance()	1	0
ProChannel	std::__1::__invoke_result_impl<void, OZChannelEnum::OZChannelEnum_valueInfo::getInstance()::'lambda'()>::type std::__1::__invoke[abi:nqe210106]<OZChannelEnum::OZChannelEnum_valueInfo::getInstance()	1	0
ProChannel	std::__1::pair<PCString, std::__1::vector<PCString, std::__1::allocator<PCString>>>::pair[abi:nqe210106]<PCString, std::__1::vector<PCString, std::__1	1	0
ProChannel	PCString* std::__1::__uninitialized_allocator_copy_impl[abi:nqe210106]<std::__1	1	0
ProChannel	std::__1::pair<PCString, std::__1::vector<PCString, std::__1::allocator<PCString>>>::pair[abi:nqe210106]<PCString&, std::__1::vector<PCString, std::__1	1	0
ProChannel	PCSharedMutex	1	0
ProChannel	std::__1::__allocation_result<std::__1::allocator_traits<std::__1::allocator<float>>::pointer> std::__1::__allocate_at_least[abi:nqe210106]<std::__1	1	0
ProChannel	std::__1::__allocation_result<std::__1::allocator_traits<std::__1::allocator<int>>::pointer> std::__1::__allocate_at_least[abi:nqe210106]<std::__1	1	0
ProChannel	std::__1::__allocation_result<std::__1::allocator_traits<std::__1::allocator<unsigned int>>::pointer> std::__1::__allocate_at_least[abi:nqe210106]<std::__1	1	0
ProChannel	std::__1::pair<std::__1::__tree_iterator<std::__1::__value_type<PCString, std::__1::vector<PCString, std::__1::allocator<PCString>>>, std::__1::__tree_node<std::__1::__value_type<PCString, std::__1::vector<PCString, std::__1::allocator<PCString>>>, void*>*, long>, bool> std::__1::__tree<std::__1::__value_type<PCString, std::__1::vector<PCString, std::__1::allocator<PCString>>>, std::__1::__map_value_compare<PCString, std::__1::pair<PCString const, std::__1::vector<PCString, std::__1::allocator<PCString>>>, std::__1::less<PCString>, true>, std::__1::allocator<std::__1::pair<PCString const, std::__1::vector<PCString, std::__1::allocator<PCString>>>>>::__emplace_hint_unique_key_args<PCString, std::__1::pair<PCString, std::__1::vector<PCString, std::__1	1	0
ProChannel	std::__1::unique_ptr<std::__1::__tree_node<std::__1::__value_type<PCString, std::__1::vector<PCString, std::__1::allocator<PCString>>>, void*>, std::__1::__tree_node_destructor<std::__1::allocator<std::__1::__tree_node<std::__1::__value_type<PCString, std::__1::vector<PCString, std::__1::allocator<PCString>>>, void*>>>> std::__1::__tree<std::__1::__value_type<PCString, std::__1::vector<PCString, std::__1::allocator<PCString>>>, std::__1::__map_value_compare<PCString, std::__1::pair<PCString const, std::__1::vector<PCString, std::__1::allocator<PCString>>>, std::__1::less<PCString>, true>, std::__1::allocator<std::__1::pair<PCString const, std::__1::vector<PCString, std::__1::allocator<PCString>>>>>::__construct_node<std::__1::pair<PCString, std::__1::vector<PCString, std::__1	1	0
ProChannel	std::__1::__tree_node_destructor<std::__1::allocator<std::__1::__tree_node<std::__1::__value_type<PCString, std::__1::vector<PCString, std::__1::allocator<PCString>>>, void*>>>	1	0
ProChannel	std::__1::__tree_iterator<std::__1::__value_type<PCString, std::__1::vector<PCString, std::__1::allocator<PCString>>>, std::__1::__tree_node<std::__1::__value_type<PCString, std::__1::vector<PCString, std::__1::allocator<PCString>>>, void*>*, long> std::__1::__tree<std::__1::__value_type<PCString, std::__1::vector<PCString, std::__1::allocator<PCString>>>, std::__1::__map_value_compare<PCString, std::__1::pair<PCString const, std::__1::vector<PCString, std::__1::allocator<PCString>>>, std::__1::less<PCString>, true>, std::__1::allocator<std::__1::pair<PCString const, std::__1::vector<PCString, std::__1::allocator<PCString>>>>>	1	0
ProChannel	void std::__1::__call_once_proxy[abi:nqe210106]<std::__1::tuple<OZChannelFolder_Factory::getInstance()	1	0
ProChannel	std::__1::__invoke_result_impl<void, OZChannelFolder_Factory::getInstance()::'lambda'()>::type std::__1::__invoke[abi:nqe210106]<OZChannelFolder_Factory::getInstance()	1	0
ProChannel	void std::__1::__split_buffer<OZChannelBase*, std::__1::allocator<OZChannelBase*>&>	1	0
ProChannel	void std::__1::__call_once_proxy[abi:nqe210106]<std::__1::tuple<OZChannelGradient::OZChannelGradient_gammaImpl::getInstance()	1	0
ProChannel	std::__1::__invoke_result_impl<void, OZChannelGradient::OZChannelGradient_gammaImpl::getInstance()::'lambda'()>::type std::__1::__invoke[abi:nqe210106]<OZChannelGradient::OZChannelGradient_gammaImpl::getInstance()	1	0
ProChannel	void std::__1::__call_once_proxy[abi:nqe210106]<std::__1::tuple<OZChannelDouble::createOZChannelDoubleInfo()	1	0
ProChannel	std::__1::__invoke_result_impl<void, OZChannelDouble::createOZChannelDoubleInfo()::'lambda'()>::type std::__1::__invoke[abi:nqe210106]<OZChannelDouble::createOZChannelDoubleInfo()	1	0
ProChannel	void std::__1::__call_once_proxy[abi:nqe210106]<std::__1::tuple<OZChannelGradient::OZChannelGradient_colorSpaceIDImpl::getInstance()	1	0
ProChannel	std::__1::__invoke_result_impl<void, OZChannelGradient::OZChannelGradient_colorSpaceIDImpl::getInstance()::'lambda'()>::type std::__1::__invoke[abi:nqe210106]<OZChannelGradient::OZChannelGradient_colorSpaceIDImpl::getInstance()	1	0
ProChannel	void std::__1::__call_once_proxy[abi:nqe210106]<std::__1::tuple<OZChannelGradient_Factory::getInstance()	1	0
ProChannel	std::__1::__invoke_result_impl<void, OZChannelGradient_Factory::getInstance()::'lambda'()>::type std::__1::__invoke[abi:nqe210106]<OZChannelGradient_Factory::getInstance()	1	0
ProChannel	void std::__1::__call_once_proxy[abi:nqe210106]<std::__1::tuple<OZChannelGradientExtras::OZChannelGradientExtras_gradientTypeImpl::getInstance()	1	0
ProChannel	std::__1::__invoke_result_impl<void, OZChannelGradientExtras::OZChannelGradientExtras_gradientTypeImpl::getInstance()::'lambda'()>::type std::__1::__invoke[abi:nqe210106]<OZChannelGradientExtras::OZChannelGradientExtras_gradientTypeImpl::getInstance()	1	0
ProChannel	void std::__1::__call_once_proxy[abi:nqe210106]<std::__1::tuple<OZChannelGradientExtras_Factory::getInstance()	1	0
ProChannel	std::__1::__invoke_result_impl<void, OZChannelGradientExtras_Factory::getInstance()::'lambda'()>::type std::__1::__invoke[abi:nqe210106]<OZChannelGradientExtras_Factory::getInstance()	1	0
ProChannel	void std::__1::__call_once_proxy[abi:nqe210106]<std::__1::tuple<OZChannelGradientRGBFolder_Factory::getInstance()	1	0
ProChannel	std::__1::__invoke_result_impl<void, OZChannelGradientRGBFolder_Factory::getInstance()::'lambda'()>::type std::__1::__invoke[abi:nqe210106]<OZChannelGradientRGBFolder_Factory::getInstance()	1	0
ProChannel	void std::__1::__call_once_proxy[abi:nqe210106]<std::__1::tuple<OZChannelGradientAlphaFolder_Factory::getInstance()	1	0
ProChannel	std::__1::__invoke_result_impl<void, OZChannelGradientAlphaFolder_Factory::getInstance()::'lambda'()>::type std::__1::__invoke[abi:nqe210106]<OZChannelGradientAlphaFolder_Factory::getInstance()	1	0
ProChannel	std::__1::pair<std::__1::__tree_iterator<std::__1::__value_type<double, OZChannelGradientSample*>, std::__1::__tree_node<std::__1::__value_type<double, OZChannelGradientSample*>, void*>*, long>, bool> std::__1::__tree<std::__1::__value_type<double, OZChannelGradientSample*>, std::__1::__map_value_compare<double, std::__1::pair<double const, OZChannelGradientSample*>, std::__1::less<double>, true>, std::__1::allocator<std::__1::pair<double const, OZChannelGradientSample*>>>::__emplace_unique_key_args<double, std::__1::piecewise_construct_t const&, std::__1::tuple<double&&>, std::__1	1	0
ProChannel	std::__1::pair<std::__1::__tree_iterator<std::__1::__value_type<double, OZChannelGradientFolder::Sample>, std::__1::__tree_node<std::__1::__value_type<double, OZChannelGradientFolder::Sample>, void*>*, long>, bool> std::__1::__tree<std::__1::__value_type<double, OZChannelGradientFolder::Sample>, std::__1::__map_value_compare<double, std::__1::pair<double const, OZChannelGradientFolder::Sample>, std::__1::less<double>, true>, std::__1::allocator<std::__1::pair<double const, OZChannelGradientFolder::Sample>>>::__emplace_unique_key_args<double, std::__1::piecewise_construct_t const&, std::__1::tuple<double&&>, std::__1	1	0
ProChannel	void std::__1::__call_once_proxy[abi:nqe210106]<std::__1::tuple<OZChannelGradientPositioned_Factory::getInstance()	1	0
ProChannel	std::__1::__invoke_result_impl<void, OZChannelGradientPositioned_Factory::getInstance()::'lambda'()>::type std::__1::__invoke[abi:nqe210106]<OZChannelGradientPositioned_Factory::getInstance()	1	0
ProChannel	void std::__1::__call_once_proxy[abi:nqe210106]<std::__1::tuple<OZChannelGradientSample::OZChannelGradientSample_interpolationImpl::getInstance()	1	0
ProChannel	std::__1::__invoke_result_impl<void, OZChannelGradientSample::OZChannelGradientSample_interpolationImpl::getInstance()::'lambda'()>::type std::__1::__invoke[abi:nqe210106]<OZChannelGradientSample::OZChannelGradientSample_interpolationImpl::getInstance()	1	0
ProChannel	void std::__1::__call_once_proxy[abi:nqe210106]<std::__1::tuple<OZChannelGradientSample_Factory::getInstance()	1	0
ProChannel	std::__1::__invoke_result_impl<void, OZChannelGradientSample_Factory::getInstance()::'lambda'()>::type std::__1::__invoke[abi:nqe210106]<OZChannelGradientSample_Factory::getInstance()	1	0
ProChannel	void std::__1::__call_once_proxy[abi:nqe210106]<std::__1::tuple<OZChannelGradientSampleRGB_Factory::getInstance()	1	0
ProChannel	std::__1::__invoke_result_impl<void, OZChannelGradientSampleRGB_Factory::getInstance()::'lambda'()>::type std::__1::__invoke[abi:nqe210106]<OZChannelGradientSampleRGB_Factory::getInstance()	1	0
ProChannel	void std::__1::__call_once_proxy[abi:nqe210106]<std::__1::tuple<OZChannelGradientWithAngle::OZChannelGradientWithAngle_angleImpl::getInstance()	1	0
ProChannel	std::__1::__invoke_result_impl<void, OZChannelGradientWithAngle::OZChannelGradientWithAngle_angleImpl::getInstance()::'lambda'()>::type std::__1::__invoke[abi:nqe210106]<OZChannelGradientWithAngle::OZChannelGradientWithAngle_angleImpl::getInstance()	1	0
ProChannel	OZHistogramDelegate	1	0
ProChannel	void std::__1::__call_once_proxy[abi:nqe210106]<std::__1::tuple<OZChannelHistogram_Factory::getInstance()	1	0
ProChannel	std::__1::__invoke_result_impl<void, OZChannelHistogram_Factory::getInstance()::'lambda'()>::type std::__1::__invoke[abi:nqe210106]<OZChannelHistogram_Factory::getInstance()	1	0
ProChannel	void std::__1::__call_once_proxy[abi:nqe210106]<std::__1::tuple<OZChannelHistogramSample_Factory::getInstance()	1	0
ProChannel	std::__1::__invoke_result_impl<void, OZChannelHistogramSample_Factory::getInstance()::'lambda'()>::type std::__1::__invoke[abi:nqe210106]<OZChannelHistogramSample_Factory::getInstance()	1	0
ProChannel	void std::__1::__call_once_proxy[abi:nqe210106]<std::__1::tuple<OZChannelObjectRootBase_Factory::getInstance()	1	0
ProChannel	std::__1::__invoke_result_impl<void, OZChannelObjectRootBase_Factory::getInstance()::'lambda'()>::type std::__1::__invoke[abi:nqe210106]<OZChannelObjectRootBase_Factory::getInstance()	1	0
ProChannel	void std::__1::__call_once_proxy[abi:nqe210106]<std::__1::tuple<OZChannelPosition_Factory::getInstance()	1	0
ProChannel	std::__1::__invoke_result_impl<void, OZChannelPosition_Factory::getInstance()::'lambda'()>::type std::__1::__invoke[abi:nqe210106]<OZChannelPosition_Factory::getInstance()	1	0
ProChannel	void std::__1::__call_once_proxy[abi:nqe210106]<std::__1::tuple<OZChannelPosition::OZChannelPosition_valueImpl::getInstance()	1	0
ProChannel	std::__1::__invoke_result_impl<void, OZChannelPosition::OZChannelPosition_valueImpl::getInstance()::'lambda'()>::type std::__1::__invoke[abi:nqe210106]<OZChannelPosition::OZChannelPosition_valueImpl::getInstance()	1	0
ProChannel	void std::__1::__call_once_proxy[abi:nqe210106]<std::__1::tuple<OZChannelPosition::OZChannelPosition_valueInfo::getInstance()	1	0
ProChannel	std::__1::__invoke_result_impl<void, OZChannelPosition::OZChannelPosition_valueInfo::getInstance()::'lambda'()>::type std::__1::__invoke[abi:nqe210106]<OZChannelPosition::OZChannelPosition_valueInfo::getInstance()	1	0
ProChannel	PCVector4<double>	1	0
ProChannel	PCVector4<double>& PCMatrix44Tmpl<double>	1	0
ProChannel	void std::__1::__call_once_proxy[abi:nqe210106]<std::__1::tuple<OZChannelPositionPercent_Factory::getInstance()	1	0
ProChannel	std::__1::__invoke_result_impl<void, OZChannelPositionPercent_Factory::getInstance()::'lambda'()>::type std::__1::__invoke[abi:nqe210106]<OZChannelPositionPercent_Factory::getInstance()	1	0
ProChannel	void std::__1::__call_once_proxy[abi:nqe210106]<std::__1::tuple<OZChannelProgress_Factory::getInstance()	1	0
ProChannel	std::__1::__invoke_result_impl<void, OZChannelProgress_Factory::getInstance()::'lambda'()>::type std::__1::__invoke[abi:nqe210106]<OZChannelProgress_Factory::getInstance()	1	0
ProChannel	void std::__1::__call_once_proxy[abi:nqe210106]<std::__1::tuple<OZChannelProgress::createOZChannelProgressInfo()	1	0
ProChannel	std::__1::__invoke_result_impl<void, OZChannelProgress::createOZChannelProgressInfo()::'lambda'()>::type std::__1::__invoke[abi:nqe210106]<OZChannelProgress::createOZChannelProgressInfo()	1	0
ProChannel	void std::__1::__call_once_proxy[abi:nqe210106]<std::__1::tuple<OZChannelProgress::createOZChannelProgressImpl()	1	0
ProChannel	std::__1::__invoke_result_impl<void, OZChannelProgress::createOZChannelProgressImpl()::'lambda'()>::type std::__1::__invoke[abi:nqe210106]<OZChannelProgress::createOZChannelProgressImpl()	1	0
ProChannel	void std::__1::__call_once_proxy[abi:nqe210106]<std::__1::tuple<OZChannelQuad_Factory::getInstance()	1	0
ProChannel	std::__1::__invoke_result_impl<void, OZChannelQuad_Factory::getInstance()::'lambda'()>::type std::__1::__invoke[abi:nqe210106]<OZChannelQuad_Factory::getInstance()	1	0
ProChannel	PCQuat<double>	1	0
ProChannel	void std::__1::__call_once_proxy[abi:nqe210106]<std::__1::tuple<OZChannelAngle::createOZChannelAngleInfo()	1	0
ProChannel	std::__1::__invoke_result_impl<void, OZChannelAngle::createOZChannelAngleInfo()::'lambda'()>::type std::__1::__invoke[abi:nqe210106]<OZChannelAngle::createOZChannelAngleInfo()	1	0
ProChannel	void std::__1::__call_once_proxy[abi:nqe210106]<std::__1::tuple<OZCurveAngleSplineState::getInstance()	1	0
ProChannel	std::__1::__invoke_result_impl<void, OZCurveAngleSplineState::getInstance()::'lambda'()>::type std::__1::__invoke[abi:nqe210106]<OZCurveAngleSplineState::getInstance()	1	0
ProChannel	void std::__1::__call_once_proxy[abi:nqe210106]<std::__1::tuple<OZChannelEnumInterpMode_Factory::getInstance()	1	0
ProChannel	std::__1::__invoke_result_impl<void, OZChannelEnumInterpMode_Factory::getInstance()::'lambda'()>::type std::__1::__invoke[abi:nqe210106]<OZChannelEnumInterpMode_Factory::getInstance()	1	0
ProChannel	void std::__1::__call_once_proxy[abi:nqe210106]<std::__1::tuple<OZChannelScale_Factory::getInstance()	1	0
ProChannel	std::__1::__invoke_result_impl<void, OZChannelScale_Factory::getInstance()::'lambda'()>::type std::__1::__invoke[abi:nqe210106]<OZChannelScale_Factory::getInstance()	1	0
ProChannel	void std::__1::__call_once_proxy[abi:nqe210106]<std::__1::tuple<OZChannelScale3D_Factory::getInstance()	1	0
ProChannel	std::__1::__invoke_result_impl<void, OZChannelScale3D_Factory::getInstance()::'lambda'()>::type std::__1::__invoke[abi:nqe210106]<OZChannelScale3D_Factory::getInstance()	1	0
ProChannel	void std::__1::__call_once_proxy[abi:nqe210106]<std::__1::tuple<OZChannelScale::OZChannelScale_valueImpl::getInstance()	1	0
ProChannel	std::__1::__invoke_result_impl<void, OZChannelScale::OZChannelScale_valueImpl::getInstance()::'lambda'()>::type std::__1::__invoke[abi:nqe210106]<OZChannelScale::OZChannelScale_valueImpl::getInstance()	1	0
ProChannel	void std::__1::__call_once_proxy[abi:nqe210106]<std::__1::tuple<OZChannelScale::OZChannelScale_valueInfo::getInstance()	1	0
ProChannel	std::__1::__invoke_result_impl<void, OZChannelScale::OZChannelScale_valueInfo::getInstance()::'lambda'()>::type std::__1::__invoke[abi:nqe210106]<OZChannelScale::OZChannelScale_valueInfo::getInstance()	1	0
ProChannel	void std::__1::__call_once_proxy[abi:nqe210106]<std::__1::tuple<OZChannelShear_Factory::getInstance()	1	0
ProChannel	std::__1::__invoke_result_impl<void, OZChannelShear_Factory::getInstance()::'lambda'()>::type std::__1::__invoke[abi:nqe210106]<OZChannelShear_Factory::getInstance()	1	0
ProChannel	void std::__1::__call_once_proxy[abi:nqe210106]<std::__1::tuple<OZChannelText_Factory::getInstance()	1	0
ProChannel	std::__1::__invoke_result_impl<void, OZChannelText_Factory::getInstance()::'lambda'()>::type std::__1::__invoke[abi:nqe210106]<OZChannelText_Factory::getInstance()	1	0
ProChannel	void std::__1::__call_once_proxy[abi:nqe210106]<std::__1::tuple<OZChannelText::createOZChannelTextInfo()	1	0
ProChannel	std::__1::__invoke_result_impl<void, OZChannelText::createOZChannelTextInfo()::'lambda'()>::type std::__1::__invoke[abi:nqe210106]<OZChannelText::createOZChannelTextInfo()	1	0
ProChannel	void std::__1::__call_once_proxy[abi:nqe210106]<std::__1::tuple<OZChannelText::createOZChannelTextImpl()	1	0
ProChannel	std::__1::__invoke_result_impl<void, OZChannelText::createOZChannelTextImpl()::'lambda'()>::type std::__1::__invoke[abi:nqe210106]<OZChannelText::createOZChannelTextImpl()	1	0
ProChannel	void std::__1::__call_once_proxy[abi:nqe210106]<std::__1::tuple<OZChannelTransformSwitch_Factory::getInstance()	1	0
ProChannel	std::__1::__invoke_result_impl<void, OZChannelTransformSwitch_Factory::getInstance()::'lambda'()>::type std::__1::__invoke[abi:nqe210106]<OZChannelTransformSwitch_Factory::getInstance()	1	0
ProChannel	void std::__1::__call_once_proxy[abi:nqe210106]<std::__1::tuple<OZChannelVaryingFolder_Factory::getInstance()	1	0
ProChannel	std::__1::__invoke_result_impl<void, OZChannelVaryingFolder_Factory::getInstance()::'lambda'()>::type std::__1::__invoke[abi:nqe210106]<OZChannelVaryingFolder_Factory::getInstance()	1	0
ProChannel	void std::__1::__call_once_proxy[abi:nqe210106]<std::__1::tuple<OZChannelVertexFolder_Factory::getInstance()	1	0
ProChannel	std::__1::__invoke_result_impl<void, OZChannelVertexFolder_Factory::getInstance()::'lambda'()>::type std::__1::__invoke[abi:nqe210106]<OZChannelVertexFolder_Factory::getInstance()	1	0
ProChannel	void std::__1::__call_once_proxy[abi:nqe210106]<std::__1::tuple<OZChannelDoubleOverRange_Factory::getInstance()	1	0
ProChannel	std::__1::__invoke_result_impl<void, OZChannelDoubleOverRange_Factory::getInstance()::'lambda'()>::type std::__1::__invoke[abi:nqe210106]<OZChannelDoubleOverRange_Factory::getInstance()	1	0
ProChannel	void std::__1::__call_once_proxy[abi:nqe210106]<std::__1::tuple<OZChannelAngleOverRange_Factory::getInstance()	1	0
ProChannel	std::__1::__invoke_result_impl<void, OZChannelAngleOverRange_Factory::getInstance()::'lambda'()>::type std::__1::__invoke[abi:nqe210106]<OZChannelAngleOverRange_Factory::getInstance()	1	0
ProChannel	void std::__1::__call_once_proxy[abi:nqe210106]<std::__1::tuple<OZChannelDiscreteColor_Factory::getInstance()	1	0
ProChannel	std::__1::__invoke_result_impl<void, OZChannelDiscreteColor_Factory::getInstance()::'lambda'()>::type std::__1::__invoke[abi:nqe210106]<OZChannelDiscreteColor_Factory::getInstance()	1	0
ProChannel	std::__1::__list_imp<std::__1::pair<CMTime, double>, std::__1::allocator<std::__1::pair<CMTime, double>>>	1	0
ProChannel	void std::__1::list<std::__1::pair<CMTime, double>, std::__1::allocator<std::__1::pair<CMTime, double>>>::__assign_with_sentinel[abi:nqe210106]<std::__1::__list_const_iterator<std::__1::pair<CMTime, double>, void*>, std::__1::__list_const_iterator<std::__1	1	0
ProChannel	std::__1::__list_iterator<std::__1::pair<CMTime, double>, void*> std::__1::list<std::__1::pair<CMTime, double>, std::__1::allocator<std::__1::pair<CMTime, double>>>::__insert_with_sentinel[abi:nqe210106]<std::__1::__list_const_iterator<std::__1::pair<CMTime, double>, void*>, std::__1::__list_const_iterator<std::__1	1	0
ProChannel	std::__1::list<std::__1::pair<CMTime, double>, std::__1::allocator<std::__1::pair<CMTime, double>>>	1	0
ProChannel	void std::__1::__call_once_proxy[abi:nqe210106]<std::__1::tuple<OZChanObjectRef_Factory::getInstance()	1	0
ProChannel	std::__1::__invoke_result_impl<void, OZChanObjectRef_Factory::getInstance()::'lambda'()>::type std::__1::__invoke[abi:nqe210106]<OZChanObjectRef_Factory::getInstance()	1	0
ProChannel	void std::__1::__call_once_proxy[abi:nqe210106]<std::__1::tuple<OZChanObjectRef::createOZChanObjectRefInfo()	1	0
ProChannel	std::__1::__invoke_result_impl<void, OZChanObjectRef::createOZChanObjectRefInfo()::'lambda'()>::type std::__1::__invoke[abi:nqe210106]<OZChanObjectRef::createOZChanObjectRefInfo()	1	0
ProChannel	void std::__1::__call_once_proxy[abi:nqe210106]<std::__1::tuple<OZChanObjectRef::createOZChanObjectRefImpl(double)	1	0
ProChannel	std::__1::__invoke_result_impl<void, OZChanObjectRef::createOZChanObjectRefImpl(double)::'lambda'()>::type std::__1::__invoke[abi:nqe210106]<OZChanObjectRef::createOZChanObjectRefImpl(double)	1	0
ProChannel	void std::__1::__call_once_proxy[abi:nqe210106]<std::__1::tuple<OZChannelPositionPercent3D_Factory::getInstance()	1	0
ProChannel	std::__1::__invoke_result_impl<void, OZChannelPositionPercent3D_Factory::getInstance()::'lambda'()>::type std::__1::__invoke[abi:nqe210106]<OZChannelPositionPercent3D_Factory::getInstance()	1	0
ProChannel	void std::__1::__call_once_proxy[abi:nqe210106]<std::__1::tuple<OZChannelQuadPercent_Factory::getInstance()	1	0
ProChannel	std::__1::__invoke_result_impl<void, OZChannelQuadPercent_Factory::getInstance()::'lambda'()>::type std::__1::__invoke[abi:nqe210106]<OZChannelQuadPercent_Factory::getInstance()	1	0
ProChannel	void std::__1::__call_once_proxy[abi:nqe210106]<std::__1::tuple<OZChannelLevels_Factory::getInstance()	1	0
ProChannel	std::__1::__invoke_result_impl<void, OZChannelLevels_Factory::getInstance()::'lambda'()>::type std::__1::__invoke[abi:nqe210106]<OZChannelLevels_Factory::getInstance()	1	0
ProChannel	PCThreadSpecific<unsigned int>	1	0
ProChannel	void std::__1::__call_once_proxy[abi:nqe210106]<std::__1::tuple<OZChannelPercent::createOZChannelPercentInfo()	1	0
ProChannel	std::__1::__invoke_result_impl<void, OZChannelPercent::createOZChannelPercentInfo()::'lambda'()>::type std::__1::__invoke[abi:nqe210106]<OZChannelPercent::createOZChannelPercentInfo()	1	0
ProChannel	void std::__1::__call_once_proxy[abi:nqe210106]<std::__1::tuple<OZChannelPercent::createOZChannelPercent100Impl()	1	0
ProChannel	std::__1::__invoke_result_impl<void, OZChannelPercent::createOZChannelPercent100Impl()::'lambda'()>::type std::__1::__invoke[abi:nqe210106]<OZChannelPercent::createOZChannelPercent100Impl()	1	0
ProChannel	void std::__1::__call_once_proxy[abi:nqe210106]<std::__1::tuple<OZCurvePercentSplineState::getInstance()	1	0
ProChannel	std::__1::__invoke_result_impl<void, OZCurvePercentSplineState::getInstance()::'lambda'()>::type std::__1::__invoke[abi:nqe210106]<OZCurvePercentSplineState::getInstance()	1	0
ProChannel	void std::__1::__call_once_proxy[abi:nqe210106]<std::__1::tuple<OZChannelPercent::createOZChannelPercent50Impl()	1	0
ProChannel	std::__1::__invoke_result_impl<void, OZChannelPercent::createOZChannelPercent50Impl()::'lambda'()>::type std::__1::__invoke[abi:nqe210106]<OZChannelPercent::createOZChannelPercent50Impl()	1	0
ProChannel	void std::__1::__call_once_proxy[abi:nqe210106]<std::__1::tuple<OZChannelPercent::createOZChannelPercent0Impl()	1	0
ProChannel	std::__1::__invoke_result_impl<void, OZChannelPercent::createOZChannelPercent0Impl()::'lambda'()>::type std::__1::__invoke[abi:nqe210106]<OZChannelPercent::createOZChannelPercent0Impl()	1	0
ProChannel	void std::__1::__call_once_proxy[abi:nqe210106]<std::__1::tuple<OZChannelHelpButton_Factory::getInstance()	1	0
ProChannel	std::__1::__invoke_result_impl<void, OZChannelHelpButton_Factory::getInstance()::'lambda'()>::type std::__1::__invoke[abi:nqe210106]<OZChannelHelpButton_Factory::getInstance()	1	0
ProCore	PCHEVCParser	1	0
ProCore	operator>>(std::__1::basic_istream<char, std::__1	1	0
ProCore	std::__1::__allocation_result<std::__1::allocator_traits<std::__1::allocator<PCCFRef<CGColorSpace*>>>::pointer> std::__1::__allocate_at_least[abi:nqe210106]<std::__1	1	0
ProCore	std::__1::__allocation_result<std::__1::allocator_traits<std::__1::allocator<PCString>>::pointer> std::__1::__allocate_at_least[abi:nqe210106]<std::__1	1	0
ProCore	std::__1::__allocation_result<std::__1::allocator_traits<std::__1::allocator<std::__1::__map_iterator<std::__1::__tree_iterator<std::__1::__value_type<PCHash128, PCCacheImpl<PCHash128, PCColorSpaceHandle, PCNoLock, std::__1::less<PCHash128>>::Data>, std::__1::__tree_node<std::__1::__value_type<PCHash128, PCCacheImpl<PCHash128, PCColorSpaceHandle, PCNoLock, std::__1::less<PCHash128>>::Data>, void*>*, long>>>>::pointer> std::__1::__allocate_at_least[abi:nqe210106]<std::__1::allocator<std::__1::__map_iterator<std::__1::__tree_iterator<std::__1::__value_type<PCHash128, PCCacheImpl<PCHash128, PCColorSpaceHandle, PCNoLock, std::__1::less<PCHash128>>::Data>, std::__1::__tree_node<std::__1::__value_type<PCHash128, PCCacheImpl<PCHash128, PCColorSpaceHandle, PCNoLock, std::__1::less<PCHash128>>	1	0
ProCore	std::__1::__allocation_result<std::__1::allocator_traits<std::__1::allocator<std::__1::__map_iterator<std::__1::__tree_iterator<std::__1::__value_type<std::__1::tuple<PCColorSpaceHandle const>, PCCacheImpl<std::__1::tuple<PCColorSpaceHandle const>, PCHash128, PCNoLock, std::__1::less<std::__1::tuple<PCColorSpaceHandle const>>>::Data>, std::__1::__tree_node<std::__1::__value_type<std::__1::tuple<PCColorSpaceHandle const>, PCCacheImpl<std::__1::tuple<PCColorSpaceHandle const>, PCHash128, PCNoLock, std::__1::less<std::__1::tuple<PCColorSpaceHandle const>>>::Data>, void*>*, long>>>>::pointer> std::__1::__allocate_at_least[abi:nqe210106]<std::__1::allocator<std::__1::__map_iterator<std::__1::__tree_iterator<std::__1::__value_type<std::__1::tuple<PCColorSpaceHandle const>, PCCacheImpl<std::__1::tuple<PCColorSpaceHandle const>, PCHash128, PCNoLock, std::__1::less<std::__1::tuple<PCColorSpaceHandle const>>>::Data>, std::__1::__tree_node<std::__1::__value_type<std::__1::tuple<PCColorSpaceHandle const>, PCCacheImpl<std::__1::tuple<PCColorSpaceHandle const>, PCHash128, PCNoLock, std::__1::less<std::__1::tuple<PCColorSpaceHandle const>>>	1	0
ProCore	std::__1::__allocation_result<std::__1::allocator_traits<std::__1::allocator<PCTimecodeMode*>>::pointer> std::__1::__allocate_at_least[abi:nqe210106]<std::__1	1	0
ProCore	std::__1::__allocation_result<std::__1::allocator_traits<std::__1::allocator<PCScope*>>::pointer> std::__1::__allocate_at_least[abi:nqe210106]<std::__1	1	0
ProCore	std::__1::__allocation_result<std::__1::allocator_traits<std::__1::allocator<PCAtomBox*>>::pointer> std::__1::__allocate_at_least[abi:nqe210106]<std::__1	1	0
ProCore	std::__1::__allocation_result<std::__1::allocator_traits<std::__1::allocator<PCVector2<float>*>>::pointer> std::__1::__allocate_at_least[abi:nqe210106]<std::__1	1	0
ProCore	std::__1::__allocation_result<std::__1::allocator_traits<std::__1::allocator<Json::PathArgument const*>>::pointer> std::__1::__allocate_at_least[abi:nqe210106]<std::__1::allocator<Json	1	0
ProCore	std::__1::__allocation_result<std::__1::allocator_traits<std::__1::allocator<PCStreamElement**>>::pointer> std::__1::__allocate_at_least[abi:nqe210106]<std::__1	1	0
ProCore	std::__1::__allocation_result<std::__1::allocator_traits<std::__1::allocator<void*>>::pointer> std::__1::__allocate_at_least[abi:nqe210106]<std::__1	1	0
ProCore	std::__1::__allocation_result<std::__1::allocator_traits<std::__1::allocator<double>>::pointer> std::__1::__allocate_at_least[abi:nqe210106]<std::__1	1	0
ProCore	std::__1::__allocation_result<std::__1::allocator_traits<std::__1::allocator<unsigned long>>::pointer> std::__1::__allocate_at_least[abi:nqe210106]<std::__1	1	0
ProCore	void std::__1::__split_buffer<PCAtomBox*, std::__1::allocator<PCAtomBox*>&>	1	0
ProCore	PCVector2<double>* std::__1::vector<PCVector2<double>, std::__1::allocator<PCVector2<double>>>	1	0
ProCore	std::__1::__wrap_iter<PCVector2<double>*> std::__1::vector<PCVector2<double>, std::__1::allocator<PCVector2<double>>>::__insert_with_size[abi:nqe210106]<std::__1::__wrap_iter<PCVector2<double>*>, std::__1	1	0
ProCore	PCCachedFunctionImpl<PCCFRef<vImageConverter*>, PCCFRef<CGColorSpace*>, PCColorUtil::AlphaFormat, PCCFRef<CGColorSpace*>, PCColorUtil::AlphaFormat>	1	0
ProCore	PCCachedFunctionImpl<PCCFRef<vImageConverter*>, PCCFRef<CGColorSpace*>, PCColorUtil::AlphaFormat, PCCFRef<CGColorSpace*>, PCColorUtil::AlphaFormat>::PCCachedFunctionImpl<PCCFRef<vImageConverter*> (*)(PCCFRef<CGColorSpace*> const&, PCColorUtil::AlphaFormat, PCCFRef<CGColorSpace*> const&, PCColorUtil	1	0
ProCore	std::__1::function<PCCFRef<vImageConverter*> (PCCFRef<CGColorSpace*>, PCColorUtil::AlphaFormat, PCCFRef<CGColorSpace*>, PCColorUtil::AlphaFormat)>	1	0
ProCore	PCLockSentry<PCSpinLock>	1	0
ProCore	std::__1::__tuple_impl<std::__1::__tuple_indices<0ul, 1ul, 2ul, 3ul>, PCCFRef<CGColorSpace*>, PCColorUtil::AlphaFormat, PCCFRef<CGColorSpace*>, PCColorUtil::AlphaFormat>::__tuple_impl[abi:nqe210106]<0ul, 1ul, 2ul, 3ul, PCCFRef<CGColorSpace*>, PCColorUtil::AlphaFormat, PCCFRef<CGColorSpace*>, PCColorUtil::AlphaFormat, PCCFRef<CGColorSpace*> const, PCColorUtil::AlphaFormat const, PCCFRef<CGColorSpace*> const, PCColorUtil	1	0
ProCore	std::__1::__tree_iterator<std::__1::__value_type<std::__1::tuple<PCCFRef<CGColorSpace*>, PCColorUtil::AlphaFormat, PCCFRef<CGColorSpace*>, PCColorUtil::AlphaFormat>, PCCacheImpl<std::__1::tuple<PCCFRef<CGColorSpace*>, PCColorUtil::AlphaFormat, PCCFRef<CGColorSpace*>, PCColorUtil::AlphaFormat>, PCCFRef<vImageConverter*>, PCNoLock, std::__1::less<std::__1::tuple<PCCFRef<CGColorSpace*>, PCColorUtil::AlphaFormat, PCCFRef<CGColorSpace*>, PCColorUtil::AlphaFormat>>>::Data>, std::__1::__tree_node<std::__1::__value_type<std::__1::tuple<PCCFRef<CGColorSpace*>, PCColorUtil::AlphaFormat, PCCFRef<CGColorSpace*>, PCColorUtil::AlphaFormat>, PCCacheImpl<std::__1::tuple<PCCFRef<CGColorSpace*>, PCColorUtil::AlphaFormat, PCCFRef<CGColorSpace*>, PCColorUtil::AlphaFormat>, PCCFRef<vImageConverter*>, PCNoLock, std::__1::less<std::__1::tuple<PCCFRef<CGColorSpace*>, PCColorUtil::AlphaFormat, PCCFRef<CGColorSpace*>, PCColorUtil::AlphaFormat>>>::Data>, void*>*, long> std::__1::__tree<std::__1::__value_type<std::__1::tuple<PCCFRef<CGColorSpace*>, PCColorUtil::AlphaFormat, PCCFRef<CGColorSpace*>, PCColorUtil::AlphaFormat>, PCCacheImpl<std::__1::tuple<PCCFRef<CGColorSpace*>, PCColorUtil::AlphaFormat, PCCFRef<CGColorSpace*>, PCColorUtil::AlphaFormat>, PCCFRef<vImageConverter*>, PCNoLock, std::__1::less<std::__1::tuple<PCCFRef<CGColorSpace*>, PCColorUtil::AlphaFormat, PCCFRef<CGColorSpace*>, PCColorUtil::AlphaFormat>>>::Data>, std::__1::__map_value_compare<std::__1::tuple<PCCFRef<CGColorSpace*>, PCColorUtil::AlphaFormat, PCCFRef<CGColorSpace*>, PCColorUtil::AlphaFormat>, std::__1::pair<std::__1::tuple<PCCFRef<CGColorSpace*>, PCColorUtil::AlphaFormat, PCCFRef<CGColorSpace*>, PCColorUtil::AlphaFormat> const, PCCacheImpl<std::__1::tuple<PCCFRef<CGColorSpace*>, PCColorUtil::AlphaFormat, PCCFRef<CGColorSpace*>, PCColorUtil::AlphaFormat>, PCCFRef<vImageConverter*>, PCNoLock, std::__1::less<std::__1::tuple<PCCFRef<CGColorSpace*>, PCColorUtil::AlphaFormat, PCCFRef<CGColorSpace*>, PCColorUtil::AlphaFormat>>>::Data>, std::__1::less<std::__1::tuple<PCCFRef<CGColorSpace*>, PCColorUtil::AlphaFormat, PCCFRef<CGColorSpace*>, PCColorUtil::AlphaFormat>>, true>, std::__1::allocator<std::__1::pair<std::__1::tuple<PCCFRef<CGColorSpace*>, PCColorUtil::AlphaFormat, PCCFRef<CGColorSpace*>, PCColorUtil::AlphaFormat> const, PCCacheImpl<std::__1::tuple<PCCFRef<CGColorSpace*>, PCColorUtil::AlphaFormat, PCCFRef<CGColorSpace*>, PCColorUtil::AlphaFormat>, PCCFRef<vImageConverter*>, PCNoLock, std::__1::less<std::__1::tuple<PCCFRef<CGColorSpace*>, PCColorUtil::AlphaFormat, PCCFRef<CGColorSpace*>, PCColorUtil::AlphaFormat>>>::Data>>>::find<std::__1::tuple<PCCFRef<CGColorSpace*>, PCColorUtil::AlphaFormat, PCCFRef<CGColorSpace*>, PCColorUtil	1	0
ProCore	bool std::__1::__tuple_less<4ul>	1	0
ProCore	std::__1::pair<std::__1::__tree_iterator<std::__1::__value_type<std::__1::tuple<PCCFRef<CGColorSpace*>, PCColorUtil::AlphaFormat, PCCFRef<CGColorSpace*>, PCColorUtil::AlphaFormat>, PCCacheImpl<std::__1::tuple<PCCFRef<CGColorSpace*>, PCColorUtil::AlphaFormat, PCCFRef<CGColorSpace*>, PCColorUtil::AlphaFormat>, PCCFRef<vImageConverter*>, PCNoLock, std::__1::less<std::__1::tuple<PCCFRef<CGColorSpace*>, PCColorUtil::AlphaFormat, PCCFRef<CGColorSpace*>, PCColorUtil::AlphaFormat>>>::Data>, std::__1::__tree_node<std::__1::__value_type<std::__1::tuple<PCCFRef<CGColorSpace*>, PCColorUtil::AlphaFormat, PCCFRef<CGColorSpace*>, PCColorUtil::AlphaFormat>, PCCacheImpl<std::__1::tuple<PCCFRef<CGColorSpace*>, PCColorUtil::AlphaFormat, PCCFRef<CGColorSpace*>, PCColorUtil::AlphaFormat>, PCCFRef<vImageConverter*>, PCNoLock, std::__1::less<std::__1::tuple<PCCFRef<CGColorSpace*>, PCColorUtil::AlphaFormat, PCCFRef<CGColorSpace*>, PCColorUtil::AlphaFormat>>>::Data>, void*>*, long>, bool> std::__1::__tree<std::__1::__value_type<std::__1::tuple<PCCFRef<CGColorSpace*>, PCColorUtil::AlphaFormat, PCCFRef<CGColorSpace*>, PCColorUtil::AlphaFormat>, PCCacheImpl<std::__1::tuple<PCCFRef<CGColorSpace*>, PCColorUtil::AlphaFormat, PCCFRef<CGColorSpace*>, PCColorUtil::AlphaFormat>, PCCFRef<vImageConverter*>, PCNoLock, std::__1::less<std::__1::tuple<PCCFRef<CGColorSpace*>, PCColorUtil::AlphaFormat, PCCFRef<CGColorSpace*>, PCColorUtil::AlphaFormat>>>::Data>, std::__1::__map_value_compare<std::__1::tuple<PCCFRef<CGColorSpace*>, PCColorUtil::AlphaFormat, PCCFRef<CGColorSpace*>, PCColorUtil::AlphaFormat>, std::__1::pair<std::__1::tuple<PCCFRef<CGColorSpace*>, PCColorUtil::AlphaFormat, PCCFRef<CGColorSpace*>, PCColorUtil::AlphaFormat> const, PCCacheImpl<std::__1::tuple<PCCFRef<CGColorSpace*>, PCColorUtil::AlphaFormat, PCCFRef<CGColorSpace*>, PCColorUtil::AlphaFormat>, PCCFRef<vImageConverter*>, PCNoLock, std::__1::less<std::__1::tuple<PCCFRef<CGColorSpace*>, PCColorUtil::AlphaFormat, PCCFRef<CGColorSpace*>, PCColorUtil::AlphaFormat>>>::Data>, std::__1::less<std::__1::tuple<PCCFRef<CGColorSpace*>, PCColorUtil::AlphaFormat, PCCFRef<CGColorSpace*>, PCColorUtil::AlphaFormat>>, true>, std::__1::allocator<std::__1::pair<std::__1::tuple<PCCFRef<CGColorSpace*>, PCColorUtil::AlphaFormat, PCCFRef<CGColorSpace*>, PCColorUtil::AlphaFormat> const, PCCacheImpl<std::__1::tuple<PCCFRef<CGColorSpace*>, PCColorUtil::AlphaFormat, PCCFRef<CGColorSpace*>, PCColorUtil::AlphaFormat>, PCCFRef<vImageConverter*>, PCNoLock, std::__1::less<std::__1::tuple<PCCFRef<CGColorSpace*>, PCColorUtil::AlphaFormat, PCCFRef<CGColorSpace*>, PCColorUtil::AlphaFormat>>>::Data>>>::__emplace_unique_key_args<std::__1::tuple<PCCFRef<CGColorSpace*>, PCColorUtil::AlphaFormat, PCCFRef<CGColorSpace*>, PCColorUtil::AlphaFormat>, std::__1::pair<std::__1::tuple<PCCFRef<CGColorSpace*>, PCColorUtil::AlphaFormat, PCCFRef<CGColorSpace*>, PCColorUtil::AlphaFormat> const, PCCacheImpl<std::__1::tuple<PCCFRef<CGColorSpace*>, PCColorUtil::AlphaFormat, PCCFRef<CGColorSpace*>, PCColorUtil::AlphaFormat>, PCCFRef<vImageConverter*>, PCNoLock, std::__1::less<std::__1::tuple<PCCFRef<CGColorSpace*>, PCColorUtil::AlphaFormat, PCCFRef<CGColorSpace*>, PCColorUtil::AlphaFormat>>>	1	0
ProCore	std::__1::__tree_node_base<void*>*& std::__1::__tree<std::__1::__value_type<std::__1::tuple<PCCFRef<CGColorSpace*>, PCColorUtil::AlphaFormat, PCCFRef<CGColorSpace*>, PCColorUtil::AlphaFormat>, PCCacheImpl<std::__1::tuple<PCCFRef<CGColorSpace*>, PCColorUtil::AlphaFormat, PCCFRef<CGColorSpace*>, PCColorUtil::AlphaFormat>, PCCFRef<vImageConverter*>, PCNoLock, std::__1::less<std::__1::tuple<PCCFRef<CGColorSpace*>, PCColorUtil::AlphaFormat, PCCFRef<CGColorSpace*>, PCColorUtil::AlphaFormat>>>::Data>, std::__1::__map_value_compare<std::__1::tuple<PCCFRef<CGColorSpace*>, PCColorUtil::AlphaFormat, PCCFRef<CGColorSpace*>, PCColorUtil::AlphaFormat>, std::__1::pair<std::__1::tuple<PCCFRef<CGColorSpace*>, PCColorUtil::AlphaFormat, PCCFRef<CGColorSpace*>, PCColorUtil::AlphaFormat> const, PCCacheImpl<std::__1::tuple<PCCFRef<CGColorSpace*>, PCColorUtil::AlphaFormat, PCCFRef<CGColorSpace*>, PCColorUtil::AlphaFormat>, PCCFRef<vImageConverter*>, PCNoLock, std::__1::less<std::__1::tuple<PCCFRef<CGColorSpace*>, PCColorUtil::AlphaFormat, PCCFRef<CGColorSpace*>, PCColorUtil::AlphaFormat>>>::Data>, std::__1::less<std::__1::tuple<PCCFRef<CGColorSpace*>, PCColorUtil::AlphaFormat, PCCFRef<CGColorSpace*>, PCColorUtil::AlphaFormat>>, true>, std::__1::allocator<std::__1::pair<std::__1::tuple<PCCFRef<CGColorSpace*>, PCColorUtil::AlphaFormat, PCCFRef<CGColorSpace*>, PCColorUtil::AlphaFormat> const, PCCacheImpl<std::__1::tuple<PCCFRef<CGColorSpace*>, PCColorUtil::AlphaFormat, PCCFRef<CGColorSpace*>, PCColorUtil::AlphaFormat>, PCCFRef<vImageConverter*>, PCNoLock, std::__1::less<std::__1::tuple<PCCFRef<CGColorSpace*>, PCColorUtil::AlphaFormat, PCCFRef<CGColorSpace*>, PCColorUtil::AlphaFormat>>>::Data>>>::__find_equal<std::__1::tuple<PCCFRef<CGColorSpace*>, PCColorUtil::AlphaFormat, PCCFRef<CGColorSpace*>, PCColorUtil	1	0
ProCore	std::__1::unique_ptr<std::__1::__tree_node<std::__1::__value_type<std::__1::tuple<PCCFRef<CGColorSpace*>, PCColorUtil::AlphaFormat, PCCFRef<CGColorSpace*>, PCColorUtil::AlphaFormat>, PCCacheImpl<std::__1::tuple<PCCFRef<CGColorSpace*>, PCColorUtil::AlphaFormat, PCCFRef<CGColorSpace*>, PCColorUtil::AlphaFormat>, PCCFRef<vImageConverter*>, PCNoLock, std::__1::less<std::__1::tuple<PCCFRef<CGColorSpace*>, PCColorUtil::AlphaFormat, PCCFRef<CGColorSpace*>, PCColorUtil::AlphaFormat>>>::Data>, void*>, std::__1::__tree_node_destructor<std::__1::allocator<std::__1::__tree_node<std::__1::__value_type<std::__1::tuple<PCCFRef<CGColorSpace*>, PCColorUtil::AlphaFormat, PCCFRef<CGColorSpace*>, PCColorUtil::AlphaFormat>, PCCacheImpl<std::__1::tuple<PCCFRef<CGColorSpace*>, PCColorUtil::AlphaFormat, PCCFRef<CGColorSpace*>, PCColorUtil::AlphaFormat>, PCCFRef<vImageConverter*>, PCNoLock, std::__1::less<std::__1::tuple<PCCFRef<CGColorSpace*>, PCColorUtil::AlphaFormat, PCCFRef<CGColorSpace*>, PCColorUtil::AlphaFormat>>>::Data>, void*>>>> std::__1::__tree<std::__1::__value_type<std::__1::tuple<PCCFRef<CGColorSpace*>, PCColorUtil::AlphaFormat, PCCFRef<CGColorSpace*>, PCColorUtil::AlphaFormat>, PCCacheImpl<std::__1::tuple<PCCFRef<CGColorSpace*>, PCColorUtil::AlphaFormat, PCCFRef<CGColorSpace*>, PCColorUtil::AlphaFormat>, PCCFRef<vImageConverter*>, PCNoLock, std::__1::less<std::__1::tuple<PCCFRef<CGColorSpace*>, PCColorUtil::AlphaFormat, PCCFRef<CGColorSpace*>, PCColorUtil::AlphaFormat>>>::Data>, std::__1::__map_value_compare<std::__1::tuple<PCCFRef<CGColorSpace*>, PCColorUtil::AlphaFormat, PCCFRef<CGColorSpace*>, PCColorUtil::AlphaFormat>, std::__1::pair<std::__1::tuple<PCCFRef<CGColorSpace*>, PCColorUtil::AlphaFormat, PCCFRef<CGColorSpace*>, PCColorUtil::AlphaFormat> const, PCCacheImpl<std::__1::tuple<PCCFRef<CGColorSpace*>, PCColorUtil::AlphaFormat, PCCFRef<CGColorSpace*>, PCColorUtil::AlphaFormat>, PCCFRef<vImageConverter*>, PCNoLock, std::__1::less<std::__1::tuple<PCCFRef<CGColorSpace*>, PCColorUtil::AlphaFormat, PCCFRef<CGColorSpace*>, PCColorUtil::AlphaFormat>>>::Data>, std::__1::less<std::__1::tuple<PCCFRef<CGColorSpace*>, PCColorUtil::AlphaFormat, PCCFRef<CGColorSpace*>, PCColorUtil::AlphaFormat>>, true>, std::__1::allocator<std::__1::pair<std::__1::tuple<PCCFRef<CGColorSpace*>, PCColorUtil::AlphaFormat, PCCFRef<CGColorSpace*>, PCColorUtil::AlphaFormat> const, PCCacheImpl<std::__1::tuple<PCCFRef<CGColorSpace*>, PCColorUtil::AlphaFormat, PCCFRef<CGColorSpace*>, PCColorUtil::AlphaFormat>, PCCFRef<vImageConverter*>, PCNoLock, std::__1::less<std::__1::tuple<PCCFRef<CGColorSpace*>, PCColorUtil::AlphaFormat, PCCFRef<CGColorSpace*>, PCColorUtil::AlphaFormat>>>::Data>>>::__construct_node<std::__1::pair<std::__1::tuple<PCCFRef<CGColorSpace*>, PCColorUtil::AlphaFormat, PCCFRef<CGColorSpace*>, PCColorUtil::AlphaFormat> const, PCCacheImpl<std::__1::tuple<PCCFRef<CGColorSpace*>, PCColorUtil::AlphaFormat, PCCFRef<CGColorSpace*>, PCColorUtil::AlphaFormat>, PCCFRef<vImageConverter*>, PCNoLock, std::__1::less<std::__1::tuple<PCCFRef<CGColorSpace*>, PCColorUtil::AlphaFormat, PCCFRef<CGColorSpace*>, PCColorUtil::AlphaFormat>>>	1	0
ProCore	std::__1::__tree<PCString, std::__1::less<PCString>, std::__1::allocator<PCString>>	1	0
ProCore	std::__1::__tuple_impl<std::__1::__tuple_indices<0ul, 1ul, 2ul, 3ul>, PCCFRef<CGColorSpace*>, PCColorUtil::AlphaFormat, PCCFRef<CGColorSpace*>, PCColorUtil::AlphaFormat>	1	0
ProCore	std::__1::__tree_node_destructor<std::__1::allocator<std::__1::__tree_node<std::__1::__value_type<std::__1::tuple<PCCFRef<CGColorSpace*>, PCColorUtil::AlphaFormat, PCCFRef<CGColorSpace*>, PCColorUtil::AlphaFormat>, PCCacheImpl<std::__1::tuple<PCCFRef<CGColorSpace*>, PCColorUtil::AlphaFormat, PCCFRef<CGColorSpace*>, PCColorUtil::AlphaFormat>, PCCFRef<vImageConverter*>, PCNoLock, std::__1::less<std::__1::tuple<PCCFRef<CGColorSpace*>, PCColorUtil::AlphaFormat, PCCFRef<CGColorSpace*>, PCColorUtil::AlphaFormat>>>::Data>, void*>>>	1	0
ProCore	std::__1::pair<std::__1::tuple<PCCFRef<CGColorSpace*>, PCColorUtil::AlphaFormat, PCCFRef<CGColorSpace*>, PCColorUtil::AlphaFormat> const, PCCacheImpl<std::__1::tuple<PCCFRef<CGColorSpace*>, PCColorUtil::AlphaFormat, PCCFRef<CGColorSpace*>, PCColorUtil::AlphaFormat>, PCCFRef<vImageConverter*>, PCNoLock, std::__1::less<std::__1::tuple<PCCFRef<CGColorSpace*>, PCColorUtil::AlphaFormat, PCCFRef<CGColorSpace*>, PCColorUtil::AlphaFormat>>>::Data>::pair[abi:nqe210106]<std::__1::__check_pair_construction<std::__1::tuple<PCCFRef<CGColorSpace*>, PCColorUtil::AlphaFormat, PCCFRef<CGColorSpace*>, PCColorUtil::AlphaFormat> const, PCCacheImpl<std::__1::tuple<PCCFRef<CGColorSpace*>, PCColorUtil::AlphaFormat, PCCFRef<CGColorSpace*>, PCColorUtil::AlphaFormat>, PCCFRef<vImageConverter*>, PCNoLock, std::__1::less<std::__1::tuple<PCCFRef<CGColorSpace*>, PCColorUtil::AlphaFormat, PCCFRef<CGColorSpace*>, PCColorUtil::AlphaFormat>>>	1	0
ProCore	std::__1::__allocation_result<std::__1::allocator_traits<std::__1::allocator<std::__1::__map_iterator<std::__1::__tree_iterator<std::__1::__value_type<std::__1::tuple<PCCFRef<CGColorSpace*>, PCColorUtil::AlphaFormat, PCCFRef<CGColorSpace*>, PCColorUtil::AlphaFormat>, PCCacheImpl<std::__1::tuple<PCCFRef<CGColorSpace*>, PCColorUtil::AlphaFormat, PCCFRef<CGColorSpace*>, PCColorUtil::AlphaFormat>, PCCFRef<vImageConverter*>, PCNoLock, std::__1::less<std::__1::tuple<PCCFRef<CGColorSpace*>, PCColorUtil::AlphaFormat, PCCFRef<CGColorSpace*>, PCColorUtil::AlphaFormat>>>::Data>, std::__1::__tree_node<std::__1::__value_type<std::__1::tuple<PCCFRef<CGColorSpace*>, PCColorUtil::AlphaFormat, PCCFRef<CGColorSpace*>, PCColorUtil::AlphaFormat>, PCCacheImpl<std::__1::tuple<PCCFRef<CGColorSpace*>, PCColorUtil::AlphaFormat, PCCFRef<CGColorSpace*>, PCColorUtil::AlphaFormat>, PCCFRef<vImageConverter*>, PCNoLock, std::__1::less<std::__1::tuple<PCCFRef<CGColorSpace*>, PCColorUtil::AlphaFormat, PCCFRef<CGColorSpace*>, PCColorUtil::AlphaFormat>>>::Data>, void*>*, long>>>>::pointer> std::__1::__allocate_at_least[abi:nqe210106]<std::__1::allocator<std::__1::__map_iterator<std::__1::__tree_iterator<std::__1::__value_type<std::__1::tuple<PCCFRef<CGColorSpace*>, PCColorUtil::AlphaFormat, PCCFRef<CGColorSpace*>, PCColorUtil::AlphaFormat>, PCCacheImpl<std::__1::tuple<PCCFRef<CGColorSpace*>, PCColorUtil::AlphaFormat, PCCFRef<CGColorSpace*>, PCColorUtil::AlphaFormat>, PCCFRef<vImageConverter*>, PCNoLock, std::__1::less<std::__1::tuple<PCCFRef<CGColorSpace*>, PCColorUtil::AlphaFormat, PCCFRef<CGColorSpace*>, PCColorUtil::AlphaFormat>>>::Data>, std::__1::__tree_node<std::__1::__value_type<std::__1::tuple<PCCFRef<CGColorSpace*>, PCColorUtil::AlphaFormat, PCCFRef<CGColorSpace*>, PCColorUtil::AlphaFormat>, PCCacheImpl<std::__1::tuple<PCCFRef<CGColorSpace*>, PCColorUtil::AlphaFormat, PCCFRef<CGColorSpace*>, PCColorUtil::AlphaFormat>, PCCFRef<vImageConverter*>, PCNoLock, std::__1::less<std::__1::tuple<PCCFRef<CGColorSpace*>, PCColorUtil::AlphaFormat, PCCFRef<CGColorSpace*>, PCColorUtil::AlphaFormat>>>	1	0
ProCore	std::__1::__allocation_result<std::__1::allocator_traits<std::__1::allocator<PCXMLWriteStream::PCXMLElementInfo*>>::pointer> std::__1::__allocate_at_least[abi:nqe210106]<std::__1::allocator<PCXMLWriteStream	1	0
ProCore	std::__1::__allocation_result<std::__1::allocator_traits<std::__1::allocator<PCBinaryXMLWriteStream::PCBinaryXMLElementInfo*>>::pointer> std::__1::__allocate_at_least[abi:nqe210106]<std::__1::allocator<PCBinaryXMLWriteStream	1	0
ProCore	std::__1::__allocation_result<std::__1::allocator_traits<std::__1::allocator<PCSerializerReadStream::HandlerInfo*>>::pointer> std::__1::__allocate_at_least[abi:nqe210106]<std::__1::allocator<PCSerializerReadStream	1	0
ProCore	std::__1::__allocation_result<std::__1::allocator_traits<std::__1::allocator<Json::Reader::ErrorInfo*>>::pointer> std::__1::__allocate_at_least[abi:nqe210106]<std::__1::allocator<Json::Reader	1	0
ProCore	std::__1::__allocation_result<std::__1::allocator_traits<std::__1::allocator<Json::OurReader::ErrorInfo*>>::pointer> std::__1::__allocate_at_least[abi:nqe210106]<std::__1::allocator<Json::OurReader	1	0
ProCore	std::__1::__allocation_result<std::__1::allocator_traits<std::__1::allocator<std::__1::pair<BezInfo, BezInfo>*>>::pointer> std::__1::__allocate_at_least[abi:nqe210106]<std::__1::allocator<std::__1	1	0
ProCore	std::__1::__allocation_result<std::__1::allocator_traits<std::__1::allocator<std::__1::pair<std::__1::vector<PCVector2<double>, std::__1::allocator<PCVector2<double>>>, std::__1::vector<PCVector2<double>, std::__1::allocator<PCVector2<double>>>>*>>::pointer> std::__1::__allocate_at_least[abi:nqe210106]<std::__1::allocator<std::__1::pair<std::__1::vector<PCVector2<double>, std::__1::allocator<PCVector2<double>>>, std::__1::vector<PCVector2<double>, std::__1	1	0
ProCore	std::__1::__allocation_result<std::__1::allocator_traits<std::__1::allocator<std::__1::__state<char>*>>::pointer> std::__1::__allocate_at_least[abi:nqe210106]<std::__1::allocator<std::__1	1	0
ProCore	std::__1::__allocation_result<std::__1::allocator_traits<std::__1::allocator<Json::Value**>>::pointer> std::__1::__allocate_at_least[abi:nqe210106]<std::__1::allocator<Json	1	0
ProCore	std::__1::__allocation_result<std::__1::allocator_traits<std::__1::allocator<float>>::pointer> std::__1::__allocate_at_least[abi:nqe210106]<std::__1	1	0
ProCore	std::__1::__allocation_result<std::__1::allocator_traits<std::__1::allocator<int>>::pointer> std::__1::__allocate_at_least[abi:nqe210106]<std::__1	1	0
ProCore	PCCFRef<CGColorConversionInfo const*>	1	0
ProCore	void std::__1::vector<float, std::__1::allocator<float>>	1	0
ProCore	std::__1::vector<PCString, std::__1::allocator<PCString>>::__destroy_vector	1	0
ProCore	std::__1::__split_buffer<PCString, std::__1::allocator<PCString>&>	1	0
ProCore	PCVector3<double>& PCMatrix44Tmpl<double>	1	0
ProCore	PCVector3<double>	1	0
ProCore	PCPlane<double>	1	0
ProCore	PCArray<PCVector2<float>, PCArray_Traits<PCVector2<float>>>	1	0
ProCore	PCMatrix33Tmpl<float>	1	0
ProCore	void std::__1::vector<bool, std::__1::allocator<bool>>::__construct_at_end<std::__1::__bit_iterator<std::__1::vector<bool, std::__1::allocator<bool>>, false, 0ul>, std::__1::__bit_iterator<std::__1::vector<bool, std::__1	1	0
ProCore	std::__1::pair<std::__1::__bit_iterator<std::__1::vector<bool, std::__1::allocator<bool>>, false, 0ul>, std::__1::__bit_iterator<std::__1::vector<bool, std::__1::allocator<bool>>, false, 0ul>> std::__1::__copy_move_unwrap_iters[abi:nqe210106]<std::__1::__copy_impl, std::__1::__bit_iterator<std::__1::vector<bool, std::__1::allocator<bool>>, false, 0ul>, std::__1::__bit_iterator<std::__1::vector<bool, std::__1::allocator<bool>>, false, 0ul>, std::__1::__bit_iterator<std::__1::vector<bool, std::__1	1	0
ProCore	std::__1::pair<std::__1::__bit_iterator<std::__1::vector<bool, std::__1::allocator<bool>>, false, 0>, std::__1::__bit_iterator<std::__1::vector<bool, std::__1::allocator<bool>>, false, 0>> std::__1::__copy_impl	1	0
ProCore	std::__1::pair<std::__1::__bit_iterator<std::__1::vector<bool, std::__1::allocator<bool>>, true, 0>, std::__1::__bit_iterator<std::__1::vector<bool, std::__1::allocator<bool>>, false, 0>> std::__1::__copy_impl	1	0
ProCore	void std::__1::__fill_n_bool[abi:nqe210106]<true, std::__1::vector<bool, std::__1	1	0
ProCore	void std::__1::__fill_n_bool[abi:nqe210106]<false, std::__1::vector<bool, std::__1	1	0
ProCore	PCLockSentry<PCMutex>	1	0
ProCore	std::__1::__allocation_result<std::__1::allocator_traits<std::__1::allocator<PCVector2<double>>>::pointer> std::__1::__allocate_at_least[abi:nqe210106]<std::__1	1	0
ProCore	std::__1::__allocation_result<std::__1::allocator_traits<std::__1::allocator<PCSingleton::Info>>::pointer> std::__1::__allocate_at_least[abi:nqe210106]<std::__1::allocator<PCSingleton	1	0
ProCore	std::__1::__allocation_result<std::__1::allocator_traits<std::__1::allocator<cc::__v4_t<float>>>::pointer> std::__1::__allocate_at_least[abi:nqe210106]<std::__1::allocator<cc	1	0
ProCore	std::__1::__allocation_result<std::__1::allocator_traits<std::__1::allocator<std::__1::shared_ptr<std::__1::vector<unsigned char, std::__1::allocator<unsigned char>>>>>::pointer> std::__1::__allocate_at_least[abi:nqe210106]<std::__1::allocator<std::__1::shared_ptr<std::__1::vector<unsigned char, std::__1	1	0
ProCore	std::__1::__allocation_result<std::__1::allocator_traits<std::__1::allocator<std::__1::pair<unsigned long, char const*>>>::pointer> std::__1::__allocate_at_least[abi:nqe210106]<std::__1::allocator<std::__1	1	0
ProCore	void std::__1::vector<PCSingleton::Info, std::__1::allocator<PCSingleton::Info>>::__assign_with_size[abi:nqe210106]<PCSingleton::Info*, PCSingleton	1	0
ProCore	void std::__1::__introsort<std::__1::_ClassicAlgPolicy, PCSingleton::Compare&, PCSingleton	1	0
ProCore	void std::__1::__sort5[abi:nqe210106]<std::__1::_ClassicAlgPolicy, PCSingleton::Compare&, PCSingleton	1	0
ProCore	void std::__1::__insertion_sort[abi:nqe210106]<std::__1::_ClassicAlgPolicy, PCSingleton::Compare&, PCSingleton	1	0
ProCore	void std::__1::__insertion_sort_unguarded[abi:nqe210106]<std::__1::_ClassicAlgPolicy, PCSingleton::Compare&, PCSingleton	1	0
ProCore	PCSingleton::Info* std::__1::__partition_with_equals_on_left[abi:nqe210106]<std::__1::_ClassicAlgPolicy, PCSingleton::Info*, PCSingleton	1	0
ProCore	std::__1::pair<PCSingleton::Info*, bool> std::__1::__partition_with_equals_on_right[abi:nqe210106]<std::__1::_ClassicAlgPolicy, PCSingleton::Info*, PCSingleton	1	0
ProCore	bool std::__1::__insertion_sort_incomplete[abi:nqe210106]<std::__1::_ClassicAlgPolicy, PCSingleton::Compare&, PCSingleton	1	0
ProCore	PCSingleton::Info* std::__1::__partial_sort_impl[abi:nqe210106]<std::__1::_ClassicAlgPolicy, PCSingleton::Compare&, PCSingleton::Info*, PCSingleton	1	0
ProCore	void std::__1::__sift_down[abi:nqe210106]<std::__1::_ClassicAlgPolicy, PCSingleton::Compare&, PCSingleton	1	0
ProCore	void std::__1::__sift_up[abi:nqe210106]<std::__1::_ClassicAlgPolicy, PCSingleton::Compare&, PCSingleton	1	0
ProCore	std::length_error	1	0
ProCore	PCUUID	1	0
ProCore	PCWeakCount	1	0
ProCore	PCSerializer	1	0
ProCore	void std::__1::vector<PCScope*, std::__1::allocator<PCScope*>>	1	0
ProCore	void std::__1::__split_buffer<PCXMLWriteStream::PCXMLElementInfo*, std::__1::allocator<PCXMLWriteStream::PCXMLElementInfo*>>::emplace_front<PCXMLWriteStream	1	0
ProCore	void std::__1::__split_buffer<PCBinaryXMLWriteStream::PCBinaryXMLElementInfo*, std::__1::allocator<PCBinaryXMLWriteStream::PCBinaryXMLElementInfo*>>::emplace_front<PCBinaryXMLWriteStream	1	0
ProCore	void std::__1::__split_buffer<PCSerializerReadStream::HandlerInfo*, std::__1::allocator<PCSerializerReadStream::HandlerInfo*>>::emplace_front<PCSerializerReadStream	1	0
ProCore	void std::__1::__split_buffer<Json::Reader::ErrorInfo*, std::__1::allocator<Json::Reader::ErrorInfo*>>::emplace_front<Json::Reader	1	0
ProCore	void std::__1::__split_buffer<Json::OurReader::ErrorInfo*, std::__1::allocator<Json::OurReader::ErrorInfo*>>::emplace_front<Json::OurReader	1	0
ProCore	void std::__1::__split_buffer<std::__1::pair<BezInfo, BezInfo>*, std::__1::allocator<std::__1::pair<BezInfo, BezInfo>*>>::emplace_front<std::__1	1	0
ProCore	void std::__1::__split_buffer<std::__1::pair<std::__1::vector<PCVector2<double>, std::__1::allocator<PCVector2<double>>>, std::__1::vector<PCVector2<double>, std::__1::allocator<PCVector2<double>>>>*, std::__1::allocator<std::__1::pair<std::__1::vector<PCVector2<double>, std::__1::allocator<PCVector2<double>>>, std::__1::vector<PCVector2<double>, std::__1::allocator<PCVector2<double>>>>*>>::emplace_front<std::__1::pair<std::__1::vector<PCVector2<double>, std::__1::allocator<PCVector2<double>>>, std::__1::vector<PCVector2<double>, std::__1	1	0
ProCore	void std::__1::__split_buffer<Json::Value**, std::__1::allocator<Json::Value**>>::emplace_front<Json	1	0
ProCore	void std::__1::__split_buffer<PCXMLWriteStream::PCXMLElementInfo*, std::__1::allocator<PCXMLWriteStream::PCXMLElementInfo*>&>::emplace_back<PCXMLWriteStream	1	0
ProCore	void std::__1::__split_buffer<PCBinaryXMLWriteStream::PCBinaryXMLElementInfo*, std::__1::allocator<PCBinaryXMLWriteStream::PCBinaryXMLElementInfo*>&>::emplace_back<PCBinaryXMLWriteStream	1	0
ProCore	void std::__1::__split_buffer<PCSerializerReadStream::HandlerInfo*, std::__1::allocator<PCSerializerReadStream::HandlerInfo*>&>::emplace_back<PCSerializerReadStream	1	0
ProCore	void std::__1::__split_buffer<std::__1::pair<BezInfo, BezInfo>*, std::__1::allocator<std::__1::pair<BezInfo, BezInfo>*>&>::emplace_back<std::__1	1	0
ProCore	void std::__1::__split_buffer<std::__1::pair<std::__1::vector<PCVector2<double>, std::__1::allocator<PCVector2<double>>>, std::__1::vector<PCVector2<double>, std::__1::allocator<PCVector2<double>>>>*, std::__1::allocator<std::__1::pair<std::__1::vector<PCVector2<double>, std::__1::allocator<PCVector2<double>>>, std::__1::vector<PCVector2<double>, std::__1::allocator<PCVector2<double>>>>*>&>::emplace_back<std::__1::pair<std::__1::vector<PCVector2<double>, std::__1::allocator<PCVector2<double>>>, std::__1::vector<PCVector2<double>, std::__1	1	0
ProCore	void std::__1::__split_buffer<Json::Value**, std::__1::allocator<Json::Value**>&>::emplace_back<Json	1	0
ProCore	void std::__1::__split_buffer<PCXMLWriteStream::PCXMLElementInfo*, std::__1::allocator<PCXMLWriteStream::PCXMLElementInfo*>&>::emplace_front<PCXMLWriteStream	1	0
ProCore	void std::__1::__split_buffer<PCBinaryXMLWriteStream::PCBinaryXMLElementInfo*, std::__1::allocator<PCBinaryXMLWriteStream::PCBinaryXMLElementInfo*>&>::emplace_front<PCBinaryXMLWriteStream	1	0
ProCore	void std::__1::__split_buffer<PCSerializerReadStream::HandlerInfo*, std::__1::allocator<PCSerializerReadStream::HandlerInfo*>&>::emplace_front<PCSerializerReadStream	1	0
ProCore	void std::__1::__split_buffer<Json::Reader::ErrorInfo*, std::__1::allocator<Json::Reader::ErrorInfo*>&>::emplace_front<Json::Reader	1	0
ProCore	void std::__1::__split_buffer<Json::OurReader::ErrorInfo*, std::__1::allocator<Json::OurReader::ErrorInfo*>&>::emplace_front<Json::OurReader	1	0
ProCore	void std::__1::__split_buffer<std::__1::pair<BezInfo, BezInfo>*, std::__1::allocator<std::__1::pair<BezInfo, BezInfo>*>&>::emplace_front<std::__1	1	0
ProCore	void std::__1::__split_buffer<std::__1::pair<std::__1::vector<PCVector2<double>, std::__1::allocator<PCVector2<double>>>, std::__1::vector<PCVector2<double>, std::__1::allocator<PCVector2<double>>>>*, std::__1::allocator<std::__1::pair<std::__1::vector<PCVector2<double>, std::__1::allocator<PCVector2<double>>>, std::__1::vector<PCVector2<double>, std::__1::allocator<PCVector2<double>>>>*>&>::emplace_front<std::__1::pair<std::__1::vector<PCVector2<double>, std::__1::allocator<PCVector2<double>>>, std::__1::vector<PCVector2<double>, std::__1	1	0
ProCore	void std::__1::__split_buffer<std::__1::__state<char>*, std::__1::allocator<std::__1::__state<char>*>&>::emplace_front<std::__1	1	0
ProCore	void std::__1::__split_buffer<Json::Value**, std::__1::allocator<Json::Value**>&>::emplace_front<Json	1	0
ProCore	std::__1::pair<std::__1::__tree_iterator<std::__1::__value_type<unsigned int, char const*>, std::__1::__tree_node<std::__1::__value_type<unsigned int, char const*>, void*>*, long>, bool> std::__1::__tree<std::__1::__value_type<unsigned int, char const*>, std::__1::__map_value_compare<unsigned int, std::__1::pair<unsigned int const, char const*>, std::__1::less<unsigned int>, true>, std::__1::allocator<std::__1::pair<unsigned int const, char const*>>>::__emplace_unique_key_args<unsigned int, std::__1::piecewise_construct_t const&, std::__1::tuple<unsigned int const&>, std::__1	1	0
ProCore	std::__1::__split_buffer<PCXMLWriteStream::PCXMLElementInfo*, std::__1::allocator<PCXMLWriteStream::PCXMLElementInfo*>>	1	0
ProCore	std::__1::__split_buffer<PCBinaryXMLWriteStream::PCBinaryXMLElementInfo*, std::__1::allocator<PCBinaryXMLWriteStream::PCBinaryXMLElementInfo*>>	1	0
ProCore	std::__1::__split_buffer<PCSerializerReadStream::HandlerInfo*, std::__1::allocator<PCSerializerReadStream::HandlerInfo*>>	1	0
ProCore	std::__1::__split_buffer<Json::Reader::ErrorInfo*, std::__1::allocator<Json::Reader::ErrorInfo*>>	1	0
ProCore	std::__1::__split_buffer<Json::OurReader::ErrorInfo*, std::__1::allocator<Json::OurReader::ErrorInfo*>>	1	0
ProCore	std::__1::__split_buffer<std::__1::pair<BezInfo, BezInfo>*, std::__1::allocator<std::__1::pair<BezInfo, BezInfo>*>>	1	0
ProCore	std::__1::__split_buffer<std::__1::pair<std::__1::vector<PCVector2<double>, std::__1::allocator<PCVector2<double>>>, std::__1::vector<PCVector2<double>, std::__1::allocator<PCVector2<double>>>>*, std::__1::allocator<std::__1::pair<std::__1::vector<PCVector2<double>, std::__1::allocator<PCVector2<double>>>, std::__1::vector<PCVector2<double>, std::__1::allocator<PCVector2<double>>>>*>>	1	0
ProCore	std::__1::__split_buffer<std::__1::__state<char>*, std::__1::allocator<std::__1::__state<char>*>>	1	0
ProCore	std::__1::__split_buffer<PCStreamElement**, std::__1::allocator<PCStreamElement**>>	1	0
ProCore	std::__1::__split_buffer<Json::Value**, std::__1::allocator<Json::Value**>>	1	0
ProCore	std::__1::__split_buffer<(anonymous namespace)::label_t, std::__1::allocator<(anonymous namespace)::label_t>&>	1	0
ProCore	std::__1::__exception_guard_exceptions<std::__1::_AllocatorDestroyRangeReverse<std::__1::allocator<(anonymous namespace)::label_t>, (anonymous namespace)::label_t*>>	1	0
ProCore	PCBezierNamespace	1	0
ProCore	void PCBezierNamespace	1	0
ProCore	void PCBezierNamespace::recursiveEval<PCBezier<double, PCVector2<double>, PCDynamicArrayBezier<PCVector2<double>>>, PCBezierNamespace	1	0
ProCore	PCBezierNamespace::EvalDyadic	1	0
ProCore	PCRect<double>	1	0
ProCore	double PCBezierNamespace	1	0
ProCore	void PCBezierNamespace::FitFunction::getChebCoeffs<PCBezierNamespace	1	0
ProCore	PCBezierNamespace::ParameterCorrespondingToDistance<PCBezier<double, PCVector2<double>, PCDynamicArrayBezier<PCVector2<double>>>>	1	0
ProCore	PCBezierNamespace::FitFunction	1	0
ProCore	std::__1::vector<std::__1::shared_ptr<std::__1::vector<unsigned char, std::__1::allocator<unsigned char>>>, std::__1::allocator<std::__1::shared_ptr<std::__1::vector<unsigned char, std::__1::allocator<unsigned char>>>>>::__destroy_vector	1	0
ProCore	vr::COpenVRContext	1	0
ProCore	PCVector4<double>	1	0
ProCore	std::__1::pair<std::__1::__tree_iterator<PCString, std::__1::__tree_node<PCString, void*>*, long>, bool> std::__1::__tree<PCString, std::__1::less<PCString>, std::__1::allocator<PCString>>	1	0
ProCore	std::__1::__tree_node_base<void*>*& std::__1::__tree<PCString, std::__1::less<PCString>, std::__1::allocator<PCString>>	1	0
ProCore	std::__1::unique_ptr<std::__1::__tree_node<PCString, void*>, std::__1::__tree_node_destructor<std::__1::allocator<std::__1::__tree_node<PCString, void*>>>> std::__1::__tree<PCString, std::__1::less<PCString>, std::__1::allocator<PCString>>	1	0
ProCore	std::__1::unique_ptr<std::__1::__tree_node<PCString, void*>, std::__1::__tree_node_destructor<std::__1::allocator<std::__1::__tree_node<PCString, void*>>>>	1	0
ProCore	operator<<(std::__1::basic_ostream<char, std::__1::char_traits<char>>&, PCPixelFormat	1	0
ProCore	PCBitmap::PCBitmap<ProCore_Private	1	0
ProCore	std::__1::shared_ptr<PCBitmap> PCCreateBitmap<ProCore_Private	1	0
ProCore	PCPixel4<ProCore::Private::PixelInfoTemplate<(PCPixelFormat::ChannelOrder)10>>	1	0
ProCore	std::__1::shared_ptr<std::__1::__empty_state<char>>	1	0
ProCore	PCGrayAlphaPixel<ProCore::Private::PixelInfoTemplate<(PCPixelFormat::ChannelOrder)2>>	1	0
ProCore	PCGrayAlphaPixel<ProCore::Private::PixelInfoTemplate<(PCPixelFormat::ChannelOrder)8>>	1	0
ProCore	PCPixel4<ProCore::Private::PixelInfoTemplate<(PCPixelFormat::ChannelOrder)3>>	1	0
ProCore	PCPixel4<ProCore::Private::PixelInfoTemplate<(PCPixelFormat::ChannelOrder)5>>	1	0
ProCore	PCPixel4<ProCore::Private::PixelInfoTemplate<(PCPixelFormat::ChannelOrder)16>>	1	0
ProCore	PCPixel4<ProCore::Private::PixelInfoTemplate<(PCPixelFormat::ChannelOrder)4>>	1	0
ProCore	PCPixel4<ProCore::Private::PixelInfoTemplate<(PCPixelFormat::ChannelOrder)6>>	1	0
ProCore	PCPixel4<ProCore::Private::PixelInfoTemplate<(PCPixelFormat::ChannelOrder)17>>	1	0
ProCore	std::__1::shared_ptr<PCBitmap_t<PCGrayPixel<ProCore::Private::PixelInfoTemplate<(PCPixelFormat::ChannelOrder)1>>>> std::__1::allocate_shared[abi:nqe210106]<PCBitmap_t<PCGrayPixel<ProCore::Private::PixelInfoTemplate<(PCPixelFormat::ChannelOrder)1>>>, std::__1::allocator<PCBitmap_t<PCGrayPixel<ProCore::Private::PixelInfoTemplate<(PCPixelFormat::ChannelOrder)1>>>>, std::__1::unique_ptr<ProCore_Private::PCBitmapRepDefault, std::__1::default_delete<ProCore_Private	1	0
ProCore	std::__1::__shared_ptr_emplace<PCBitmap_t<PCGrayPixel<ProCore::Private::PixelInfoTemplate<(PCPixelFormat::ChannelOrder)1>>>, std::__1::allocator<PCBitmap_t<PCGrayPixel<ProCore::Private::PixelInfoTemplate<(PCPixelFormat::ChannelOrder)1>>>>>::__shared_ptr_emplace[abi:nqe210106]<std::__1::unique_ptr<ProCore_Private::PCBitmapRepDefault, std::__1::default_delete<ProCore_Private::PCBitmapRepDefault>>, CGColorSpace*&, std::__1::allocator<PCBitmap_t<PCGrayPixel<ProCore::Private::PixelInfoTemplate<(PCPixelFormat	1	0
ProCore	void std::__1::allocator<PCBitmap_t<PCGrayPixel<ProCore::Private::PixelInfoTemplate<(PCPixelFormat::ChannelOrder)1>>>>::construct[abi:nqe210106]<PCBitmap_t<PCGrayPixel<ProCore::Private::PixelInfoTemplate<(PCPixelFormat::ChannelOrder)1>>>, std::__1::unique_ptr<ProCore_Private::PCBitmapRepDefault, std::__1::default_delete<ProCore_Private	1	0
ProCore	PCBitmap_t<PCGrayPixel<ProCore::Private::PixelInfoTemplate<(PCPixelFormat::ChannelOrder)1>>>::PCBitmap_t<ProCore_Private	1	0
ProCore	void std::__1::shared_ptr<PCBitmap_t<PCGrayPixel<ProCore::Private::PixelInfoTemplate<(PCPixelFormat::ChannelOrder)11>>>>::__enable_weak_this[abi:nqe210106]<PCImage, PCBitmap_t<PCGrayPixel<ProCore::Private::PixelInfoTemplate<(PCPixelFormat	1	0
ProCore	void std::__1::shared_ptr<PCBitmap_t<PCGrayPixel<ProCore::Private::PixelInfoTemplate<(PCPixelFormat::ChannelOrder)14>>>>::__enable_weak_this[abi:nqe210106]<PCImage, PCBitmap_t<PCGrayPixel<ProCore::Private::PixelInfoTemplate<(PCPixelFormat	1	0
ProCore	void std::__1::shared_ptr<PCBitmap_t<PCGrayPixel<ProCore::Private::PixelInfoTemplate<(PCPixelFormat::ChannelOrder)1>>>>::__enable_weak_this[abi:nqe210106]<PCImage, PCBitmap_t<PCGrayPixel<ProCore::Private::PixelInfoTemplate<(PCPixelFormat	1	0
ProCore	void std::__1::shared_ptr<PCBitmap_t<PCGrayPixel<ProCore::Private::PixelInfoTemplate<(PCPixelFormat::ChannelOrder)7>>>>::__enable_weak_this[abi:nqe210106]<PCImage, PCBitmap_t<PCGrayPixel<ProCore::Private::PixelInfoTemplate<(PCPixelFormat	1	0
ProCore	void std::__1::shared_ptr<PCBitmap_t<PCGrayAlphaPixel<ProCore::Private::PixelInfoTemplate<(PCPixelFormat::ChannelOrder)12>>>>::__enable_weak_this[abi:nqe210106]<PCImage, PCBitmap_t<PCGrayAlphaPixel<ProCore::Private::PixelInfoTemplate<(PCPixelFormat	1	0
ProCore	void std::__1::shared_ptr<PCBitmap_t<PCGrayAlphaPixel<ProCore::Private::PixelInfoTemplate<(PCPixelFormat::ChannelOrder)15>>>>::__enable_weak_this[abi:nqe210106]<PCImage, PCBitmap_t<PCGrayAlphaPixel<ProCore::Private::PixelInfoTemplate<(PCPixelFormat	1	0
ProCore	void std::__1::shared_ptr<PCBitmap_t<PCGrayAlphaPixel<ProCore::Private::PixelInfoTemplate<(PCPixelFormat::ChannelOrder)2>>>>::__enable_weak_this[abi:nqe210106]<PCImage, PCBitmap_t<PCGrayAlphaPixel<ProCore::Private::PixelInfoTemplate<(PCPixelFormat	1	0
ProCore	void std::__1::shared_ptr<PCBitmap_t<PCGrayAlphaPixel<ProCore::Private::PixelInfoTemplate<(PCPixelFormat::ChannelOrder)8>>>>::__enable_weak_this[abi:nqe210106]<PCImage, PCBitmap_t<PCGrayAlphaPixel<ProCore::Private::PixelInfoTemplate<(PCPixelFormat	1	0
ProCore	void std::__1::shared_ptr<PCBitmap_t<PCPixel3<ProCore::Private::PixelInfoTemplate<(PCPixelFormat::ChannelOrder)9>>>>::__enable_weak_this[abi:nqe210106]<PCImage, PCBitmap_t<PCPixel3<ProCore::Private::PixelInfoTemplate<(PCPixelFormat	1	0
ProCore	void std::__1::shared_ptr<PCBitmap_t<PCPixel4<ProCore::Private::PixelInfoTemplate<(PCPixelFormat::ChannelOrder)10>>>>::__enable_weak_this[abi:nqe210106]<PCImage, PCBitmap_t<PCPixel4<ProCore::Private::PixelInfoTemplate<(PCPixelFormat	1	0
ProCore	void std::__1::shared_ptr<PCBitmap_t<PCPixel4<ProCore::Private::PixelInfoTemplate<(PCPixelFormat::ChannelOrder)13>>>>::__enable_weak_this[abi:nqe210106]<PCImage, PCBitmap_t<PCPixel4<ProCore::Private::PixelInfoTemplate<(PCPixelFormat	1	0
ProCore	void std::__1::shared_ptr<PCBitmap_t<PCPixel4<ProCore::Private::PixelInfoTemplate<(PCPixelFormat::ChannelOrder)16>>>>::__enable_weak_this[abi:nqe210106]<PCImage, PCBitmap_t<PCPixel4<ProCore::Private::PixelInfoTemplate<(PCPixelFormat	1	0
ProCore	void std::__1::shared_ptr<PCBitmap_t<PCPixel4<ProCore::Private::PixelInfoTemplate<(PCPixelFormat::ChannelOrder)17>>>>::__enable_weak_this[abi:nqe210106]<PCImage, PCBitmap_t<PCPixel4<ProCore::Private::PixelInfoTemplate<(PCPixelFormat	1	0
ProCore	void std::__1::shared_ptr<PCBitmap_t<PCPixel4<ProCore::Private::PixelInfoTemplate<(PCPixelFormat::ChannelOrder)3>>>>::__enable_weak_this[abi:nqe210106]<PCImage, PCBitmap_t<PCPixel4<ProCore::Private::PixelInfoTemplate<(PCPixelFormat	1	0
ProCore	void std::__1::shared_ptr<PCBitmap_t<PCPixel4<ProCore::Private::PixelInfoTemplate<(PCPixelFormat::ChannelOrder)4>>>>::__enable_weak_this[abi:nqe210106]<PCImage, PCBitmap_t<PCPixel4<ProCore::Private::PixelInfoTemplate<(PCPixelFormat	1	0
ProCore	void std::__1::shared_ptr<PCBitmap_t<PCPixel4<ProCore::Private::PixelInfoTemplate<(PCPixelFormat::ChannelOrder)5>>>>::__enable_weak_this[abi:nqe210106]<PCImage, PCBitmap_t<PCPixel4<ProCore::Private::PixelInfoTemplate<(PCPixelFormat	1	0
ProCore	void std::__1::shared_ptr<PCBitmap_t<PCPixel4<ProCore::Private::PixelInfoTemplate<(PCPixelFormat::ChannelOrder)6>>>>::__enable_weak_this[abi:nqe210106]<PCImage, PCBitmap_t<PCPixel4<ProCore::Private::PixelInfoTemplate<(PCPixelFormat	1	0
ProCore	void std::__1::shared_ptr<PCBitmap>	1	0
ProCore	std::__1::shared_ptr<PCBitmap_t<PCGrayAlphaPixel<ProCore::Private::PixelInfoTemplate<(PCPixelFormat::ChannelOrder)2>>>> std::__1::allocate_shared[abi:nqe210106]<PCBitmap_t<PCGrayAlphaPixel<ProCore::Private::PixelInfoTemplate<(PCPixelFormat::ChannelOrder)2>>>, std::__1::allocator<PCBitmap_t<PCGrayAlphaPixel<ProCore::Private::PixelInfoTemplate<(PCPixelFormat::ChannelOrder)2>>>>, std::__1::unique_ptr<ProCore_Private::PCBitmapRepDefault, std::__1::default_delete<ProCore_Private	1	0
ProCore	std::__1::__shared_ptr_emplace<PCBitmap_t<PCGrayAlphaPixel<ProCore::Private::PixelInfoTemplate<(PCPixelFormat::ChannelOrder)2>>>, std::__1::allocator<PCBitmap_t<PCGrayAlphaPixel<ProCore::Private::PixelInfoTemplate<(PCPixelFormat::ChannelOrder)2>>>>>::__shared_ptr_emplace[abi:nqe210106]<std::__1::unique_ptr<ProCore_Private::PCBitmapRepDefault, std::__1::default_delete<ProCore_Private::PCBitmapRepDefault>>, CGColorSpace*&, std::__1::allocator<PCBitmap_t<PCGrayAlphaPixel<ProCore::Private::PixelInfoTemplate<(PCPixelFormat	1	0
ProCore	void std::__1::allocator<PCBitmap_t<PCGrayAlphaPixel<ProCore::Private::PixelInfoTemplate<(PCPixelFormat::ChannelOrder)2>>>>::construct[abi:nqe210106]<PCBitmap_t<PCGrayAlphaPixel<ProCore::Private::PixelInfoTemplate<(PCPixelFormat::ChannelOrder)2>>>, std::__1::unique_ptr<ProCore_Private::PCBitmapRepDefault, std::__1::default_delete<ProCore_Private	1	0
ProCore	PCBitmap_t<PCGrayAlphaPixel<ProCore::Private::PixelInfoTemplate<(PCPixelFormat::ChannelOrder)2>>>::PCBitmap_t<ProCore_Private	1	0
ProCore	std::__1::shared_ptr<PCBitmap_t<PCPixel4<ProCore::Private::PixelInfoTemplate<(PCPixelFormat::ChannelOrder)3>>>> std::__1::allocate_shared[abi:nqe210106]<PCBitmap_t<PCPixel4<ProCore::Private::PixelInfoTemplate<(PCPixelFormat::ChannelOrder)3>>>, std::__1::allocator<PCBitmap_t<PCPixel4<ProCore::Private::PixelInfoTemplate<(PCPixelFormat::ChannelOrder)3>>>>, std::__1::unique_ptr<ProCore_Private::PCBitmapRepDefault, std::__1::default_delete<ProCore_Private	1	0
ProCore	std::__1::__shared_ptr_emplace<PCBitmap_t<PCPixel4<ProCore::Private::PixelInfoTemplate<(PCPixelFormat::ChannelOrder)3>>>, std::__1::allocator<PCBitmap_t<PCPixel4<ProCore::Private::PixelInfoTemplate<(PCPixelFormat::ChannelOrder)3>>>>>::__shared_ptr_emplace[abi:nqe210106]<std::__1::unique_ptr<ProCore_Private::PCBitmapRepDefault, std::__1::default_delete<ProCore_Private::PCBitmapRepDefault>>, CGColorSpace*&, std::__1::allocator<PCBitmap_t<PCPixel4<ProCore::Private::PixelInfoTemplate<(PCPixelFormat	1	0
ProCore	void std::__1::allocator<PCBitmap_t<PCPixel4<ProCore::Private::PixelInfoTemplate<(PCPixelFormat::ChannelOrder)3>>>>::construct[abi:nqe210106]<PCBitmap_t<PCPixel4<ProCore::Private::PixelInfoTemplate<(PCPixelFormat::ChannelOrder)3>>>, std::__1::unique_ptr<ProCore_Private::PCBitmapRepDefault, std::__1::default_delete<ProCore_Private	1	0
ProCore	PCBitmap_t<PCPixel4<ProCore::Private::PixelInfoTemplate<(PCPixelFormat::ChannelOrder)3>>>::PCBitmap_t<ProCore_Private	1	0
ProCore	std::__1::shared_ptr<PCBitmap_t<PCPixel4<ProCore::Private::PixelInfoTemplate<(PCPixelFormat::ChannelOrder)4>>>> std::__1::allocate_shared[abi:nqe210106]<PCBitmap_t<PCPixel4<ProCore::Private::PixelInfoTemplate<(PCPixelFormat::ChannelOrder)4>>>, std::__1::allocator<PCBitmap_t<PCPixel4<ProCore::Private::PixelInfoTemplate<(PCPixelFormat::ChannelOrder)4>>>>, std::__1::unique_ptr<ProCore_Private::PCBitmapRepDefault, std::__1::default_delete<ProCore_Private	1	0
ProCore	std::__1::__shared_ptr_emplace<PCBitmap_t<PCPixel4<ProCore::Private::PixelInfoTemplate<(PCPixelFormat::ChannelOrder)4>>>, std::__1::allocator<PCBitmap_t<PCPixel4<ProCore::Private::PixelInfoTemplate<(PCPixelFormat::ChannelOrder)4>>>>>::__shared_ptr_emplace[abi:nqe210106]<std::__1::unique_ptr<ProCore_Private::PCBitmapRepDefault, std::__1::default_delete<ProCore_Private::PCBitmapRepDefault>>, CGColorSpace*&, std::__1::allocator<PCBitmap_t<PCPixel4<ProCore::Private::PixelInfoTemplate<(PCPixelFormat	1	0
ProCore	void std::__1::allocator<PCBitmap_t<PCPixel4<ProCore::Private::PixelInfoTemplate<(PCPixelFormat::ChannelOrder)4>>>>::construct[abi:nqe210106]<PCBitmap_t<PCPixel4<ProCore::Private::PixelInfoTemplate<(PCPixelFormat::ChannelOrder)4>>>, std::__1::unique_ptr<ProCore_Private::PCBitmapRepDefault, std::__1::default_delete<ProCore_Private	1	0
ProCore	PCBitmap_t<PCPixel4<ProCore::Private::PixelInfoTemplate<(PCPixelFormat::ChannelOrder)4>>>::PCBitmap_t<ProCore_Private	1	0
ProCore	std::__1::shared_ptr<PCBitmap_t<PCPixel4<ProCore::Private::PixelInfoTemplate<(PCPixelFormat::ChannelOrder)5>>>> std::__1::allocate_shared[abi:nqe210106]<PCBitmap_t<PCPixel4<ProCore::Private::PixelInfoTemplate<(PCPixelFormat::ChannelOrder)5>>>, std::__1::allocator<PCBitmap_t<PCPixel4<ProCore::Private::PixelInfoTemplate<(PCPixelFormat::ChannelOrder)5>>>>, std::__1::unique_ptr<ProCore_Private::PCBitmapRepDefault, std::__1::default_delete<ProCore_Private	1	0
ProCore	std::__1::__shared_ptr_emplace<PCBitmap_t<PCPixel4<ProCore::Private::PixelInfoTemplate<(PCPixelFormat::ChannelOrder)5>>>, std::__1::allocator<PCBitmap_t<PCPixel4<ProCore::Private::PixelInfoTemplate<(PCPixelFormat::ChannelOrder)5>>>>>::__shared_ptr_emplace[abi:nqe210106]<std::__1::unique_ptr<ProCore_Private::PCBitmapRepDefault, std::__1::default_delete<ProCore_Private::PCBitmapRepDefault>>, CGColorSpace*&, std::__1::allocator<PCBitmap_t<PCPixel4<ProCore::Private::PixelInfoTemplate<(PCPixelFormat	1	0
ProCore	void std::__1::allocator<PCBitmap_t<PCPixel4<ProCore::Private::PixelInfoTemplate<(PCPixelFormat::ChannelOrder)5>>>>::construct[abi:nqe210106]<PCBitmap_t<PCPixel4<ProCore::Private::PixelInfoTemplate<(PCPixelFormat::ChannelOrder)5>>>, std::__1::unique_ptr<ProCore_Private::PCBitmapRepDefault, std::__1::default_delete<ProCore_Private	1	0
ProCore	PCBitmap_t<PCPixel4<ProCore::Private::PixelInfoTemplate<(PCPixelFormat::ChannelOrder)5>>>::PCBitmap_t<ProCore_Private	1	0
ProCore	std::__1::shared_ptr<PCBitmap_t<PCPixel4<ProCore::Private::PixelInfoTemplate<(PCPixelFormat::ChannelOrder)6>>>> std::__1::allocate_shared[abi:nqe210106]<PCBitmap_t<PCPixel4<ProCore::Private::PixelInfoTemplate<(PCPixelFormat::ChannelOrder)6>>>, std::__1::allocator<PCBitmap_t<PCPixel4<ProCore::Private::PixelInfoTemplate<(PCPixelFormat::ChannelOrder)6>>>>, std::__1::unique_ptr<ProCore_Private::PCBitmapRepDefault, std::__1::default_delete<ProCore_Private	1	0
ProCore	std::__1::__shared_ptr_emplace<PCBitmap_t<PCPixel4<ProCore::Private::PixelInfoTemplate<(PCPixelFormat::ChannelOrder)6>>>, std::__1::allocator<PCBitmap_t<PCPixel4<ProCore::Private::PixelInfoTemplate<(PCPixelFormat::ChannelOrder)6>>>>>::__shared_ptr_emplace[abi:nqe210106]<std::__1::unique_ptr<ProCore_Private::PCBitmapRepDefault, std::__1::default_delete<ProCore_Private::PCBitmapRepDefault>>, CGColorSpace*&, std::__1::allocator<PCBitmap_t<PCPixel4<ProCore::Private::PixelInfoTemplate<(PCPixelFormat	1	0
ProCore	void std::__1::allocator<PCBitmap_t<PCPixel4<ProCore::Private::PixelInfoTemplate<(PCPixelFormat::ChannelOrder)6>>>>::construct[abi:nqe210106]<PCBitmap_t<PCPixel4<ProCore::Private::PixelInfoTemplate<(PCPixelFormat::ChannelOrder)6>>>, std::__1::unique_ptr<ProCore_Private::PCBitmapRepDefault, std::__1::default_delete<ProCore_Private	1	0
ProCore	PCBitmap_t<PCPixel4<ProCore::Private::PixelInfoTemplate<(PCPixelFormat::ChannelOrder)6>>>::PCBitmap_t<ProCore_Private	1	0
ProCore	std::__1::shared_ptr<PCBitmap_t<PCGrayPixel<ProCore::Private::PixelInfoTemplate<(PCPixelFormat::ChannelOrder)7>>>> std::__1::allocate_shared[abi:nqe210106]<PCBitmap_t<PCGrayPixel<ProCore::Private::PixelInfoTemplate<(PCPixelFormat::ChannelOrder)7>>>, std::__1::allocator<PCBitmap_t<PCGrayPixel<ProCore::Private::PixelInfoTemplate<(PCPixelFormat::ChannelOrder)7>>>>, std::__1::unique_ptr<ProCore_Private::PCBitmapRepDefault, std::__1::default_delete<ProCore_Private	1	0
ProCore	std::__1::__shared_ptr_emplace<PCBitmap_t<PCGrayPixel<ProCore::Private::PixelInfoTemplate<(PCPixelFormat::ChannelOrder)7>>>, std::__1::allocator<PCBitmap_t<PCGrayPixel<ProCore::Private::PixelInfoTemplate<(PCPixelFormat::ChannelOrder)7>>>>>::__shared_ptr_emplace[abi:nqe210106]<std::__1::unique_ptr<ProCore_Private::PCBitmapRepDefault, std::__1::default_delete<ProCore_Private::PCBitmapRepDefault>>, CGColorSpace*&, std::__1::allocator<PCBitmap_t<PCGrayPixel<ProCore::Private::PixelInfoTemplate<(PCPixelFormat	1	0
ProCore	void std::__1::allocator<PCBitmap_t<PCGrayPixel<ProCore::Private::PixelInfoTemplate<(PCPixelFormat::ChannelOrder)7>>>>::construct[abi:nqe210106]<PCBitmap_t<PCGrayPixel<ProCore::Private::PixelInfoTemplate<(PCPixelFormat::ChannelOrder)7>>>, std::__1::unique_ptr<ProCore_Private::PCBitmapRepDefault, std::__1::default_delete<ProCore_Private	1	0
ProCore	PCBitmap_t<PCGrayPixel<ProCore::Private::PixelInfoTemplate<(PCPixelFormat::ChannelOrder)7>>>::PCBitmap_t<ProCore_Private	1	0
ProCore	std::__1::shared_ptr<PCBitmap_t<PCGrayAlphaPixel<ProCore::Private::PixelInfoTemplate<(PCPixelFormat::ChannelOrder)8>>>> std::__1::allocate_shared[abi:nqe210106]<PCBitmap_t<PCGrayAlphaPixel<ProCore::Private::PixelInfoTemplate<(PCPixelFormat::ChannelOrder)8>>>, std::__1::allocator<PCBitmap_t<PCGrayAlphaPixel<ProCore::Private::PixelInfoTemplate<(PCPixelFormat::ChannelOrder)8>>>>, std::__1::unique_ptr<ProCore_Private::PCBitmapRepDefault, std::__1::default_delete<ProCore_Private	1	0
ProCore	std::__1::__shared_ptr_emplace<PCBitmap_t<PCGrayAlphaPixel<ProCore::Private::PixelInfoTemplate<(PCPixelFormat::ChannelOrder)8>>>, std::__1::allocator<PCBitmap_t<PCGrayAlphaPixel<ProCore::Private::PixelInfoTemplate<(PCPixelFormat::ChannelOrder)8>>>>>::__shared_ptr_emplace[abi:nqe210106]<std::__1::unique_ptr<ProCore_Private::PCBitmapRepDefault, std::__1::default_delete<ProCore_Private::PCBitmapRepDefault>>, CGColorSpace*&, std::__1::allocator<PCBitmap_t<PCGrayAlphaPixel<ProCore::Private::PixelInfoTemplate<(PCPixelFormat	1	0
ProCore	void std::__1::allocator<PCBitmap_t<PCGrayAlphaPixel<ProCore::Private::PixelInfoTemplate<(PCPixelFormat::ChannelOrder)8>>>>::construct[abi:nqe210106]<PCBitmap_t<PCGrayAlphaPixel<ProCore::Private::PixelInfoTemplate<(PCPixelFormat::ChannelOrder)8>>>, std::__1::unique_ptr<ProCore_Private::PCBitmapRepDefault, std::__1::default_delete<ProCore_Private	1	0
ProCore	PCBitmap_t<PCGrayAlphaPixel<ProCore::Private::PixelInfoTemplate<(PCPixelFormat::ChannelOrder)8>>>::PCBitmap_t<ProCore_Private	1	0
ProCore	std::__1::shared_ptr<PCBitmap_t<PCPixel4<ProCore::Private::PixelInfoTemplate<(PCPixelFormat::ChannelOrder)10>>>> std::__1::allocate_shared[abi:nqe210106]<PCBitmap_t<PCPixel4<ProCore::Private::PixelInfoTemplate<(PCPixelFormat::ChannelOrder)10>>>, std::__1::allocator<PCBitmap_t<PCPixel4<ProCore::Private::PixelInfoTemplate<(PCPixelFormat::ChannelOrder)10>>>>, std::__1::unique_ptr<ProCore_Private::PCBitmapRepDefault, std::__1::default_delete<ProCore_Private	1	0
ProCore	std::__1::__shared_ptr_emplace<PCBitmap_t<PCPixel4<ProCore::Private::PixelInfoTemplate<(PCPixelFormat::ChannelOrder)10>>>, std::__1::allocator<PCBitmap_t<PCPixel4<ProCore::Private::PixelInfoTemplate<(PCPixelFormat::ChannelOrder)10>>>>>::__shared_ptr_emplace[abi:nqe210106]<std::__1::unique_ptr<ProCore_Private::PCBitmapRepDefault, std::__1::default_delete<ProCore_Private::PCBitmapRepDefault>>, CGColorSpace*&, std::__1::allocator<PCBitmap_t<PCPixel4<ProCore::Private::PixelInfoTemplate<(PCPixelFormat	1	0
ProCore	void std::__1::allocator<PCBitmap_t<PCPixel4<ProCore::Private::PixelInfoTemplate<(PCPixelFormat::ChannelOrder)10>>>>::construct[abi:nqe210106]<PCBitmap_t<PCPixel4<ProCore::Private::PixelInfoTemplate<(PCPixelFormat::ChannelOrder)10>>>, std::__1::unique_ptr<ProCore_Private::PCBitmapRepDefault, std::__1::default_delete<ProCore_Private	1	0
ProCore	PCBitmap_t<PCPixel4<ProCore::Private::PixelInfoTemplate<(PCPixelFormat::ChannelOrder)10>>>::PCBitmap_t<ProCore_Private	1	0
ProCore	std::__1::shared_ptr<PCBitmap_t<PCPixel3<ProCore::Private::PixelInfoTemplate<(PCPixelFormat::ChannelOrder)9>>>> std::__1::allocate_shared[abi:nqe210106]<PCBitmap_t<PCPixel3<ProCore::Private::PixelInfoTemplate<(PCPixelFormat::ChannelOrder)9>>>, std::__1::allocator<PCBitmap_t<PCPixel3<ProCore::Private::PixelInfoTemplate<(PCPixelFormat::ChannelOrder)9>>>>, std::__1::unique_ptr<ProCore_Private::PCBitmapRepDefault, std::__1::default_delete<ProCore_Private	1	0
ProCore	std::__1::__shared_ptr_emplace<PCBitmap_t<PCPixel3<ProCore::Private::PixelInfoTemplate<(PCPixelFormat::ChannelOrder)9>>>, std::__1::allocator<PCBitmap_t<PCPixel3<ProCore::Private::PixelInfoTemplate<(PCPixelFormat::ChannelOrder)9>>>>>::__shared_ptr_emplace[abi:nqe210106]<std::__1::unique_ptr<ProCore_Private::PCBitmapRepDefault, std::__1::default_delete<ProCore_Private::PCBitmapRepDefault>>, CGColorSpace*&, std::__1::allocator<PCBitmap_t<PCPixel3<ProCore::Private::PixelInfoTemplate<(PCPixelFormat	1	0
ProCore	void std::__1::allocator<PCBitmap_t<PCPixel3<ProCore::Private::PixelInfoTemplate<(PCPixelFormat::ChannelOrder)9>>>>::construct[abi:nqe210106]<PCBitmap_t<PCPixel3<ProCore::Private::PixelInfoTemplate<(PCPixelFormat::ChannelOrder)9>>>, std::__1::unique_ptr<ProCore_Private::PCBitmapRepDefault, std::__1::default_delete<ProCore_Private	1	0
ProCore	PCBitmap_t<PCPixel3<ProCore::Private::PixelInfoTemplate<(PCPixelFormat::ChannelOrder)9>>>::PCBitmap_t<ProCore_Private	1	0
ProCore	std::__1::shared_ptr<PCBitmap_t<PCGrayPixel<ProCore::Private::PixelInfoTemplate<(PCPixelFormat::ChannelOrder)11>>>> std::__1::allocate_shared[abi:nqe210106]<PCBitmap_t<PCGrayPixel<ProCore::Private::PixelInfoTemplate<(PCPixelFormat::ChannelOrder)11>>>, std::__1::allocator<PCBitmap_t<PCGrayPixel<ProCore::Private::PixelInfoTemplate<(PCPixelFormat::ChannelOrder)11>>>>, std::__1::unique_ptr<ProCore_Private::PCBitmapRepDefault, std::__1::default_delete<ProCore_Private	1	0
ProCore	std::__1::__shared_ptr_emplace<PCBitmap_t<PCGrayPixel<ProCore::Private::PixelInfoTemplate<(PCPixelFormat::ChannelOrder)11>>>, std::__1::allocator<PCBitmap_t<PCGrayPixel<ProCore::Private::PixelInfoTemplate<(PCPixelFormat::ChannelOrder)11>>>>>::__shared_ptr_emplace[abi:nqe210106]<std::__1::unique_ptr<ProCore_Private::PCBitmapRepDefault, std::__1::default_delete<ProCore_Private::PCBitmapRepDefault>>, CGColorSpace*&, std::__1::allocator<PCBitmap_t<PCGrayPixel<ProCore::Private::PixelInfoTemplate<(PCPixelFormat	1	0
ProCore	void std::__1::allocator<PCBitmap_t<PCGrayPixel<ProCore::Private::PixelInfoTemplate<(PCPixelFormat::ChannelOrder)11>>>>::construct[abi:nqe210106]<PCBitmap_t<PCGrayPixel<ProCore::Private::PixelInfoTemplate<(PCPixelFormat::ChannelOrder)11>>>, std::__1::unique_ptr<ProCore_Private::PCBitmapRepDefault, std::__1::default_delete<ProCore_Private	1	0
ProCore	PCBitmap_t<PCGrayPixel<ProCore::Private::PixelInfoTemplate<(PCPixelFormat::ChannelOrder)11>>>::PCBitmap_t<ProCore_Private	1	0
ProCore	std::__1::shared_ptr<PCBitmap_t<PCGrayAlphaPixel<ProCore::Private::PixelInfoTemplate<(PCPixelFormat::ChannelOrder)12>>>> std::__1::allocate_shared[abi:nqe210106]<PCBitmap_t<PCGrayAlphaPixel<ProCore::Private::PixelInfoTemplate<(PCPixelFormat::ChannelOrder)12>>>, std::__1::allocator<PCBitmap_t<PCGrayAlphaPixel<ProCore::Private::PixelInfoTemplate<(PCPixelFormat::ChannelOrder)12>>>>, std::__1::unique_ptr<ProCore_Private::PCBitmapRepDefault, std::__1::default_delete<ProCore_Private	1	0
ProCore	std::__1::__shared_ptr_emplace<PCBitmap_t<PCGrayAlphaPixel<ProCore::Private::PixelInfoTemplate<(PCPixelFormat::ChannelOrder)12>>>, std::__1::allocator<PCBitmap_t<PCGrayAlphaPixel<ProCore::Private::PixelInfoTemplate<(PCPixelFormat::ChannelOrder)12>>>>>::__shared_ptr_emplace[abi:nqe210106]<std::__1::unique_ptr<ProCore_Private::PCBitmapRepDefault, std::__1::default_delete<ProCore_Private::PCBitmapRepDefault>>, CGColorSpace*&, std::__1::allocator<PCBitmap_t<PCGrayAlphaPixel<ProCore::Private::PixelInfoTemplate<(PCPixelFormat	1	0
ProCore	void std::__1::allocator<PCBitmap_t<PCGrayAlphaPixel<ProCore::Private::PixelInfoTemplate<(PCPixelFormat::ChannelOrder)12>>>>::construct[abi:nqe210106]<PCBitmap_t<PCGrayAlphaPixel<ProCore::Private::PixelInfoTemplate<(PCPixelFormat::ChannelOrder)12>>>, std::__1::unique_ptr<ProCore_Private::PCBitmapRepDefault, std::__1::default_delete<ProCore_Private	1	0
ProCore	PCBitmap_t<PCGrayAlphaPixel<ProCore::Private::PixelInfoTemplate<(PCPixelFormat::ChannelOrder)12>>>::PCBitmap_t<ProCore_Private	1	0
ProCore	std::__1::shared_ptr<PCBitmap_t<PCPixel4<ProCore::Private::PixelInfoTemplate<(PCPixelFormat::ChannelOrder)13>>>> std::__1::allocate_shared[abi:nqe210106]<PCBitmap_t<PCPixel4<ProCore::Private::PixelInfoTemplate<(PCPixelFormat::ChannelOrder)13>>>, std::__1::allocator<PCBitmap_t<PCPixel4<ProCore::Private::PixelInfoTemplate<(PCPixelFormat::ChannelOrder)13>>>>, std::__1::unique_ptr<ProCore_Private::PCBitmapRepDefault, std::__1::default_delete<ProCore_Private	1	0
ProCore	std::__1::__shared_ptr_emplace<PCBitmap_t<PCPixel4<ProCore::Private::PixelInfoTemplate<(PCPixelFormat::ChannelOrder)13>>>, std::__1::allocator<PCBitmap_t<PCPixel4<ProCore::Private::PixelInfoTemplate<(PCPixelFormat::ChannelOrder)13>>>>>::__shared_ptr_emplace[abi:nqe210106]<std::__1::unique_ptr<ProCore_Private::PCBitmapRepDefault, std::__1::default_delete<ProCore_Private::PCBitmapRepDefault>>, CGColorSpace*&, std::__1::allocator<PCBitmap_t<PCPixel4<ProCore::Private::PixelInfoTemplate<(PCPixelFormat	1	0
ProCore	void std::__1::allocator<PCBitmap_t<PCPixel4<ProCore::Private::PixelInfoTemplate<(PCPixelFormat::ChannelOrder)13>>>>::construct[abi:nqe210106]<PCBitmap_t<PCPixel4<ProCore::Private::PixelInfoTemplate<(PCPixelFormat::ChannelOrder)13>>>, std::__1::unique_ptr<ProCore_Private::PCBitmapRepDefault, std::__1::default_delete<ProCore_Private	1	0
ProCore	PCBitmap_t<PCPixel4<ProCore::Private::PixelInfoTemplate<(PCPixelFormat::ChannelOrder)13>>>::PCBitmap_t<ProCore_Private	1	0
ProCore	std::__1::shared_ptr<PCBitmap_t<PCGrayPixel<ProCore::Private::PixelInfoTemplate<(PCPixelFormat::ChannelOrder)14>>>> std::__1::allocate_shared[abi:nqe210106]<PCBitmap_t<PCGrayPixel<ProCore::Private::PixelInfoTemplate<(PCPixelFormat::ChannelOrder)14>>>, std::__1::allocator<PCBitmap_t<PCGrayPixel<ProCore::Private::PixelInfoTemplate<(PCPixelFormat::ChannelOrder)14>>>>, std::__1::unique_ptr<ProCore_Private::PCBitmapRepDefault, std::__1::default_delete<ProCore_Private	1	0
ProCore	std::__1::__shared_ptr_emplace<PCBitmap_t<PCGrayPixel<ProCore::Private::PixelInfoTemplate<(PCPixelFormat::ChannelOrder)14>>>, std::__1::allocator<PCBitmap_t<PCGrayPixel<ProCore::Private::PixelInfoTemplate<(PCPixelFormat::ChannelOrder)14>>>>>::__shared_ptr_emplace[abi:nqe210106]<std::__1::unique_ptr<ProCore_Private::PCBitmapRepDefault, std::__1::default_delete<ProCore_Private::PCBitmapRepDefault>>, CGColorSpace*&, std::__1::allocator<PCBitmap_t<PCGrayPixel<ProCore::Private::PixelInfoTemplate<(PCPixelFormat	1	0
ProCore	void std::__1::allocator<PCBitmap_t<PCGrayPixel<ProCore::Private::PixelInfoTemplate<(PCPixelFormat::ChannelOrder)14>>>>::construct[abi:nqe210106]<PCBitmap_t<PCGrayPixel<ProCore::Private::PixelInfoTemplate<(PCPixelFormat::ChannelOrder)14>>>, std::__1::unique_ptr<ProCore_Private::PCBitmapRepDefault, std::__1::default_delete<ProCore_Private	1	0
ProCore	PCBitmap_t<PCGrayPixel<ProCore::Private::PixelInfoTemplate<(PCPixelFormat::ChannelOrder)14>>>::PCBitmap_t<ProCore_Private	1	0
ProCore	std::__1::shared_ptr<PCBitmap_t<PCGrayAlphaPixel<ProCore::Private::PixelInfoTemplate<(PCPixelFormat::ChannelOrder)15>>>> std::__1::allocate_shared[abi:nqe210106]<PCBitmap_t<PCGrayAlphaPixel<ProCore::Private::PixelInfoTemplate<(PCPixelFormat::ChannelOrder)15>>>, std::__1::allocator<PCBitmap_t<PCGrayAlphaPixel<ProCore::Private::PixelInfoTemplate<(PCPixelFormat::ChannelOrder)15>>>>, std::__1::unique_ptr<ProCore_Private::PCBitmapRepDefault, std::__1::default_delete<ProCore_Private	1	0
ProCore	std::__1::__shared_ptr_emplace<PCBitmap_t<PCGrayAlphaPixel<ProCore::Private::PixelInfoTemplate<(PCPixelFormat::ChannelOrder)15>>>, std::__1::allocator<PCBitmap_t<PCGrayAlphaPixel<ProCore::Private::PixelInfoTemplate<(PCPixelFormat::ChannelOrder)15>>>>>::__shared_ptr_emplace[abi:nqe210106]<std::__1::unique_ptr<ProCore_Private::PCBitmapRepDefault, std::__1::default_delete<ProCore_Private::PCBitmapRepDefault>>, CGColorSpace*&, std::__1::allocator<PCBitmap_t<PCGrayAlphaPixel<ProCore::Private::PixelInfoTemplate<(PCPixelFormat	1	0
ProCore	void std::__1::allocator<PCBitmap_t<PCGrayAlphaPixel<ProCore::Private::PixelInfoTemplate<(PCPixelFormat::ChannelOrder)15>>>>::construct[abi:nqe210106]<PCBitmap_t<PCGrayAlphaPixel<ProCore::Private::PixelInfoTemplate<(PCPixelFormat::ChannelOrder)15>>>, std::__1::unique_ptr<ProCore_Private::PCBitmapRepDefault, std::__1::default_delete<ProCore_Private	1	0
ProCore	PCBitmap_t<PCGrayAlphaPixel<ProCore::Private::PixelInfoTemplate<(PCPixelFormat::ChannelOrder)15>>>::PCBitmap_t<ProCore_Private	1	0
ProCore	std::__1::shared_ptr<PCBitmap_t<PCPixel4<ProCore::Private::PixelInfoTemplate<(PCPixelFormat::ChannelOrder)16>>>> std::__1::allocate_shared[abi:nqe210106]<PCBitmap_t<PCPixel4<ProCore::Private::PixelInfoTemplate<(PCPixelFormat::ChannelOrder)16>>>, std::__1::allocator<PCBitmap_t<PCPixel4<ProCore::Private::PixelInfoTemplate<(PCPixelFormat::ChannelOrder)16>>>>, std::__1::unique_ptr<ProCore_Private::PCBitmapRepDefault, std::__1::default_delete<ProCore_Private	1	0
ProCore	std::__1::__shared_ptr_emplace<PCBitmap_t<PCPixel4<ProCore::Private::PixelInfoTemplate<(PCPixelFormat::ChannelOrder)16>>>, std::__1::allocator<PCBitmap_t<PCPixel4<ProCore::Private::PixelInfoTemplate<(PCPixelFormat::ChannelOrder)16>>>>>::__shared_ptr_emplace[abi:nqe210106]<std::__1::unique_ptr<ProCore_Private::PCBitmapRepDefault, std::__1::default_delete<ProCore_Private::PCBitmapRepDefault>>, CGColorSpace*&, std::__1::allocator<PCBitmap_t<PCPixel4<ProCore::Private::PixelInfoTemplate<(PCPixelFormat	1	0
ProCore	void std::__1::allocator<PCBitmap_t<PCPixel4<ProCore::Private::PixelInfoTemplate<(PCPixelFormat::ChannelOrder)16>>>>::construct[abi:nqe210106]<PCBitmap_t<PCPixel4<ProCore::Private::PixelInfoTemplate<(PCPixelFormat::ChannelOrder)16>>>, std::__1::unique_ptr<ProCore_Private::PCBitmapRepDefault, std::__1::default_delete<ProCore_Private	1	0
ProCore	PCBitmap_t<PCPixel4<ProCore::Private::PixelInfoTemplate<(PCPixelFormat::ChannelOrder)16>>>::PCBitmap_t<ProCore_Private	1	0
ProCore	std::__1::shared_ptr<PCBitmap_t<PCPixel4<ProCore::Private::PixelInfoTemplate<(PCPixelFormat::ChannelOrder)17>>>> std::__1::allocate_shared[abi:nqe210106]<PCBitmap_t<PCPixel4<ProCore::Private::PixelInfoTemplate<(PCPixelFormat::ChannelOrder)17>>>, std::__1::allocator<PCBitmap_t<PCPixel4<ProCore::Private::PixelInfoTemplate<(PCPixelFormat::ChannelOrder)17>>>>, std::__1::unique_ptr<ProCore_Private::PCBitmapRepDefault, std::__1::default_delete<ProCore_Private	1	0
ProCore	std::__1::__shared_ptr_emplace<PCBitmap_t<PCPixel4<ProCore::Private::PixelInfoTemplate<(PCPixelFormat::ChannelOrder)17>>>, std::__1::allocator<PCBitmap_t<PCPixel4<ProCore::Private::PixelInfoTemplate<(PCPixelFormat::ChannelOrder)17>>>>>::__shared_ptr_emplace[abi:nqe210106]<std::__1::unique_ptr<ProCore_Private::PCBitmapRepDefault, std::__1::default_delete<ProCore_Private::PCBitmapRepDefault>>, CGColorSpace*&, std::__1::allocator<PCBitmap_t<PCPixel4<ProCore::Private::PixelInfoTemplate<(PCPixelFormat	1	0
ProCore	void std::__1::allocator<PCBitmap_t<PCPixel4<ProCore::Private::PixelInfoTemplate<(PCPixelFormat::ChannelOrder)17>>>>::construct[abi:nqe210106]<PCBitmap_t<PCPixel4<ProCore::Private::PixelInfoTemplate<(PCPixelFormat::ChannelOrder)17>>>, std::__1::unique_ptr<ProCore_Private::PCBitmapRepDefault, std::__1::default_delete<ProCore_Private	1	0
ProCore	PCBitmap_t<PCPixel4<ProCore::Private::PixelInfoTemplate<(PCPixelFormat::ChannelOrder)17>>>::PCBitmap_t<ProCore_Private	1	0
ProCore	cc::rgb_t<float>* std::__1::vector<cc::rgb_t<float>, std::__1::allocator<cc::rgb_t<float>>>::__emplace_back_slow_path<cc	1	0
ProCore	std::__1::__allocation_result<std::__1::allocator_traits<std::__1::allocator<PCSharedMutex::ReaderInfo>>::pointer> std::__1::__allocate_at_least[abi:nqe210106]<std::__1::allocator<PCSharedMutex	1	0
ProCore	std::__1::__allocation_result<std::__1::allocator_traits<std::__1::allocator<cc::rgb_t<float>>>::pointer> std::__1::__allocate_at_least[abi:nqe210106]<std::__1::allocator<cc	1	0
ProCore	std	1	0
ProCore	bool PCMatrix44Tmpl<double>	1	0
ProCore	PCDynamicArray<PCVector2<float>*>	1	0
ProCore	PCDynamicArray<PCDelaunay::Triangle*>	1	0
ProCore	cc::matrix::m44_t& std::__1::vector<cc::matrix::m44_t, std::__1::allocator<cc::matrix::m44_t>>::emplace_back<cc::matrix	1	0
ProCore	std::__1::__allocation_result<std::__1::allocator_traits<std::__1::allocator<cc::matrix::m44_t>>::pointer> std::__1::__allocate_at_least[abi:nqe210106]<std::__1::allocator<cc::matrix	1	0
ProCore	void std::__1::__uninitialized_allocator_relocate[abi:nqe210106]<std::__1::allocator<cc::matrix::m44_t>, cc::matrix	1	0
ProCore	std::__1::__split_buffer<cc::matrix::m44_t, std::__1::allocator<cc::matrix::m44_t>&>	1	0
ProCore	cc::__v4_t<float>* std::__1::vector<cc::__v4_t<float>, std::__1::allocator<cc::__v4_t<float>>>::__emplace_back_slow_path<cc	1	0
ProCore	std::__1::vector<cc::matrix::m44_t, std::__1::allocator<cc::matrix::m44_t>>::__destroy_vector	1	0
ProCore	std::__1::pair<std::__1::__tree_iterator<std::__1::__value_type<unsigned int, PCBinaryXMLField>, std::__1::__tree_node<std::__1::__value_type<unsigned int, PCBinaryXMLField>, void*>*, long>, bool> std::__1::__tree<std::__1::__value_type<unsigned int, PCBinaryXMLField>, std::__1::__map_value_compare<unsigned int, std::__1::pair<unsigned int const, PCBinaryXMLField>, std::__1::less<unsigned int>, true>, std::__1::allocator<std::__1::pair<unsigned int const, PCBinaryXMLField>>>::__emplace_unique_key_args<unsigned int, std::__1::piecewise_construct_t const&, std::__1::tuple<unsigned int const&>, std::__1	1	0
ProCore	std::__1::unique_ptr<std::__1::__tree_node<std::__1::__value_type<unsigned int, PCBinaryXMLField>, void*>, std::__1::__tree_node_destructor<std::__1::allocator<std::__1::__tree_node<std::__1::__value_type<unsigned int, PCBinaryXMLField>, void*>>>> std::__1::__tree<std::__1::__value_type<unsigned int, PCBinaryXMLField>, std::__1::__map_value_compare<unsigned int, std::__1::pair<unsigned int const, PCBinaryXMLField>, std::__1::less<unsigned int>, true>, std::__1::allocator<std::__1::pair<unsigned int const, PCBinaryXMLField>>>::__construct_node<std::__1::piecewise_construct_t const&, std::__1::tuple<unsigned int const&>, std::__1	1	0
ProCore	std::__1::unique_ptr<std::__1::__tree_node<std::__1::__value_type<unsigned int, PCBinaryXMLField>, void*>, std::__1::__tree_node_destructor<std::__1::allocator<std::__1::__tree_node<std::__1::__value_type<unsigned int, PCBinaryXMLField>, void*>>>>	1	0
ProCore	PCCFRef<__CFDictionary const*>	1	0
ProCore	PCCFRef<CGImageSource*>	1	0
ProCore	PCCFRef<CGImage*>	1	0
ProCore	void reparameterize<std::__1::vector<PCVector2<double>, std::__1	1	0
ProCore	std::__1::pair<std::__1::vector<PCVector2<double>, std::__1::allocator<PCVector2<double>>>, std::__1::vector<PCVector2<double>, std::__1::allocator<PCVector2<double>>>>	1	0
ProCore	PCVector2<double> shapeSize<std::__1::vector<PCVector2<double>, std::__1	1	0
ProCore	void subdivide<std::__1::vector<PCVector2<double>, std::__1	1	0
ProCore	std::__1::allocator<std::__1::pair<std::__1::vector<PCVector2<double>, std::__1::allocator<PCVector2<double>>>, std::__1::vector<PCVector2<double>, std::__1::allocator<PCVector2<double>>>>>	1	0
ProCore	std::__1::allocator<std::__1::pair<BezInfo, BezInfo>>	1	0
ProCore	std::__1::__allocation_result<std::__1::allocator_traits<std::__1::allocator<PCICCProfile::Tag>>::pointer> std::__1::__allocate_at_least[abi:nqe210106]<std::__1::allocator<PCICCProfile	1	0
ProCore	std::__1::__allocation_result<std::__1::allocator_traits<std::__1::allocator<std::__1::basic_string<char, std::__1::char_traits<char>, std::__1::allocator<char>>>>::pointer> std::__1::__allocate_at_least[abi:nqe210106]<std::__1::allocator<std::__1::basic_string<char, std::__1::char_traits<char>, std::__1	1	0
ProCore	std::__1::__allocation_result<std::__1::allocator_traits<std::__1::allocator<std::__1::sub_match<std::__1::__wrap_iter<char const*>>>>::pointer> std::__1::__allocate_at_least[abi:nqe210106]<std::__1::allocator<std::__1::sub_match<std::__1	1	0
ProCore	std::__1::__allocation_result<std::__1::allocator_traits<std::__1::allocator<std::__1::sub_match<char const*>>>::pointer> std::__1::__allocate_at_least[abi:nqe210106]<std::__1::allocator<std::__1	1	0
ProCore	PCColor::ColorComponents	1	0
ProCore	std::__1::enable_if<std::is_convertible<NSColorSpace*, objc_object*>::value, PCNSRef<NSColorSpace*>>	1	0
ProCore	void transformColor<std::__1::vector<double, std::__1	1	0
ProCore	void transformColor<PCColor	1	0
ProCore	std::__1::basic_ostream<char, std::__1::char_traits<char>>& std::__1::__put_character_sequence[abi:nqe210106]<char, std::__1	1	0
ProCore	std::__1::ostreambuf_iterator<char, std::__1::char_traits<char>> std::__1::__pad_and_output[abi:nqe210106]<char, std::__1	1	0
ProCore	std::__1::basic_regex<char, std::__1::regex_traits<char>>::basic_regex[abi:nqe210106]<std::__1::char_traits<char>, std::__1	1	0
ProCore	std::__1::regex_traits<char>	1	0
ProCore	std::__1::__wrap_iter<char const*> std::__1::basic_regex<char, std::__1::regex_traits<char>>::__parse<std::__1	1	0
ProCore	void std::__1::shared_ptr<std::__1::__empty_state<char>>::reset[abi:nqe210106]<std::__1	1	0
ProCore	std::__1::__wrap_iter<char const*> std::__1::basic_regex<char, std::__1::regex_traits<char>>::__parse_ecma_exp<std::__1	1	0
ProCore	std::__1::__wrap_iter<char const*> std::__1::basic_regex<char, std::__1::regex_traits<char>>::__parse_basic_reg_exp<std::__1	1	0
ProCore	std::__1::__wrap_iter<char const*> std::__1::basic_regex<char, std::__1::regex_traits<char>>::__parse_extended_reg_exp<std::__1	1	0
ProCore	std::__1::__wrap_iter<char const*> std::__1::basic_regex<char, std::__1::regex_traits<char>>::__parse_grep<std::__1	1	0
ProCore	std::__1::__wrap_iter<char const*> std::__1::basic_regex<char, std::__1::regex_traits<char>>::__parse_egrep<std::__1	1	0
ProCore	std::__1::shared_ptr<std::__1::__empty_state<char>>::shared_ptr[abi:nqe210106]<std::__1	1	0
ProCore	std::__1::__wrap_iter<char const*> std::__1::basic_regex<char, std::__1::regex_traits<char>>::__parse_alternative<std::__1	1	0
ProCore	std::__1::__wrap_iter<char const*> std::__1::basic_regex<char, std::__1::regex_traits<char>>::__parse_term<std::__1	1	0
ProCore	std::__1::__wrap_iter<char const*> std::__1::basic_regex<char, std::__1::regex_traits<char>>::__parse_assertion<std::__1	1	0
ProCore	std::__1::__wrap_iter<char const*> std::__1::basic_regex<char, std::__1::regex_traits<char>>::__parse_atom<std::__1	1	0
ProCore	std::__1::__wrap_iter<char const*> std::__1::basic_regex<char, std::__1::regex_traits<char>>::__parse_ERE_dupl_symbol<std::__1	1	0
ProCore	std::__1::match_results<char const*, std::__1::allocator<std::__1::sub_match<char const*>>>	1	0
ProCore	bool std::__1::basic_regex<char, std::__1::regex_traits<char>>::__match_at_start_ecma<std::__1::allocator<std::__1	1	0
ProCore	std::__1::__state<char>	1	0
ProCore	std::__1::__state<char>* std::__1::vector<std::__1::__state<char>, std::__1::allocator<std::__1::__state<char>>>::__emplace_back_slow_path<std::__1	1	0
ProCore	std::__1::__allocation_result<std::__1::allocator_traits<std::__1::allocator<cc::lut_t>>::pointer> std::__1::__allocate_at_least[abi:nqe210106]<std::__1::allocator<cc	1	0
ProCore	std::__1::__allocation_result<std::__1::allocator_traits<std::__1::allocator<std::__1::__state<char>>>::pointer> std::__1::__allocate_at_least[abi:nqe210106]<std::__1::allocator<std::__1	1	0
ProCore	void std::__1::__uninitialized_allocator_relocate[abi:nqe210106]<std::__1::allocator<std::__1::__state<char>>, std::__1	1	0
ProCore	std::__1::allocator<std::__1::__state<char>>	1	0
ProCore	std::__1::__exception_guard_exceptions<std::__1::_AllocatorDestroyRangeReverse<std::__1::allocator<std::__1::__state<char>>, std::__1::__state<char>*>>	1	0
ProCore	std::__1::_AllocatorDestroyRangeReverse<std::__1::allocator<std::__1::__state<char>>, std::__1::__state<char>*>	1	0
ProCore	void std::__1::vector<std::__1::sub_match<char const*>, std::__1::allocator<std::__1::sub_match<char const*>>>::__init_with_size[abi:nqe210106]<std::__1::sub_match<char const*>*, std::__1	1	0
ProCore	void std::__1::vector<std::__1::pair<unsigned long, char const*>, std::__1::allocator<std::__1::pair<unsigned long, char const*>>>::__init_with_size[abi:nqe210106]<std::__1::pair<unsigned long, char const*>*, std::__1	1	0
ProCore	std::__1::vector<std::__1::__state<char>, std::__1::allocator<std::__1::__state<char>>>::__destroy_vector	1	0
ProCore	std::__1::__wrap_iter<char const*> std::__1::basic_regex<char, std::__1::regex_traits<char>>::__parse_atom_escape<std::__1	1	0
ProCore	std::__1::__wrap_iter<char const*> std::__1::basic_regex<char, std::__1::regex_traits<char>>::__parse_bracket_expression<std::__1	1	0
ProCore	std::__1::__wrap_iter<char const*> std::__1::basic_regex<char, std::__1::regex_traits<char>>::__parse_pattern_character<std::__1	1	0
ProCore	std::__1::__wrap_iter<char const*> std::__1::basic_regex<char, std::__1::regex_traits<char>>::__parse_decimal_escape<std::__1	1	0
ProCore	std::__1::__wrap_iter<char const*> std::__1::basic_regex<char, std::__1::regex_traits<char>>::__parse_character_class_escape<std::__1	1	0
ProCore	std::__1::__wrap_iter<char const*> std::__1::basic_regex<char, std::__1::regex_traits<char>>::__parse_character_escape<std::__1	1	0
ProCore	std::__1::vector<std::__1::basic_string<char, std::__1::char_traits<char>, std::__1::allocator<char>>, std::__1::allocator<std::__1::basic_string<char, std::__1::char_traits<char>, std::__1::allocator<char>>>>::__destroy_vector	1	0
ProCore	std::__1::vector<std::__1::pair<std::__1::basic_string<char, std::__1::char_traits<char>, std::__1::allocator<char>>, std::__1::basic_string<char, std::__1::char_traits<char>, std::__1::allocator<char>>>, std::__1::allocator<std::__1::pair<std::__1::basic_string<char, std::__1::char_traits<char>, std::__1::allocator<char>>, std::__1::basic_string<char, std::__1::char_traits<char>, std::__1::allocator<char>>>>>::__destroy_vector	1	0
ProCore	std::__1::allocator<std::__1::pair<std::__1::basic_string<char, std::__1::char_traits<char>, std::__1::allocator<char>>, std::__1::basic_string<char, std::__1::char_traits<char>, std::__1::allocator<char>>>>	1	0
ProCore	std::__1::pair<std::__1::basic_string<char, std::__1::char_traits<char>, std::__1::allocator<char>>, std::__1::basic_string<char, std::__1::char_traits<char>, std::__1::allocator<char>>>	1	0
ProCore	void std::__1::basic_string<char, std::__1::char_traits<char>, std::__1::allocator<char>>::__init_with_size[abi:nqe210106]<std::__1::__wrap_iter<char const*>, std::__1	1	0
ProCore	void std::__1::basic_string<char, std::__1::char_traits<char>, std::__1::allocator<char>>::__init_with_size[abi:nqe210106]<std::__1::__wrap_iter<char*>, std::__1	1	0
ProCore	std::__1::__wrap_iter<char const*> std::__1::basic_regex<char, std::__1::regex_traits<char>>::__parse_expression_term<std::__1	1	0
ProCore	std::__1::__wrap_iter<char const*> std::__1::basic_regex<char, std::__1::regex_traits<char>>::__parse_equivalence_class<std::__1	1	0
ProCore	std::__1::__wrap_iter<char const*> std::__1::basic_regex<char, std::__1::regex_traits<char>>::__parse_character_class<std::__1	1	0
ProCore	std::__1::__wrap_iter<char const*> std::__1::basic_regex<char, std::__1::regex_traits<char>>::__parse_collating_symbol<std::__1	1	0
ProCore	std::__1::__wrap_iter<char const*> std::__1::basic_regex<char, std::__1::regex_traits<char>>::__parse_class_escape<std::__1	1	0
ProCore	std::__1::__wrap_iter<char const*> std::__1::basic_regex<char, std::__1::regex_traits<char>>::__parse_awk_escape<std::__1	1	0
ProCore	std::__1::basic_string<char, std::__1::char_traits<char>, std::__1::allocator<char>> std::__1::regex_traits<char>::__lookup_collatename<std::__1	1	0
ProCore	std::__1::basic_string<char, std::__1::char_traits<char>, std::__1::allocator<char>> std::__1::regex_traits<char>::__transform_primary<std::__1	1	0
ProCore	void std::__1::vector<std::__1::basic_string<char, std::__1::char_traits<char>, std::__1::allocator<char>>, std::__1::allocator<std::__1::basic_string<char, std::__1::char_traits<char>, std::__1::allocator<char>>>>::__emplace_back_assume_capacity[abi:nqe210106]<std::__1::basic_string<char, std::__1::char_traits<char>, std::__1	1	0
ProCore	std::__1::basic_string<char, std::__1::char_traits<char>, std::__1::allocator<char>>* std::__1::vector<std::__1::basic_string<char, std::__1::char_traits<char>, std::__1::allocator<char>>, std::__1::allocator<std::__1::basic_string<char, std::__1::char_traits<char>, std::__1::allocator<char>>>>::__emplace_back_slow_path<std::__1::basic_string<char, std::__1::char_traits<char>, std::__1	1	0
ProCore	unsigned int std::__1::regex_traits<char>::__lookup_classname<std::__1	1	0
ProCore	std::__1::basic_string<char, std::__1::char_traits<char>, std::__1::allocator<char>> std::__1::regex_traits<char>::transform<std::__1	1	0
ProCore	std::__1::__allocation_result<std::__1::allocator_traits<std::__1::allocator<std::__1::pair<std::__1::basic_string<char, std::__1::char_traits<char>, std::__1::allocator<char>>, std::__1::basic_string<char, std::__1::char_traits<char>, std::__1::allocator<char>>>>>::pointer> std::__1::__allocate_at_least[abi:nqe210106]<std::__1::allocator<std::__1::pair<std::__1::basic_string<char, std::__1::char_traits<char>, std::__1::allocator<char>>, std::__1::basic_string<char, std::__1::char_traits<char>, std::__1	1	0
ProCore	std::__1::__allocation_result<std::__1::allocator_traits<std::__1::allocator<std::__1::pair<char, char>>>::pointer> std::__1::__allocate_at_least[abi:nqe210106]<std::__1::allocator<std::__1	1	0
ProCore	std::__1::__allocation_result<std::__1::allocator_traits<std::__1::allocator<unsigned short>>::pointer> std::__1::__allocate_at_least[abi:nqe210106]<std::__1	1	0
ProCore	std::__1::__wrap_iter<char const*> std::__1::basic_regex<char, std::__1::regex_traits<char>>::__parse_DUP_COUNT<std::__1	1	0
ProCore	std::__1::__wrap_iter<char const*> std::__1::basic_regex<char, std::__1::regex_traits<char>>::__parse_RE_expression<std::__1	1	0
ProCore	std::__1::__wrap_iter<char const*> std::__1::basic_regex<char, std::__1::regex_traits<char>>::__parse_simple_RE<std::__1	1	0
ProCore	std::__1::__wrap_iter<char const*> std::__1::basic_regex<char, std::__1::regex_traits<char>>::__parse_nondupl_RE<std::__1	1	0
ProCore	std::__1::__wrap_iter<char const*> std::__1::basic_regex<char, std::__1::regex_traits<char>>::__parse_RE_dupl_symbol<std::__1	1	0
ProCore	std::__1::__wrap_iter<char const*> std::__1::basic_regex<char, std::__1::regex_traits<char>>::__parse_one_char_or_coll_elem_RE<std::__1	1	0
ProCore	std::__1::__wrap_iter<char const*> std::__1::basic_regex<char, std::__1::regex_traits<char>>::__parse_QUOTED_CHAR<std::__1	1	0
ProCore	std::__1::__wrap_iter<char const*> std::__1::basic_regex<char, std::__1::regex_traits<char>>::__parse_ERE_branch<std::__1	1	0
ProCore	std::__1::__wrap_iter<char const*> std::__1::basic_regex<char, std::__1::regex_traits<char>>::__parse_ERE_expression<std::__1	1	0
ProCore	std::__1::__wrap_iter<char const*> std::__1::basic_regex<char, std::__1::regex_traits<char>>::__parse_one_char_or_coll_elem_ERE<std::__1	1	0
ProCore	std::__1::__wrap_iter<char const*> std::__1::basic_regex<char, std::__1::regex_traits<char>>::__parse_ORD_CHAR_ERE<std::__1	1	0
ProCore	std::__1::__wrap_iter<char const*> std::__1::basic_regex<char, std::__1::regex_traits<char>>::__parse_QUOTED_CHAR_ERE<std::__1	1	0
ProCore	std::__1::vector<cc::lut_t, std::__1::allocator<cc::lut_t>>::__destroy_vector	1	0
ProCore	bool std::__1::basic_regex<char, std::__1::regex_traits<char>>::__search<std::__1::allocator<std::__1	1	0
ProCore	bool std::__1::basic_regex<char, std::__1::regex_traits<char>>::__match_at_start<std::__1::allocator<std::__1	1	0
ProCore	bool std::__1::basic_regex<char, std::__1::regex_traits<char>>::__match_at_start_posix_nosubs<std::__1::allocator<std::__1	1	0
ProCore	bool std::__1::basic_regex<char, std::__1::regex_traits<char>>::__match_at_start_posix_subs<std::__1::allocator<std::__1	1	0
ProCore	void std::__1::vector<std::__1::sub_match<char const*>, std::__1::allocator<std::__1::sub_match<char const*>>>::__assign_with_size[abi:nqe210106]<std::__1::sub_match<char const*>*, std::__1	1	0
ProCore	void std::__1::vector<std::__1::pair<unsigned long, char const*>, std::__1::allocator<std::__1::pair<unsigned long, char const*>>>::__assign_with_size[abi:nqe210106]<std::__1::pair<unsigned long, char const*>*, std::__1	1	0
ProCore	std::__1::pair<std::__1::__tree_iterator<std::__1::__value_type<int, int (cc::lut_t::*)(cc::tfreader_t&, unsigned long)>, std::__1::__tree_node<std::__1::__value_type<int, int (cc::lut_t::*)(cc::tfreader_t&, unsigned long)>, void*>*, long>, bool> std::__1::__tree<std::__1::__value_type<int, int (cc::lut_t::*)(cc::tfreader_t&, unsigned long)>, std::__1::__map_value_compare<int, std::__1::pair<int const, int (cc::lut_t::*)(cc::tfreader_t&, unsigned long)>, std::__1::less<int>, true>, std::__1::allocator<std::__1::pair<int const, int (cc::lut_t::*)(cc::tfreader_t&, unsigned long)>>>::__emplace_unique_key_args<int, std::__1::piecewise_construct_t const&, std::__1::tuple<int&&>, std::__1	1	0
ProCore	std::__1::pair<std::__1::__tree_iterator<std::__1::__value_type<int, int (cc::lut_t::*)(cc::tfreader_t&, unsigned long)>, std::__1::__tree_node<std::__1::__value_type<int, int (cc::lut_t::*)(cc::tfreader_t&, unsigned long)>, void*>*, long>, bool> std::__1::__tree<std::__1::__value_type<int, int (cc::lut_t::*)(cc::tfreader_t&, unsigned long)>, std::__1::__map_value_compare<int, std::__1::pair<int const, int (cc::lut_t::*)(cc::tfreader_t&, unsigned long)>, std::__1::less<int>, true>, std::__1::allocator<std::__1::pair<int const, int (cc::lut_t::*)(cc::tfreader_t&, unsigned long)>>>::__emplace_unique_key_args<int, std::__1::piecewise_construct_t const&, std::__1::tuple<int const&>, std::__1	1	0
ProCore	unsigned int std::__1::regex_traits<char>	1	0
ProCore	bool std::__1::regex_match[abi:nqe210106]<std::__1::__wrap_iter<char const*>, std::__1::allocator<std::__1::sub_match<std::__1::__wrap_iter<char const*>>>, char, std::__1	1	0
ProCore	void std::__1::match_results<std::__1::__wrap_iter<char const*>, std::__1::allocator<std::__1::sub_match<std::__1::__wrap_iter<char const*>>>>::__assign[abi:nqe210106]<char const*, std::__1::allocator<std::__1	1	0
ProCore	std::__1::pair<std::__1::__tree_iterator<std::__1::__value_type<int, int (cc::lut_t::*)(int, char const*)>, std::__1::__tree_node<std::__1::__value_type<int, int (cc::lut_t::*)(int, char const*)>, void*>*, long>, bool> std::__1::__tree<std::__1::__value_type<int, int (cc::lut_t::*)(int, char const*)>, std::__1::__map_value_compare<int, std::__1::pair<int const, int (cc::lut_t::*)(int, char const*)>, std::__1::less<int>, true>, std::__1::allocator<std::__1::pair<int const, int (cc::lut_t::*)(int, char const*)>>>::__emplace_unique_key_args<int, std::__1::piecewise_construct_t const&, std::__1::tuple<int&&>, std::__1	1	0
ProCore	std::__1::sub_match<char const*>	1	0
ProCore	cc::lut_t* std::__1::vector<cc::lut_t, std::__1::allocator<cc::lut_t>>::__emplace_back_slow_path<cc	1	0
ProCore	void std::__1::__uninitialized_allocator_relocate[abi:nqe210106]<std::__1::allocator<cc::lut_t>, cc	1	0
ProCore	std::__1::__split_buffer<cc::lut_t, std::__1::allocator<cc::lut_t>&>	1	0
ProCore	void std::__1::vector<int, std::__1::allocator<int>>	1	0
ProCore	PCCFRef<__CFString const*>	1	0
ProCore	std::__1::pair<std::__1::__tree_iterator<std::__1::__value_type<PCNCLCCode, std::__1::pair<__CFString const*, __CFString const*>>, std::__1::__tree_node<std::__1::__value_type<PCNCLCCode, std::__1::pair<__CFString const*, __CFString const*>>, void*>*, long>, bool> std::__1::__tree<std::__1::__value_type<PCNCLCCode, std::__1::pair<__CFString const*, __CFString const*>>, std::__1::__map_value_compare<PCNCLCCode, std::__1::pair<PCNCLCCode const, std::__1::pair<__CFString const*, __CFString const*>>, std::__1::less<PCNCLCCode>, true>, std::__1::allocator<std::__1::pair<PCNCLCCode const, std::__1::pair<__CFString const*, __CFString const*>>>>::__emplace_hint_unique_key_args<PCNCLCCode, std::__1::pair<PCNCLCCode const, std::__1	1	0
ProCore	std::__1::less<(anonymous namespace)::ColorSpaceKey>	1	0
ProCore	std::__1::__tree_const_iterator<std::__1::__value_type<PCNCLCCode, std::__1::pair<__CFString const*, __CFString const*>>, std::__1::__tree_node<std::__1::__value_type<PCNCLCCode, std::__1::pair<__CFString const*, __CFString const*>>, void*>*, long> std::__1::__tree<std::__1::__value_type<PCNCLCCode, std::__1::pair<__CFString const*, __CFString const*>>, std::__1::__map_value_compare<PCNCLCCode, std::__1::pair<PCNCLCCode const, std::__1::pair<__CFString const*, __CFString const*>>, std::__1::less<PCNCLCCode>, true>, std::__1::allocator<std::__1::pair<PCNCLCCode const, std::__1::pair<__CFString const*, __CFString const*>>>>	1	0
ProCore	PCCFRef<CGColorSpace*>* std::__1::vector<PCCFRef<CGColorSpace*>, std::__1::allocator<PCCFRef<CGColorSpace*>>>	1	0
ProCore	std::__1::__split_buffer<PCCFRef<CGColorSpace*>, std::__1::allocator<PCCFRef<CGColorSpace*>>&>	1	0
ProCore	std::__1::map<std::__1::tuple<(anonymous namespace)::EquivalenceKey const>, PCCacheImpl<std::__1::tuple<(anonymous namespace)::EquivalenceKey const>, bool, PCNoLock, std::__1::less<std::__1::tuple<(anonymous namespace)::EquivalenceKey const>>>::Data, std::__1::less<std::__1::tuple<(anonymous namespace)::EquivalenceKey const>>, std::__1::allocator<std::__1::pair<std::__1::tuple<(anonymous namespace)::EquivalenceKey const> const, PCCacheImpl<std::__1::tuple<(anonymous namespace)::EquivalenceKey const>, bool, PCNoLock, std::__1::less<std::__1::tuple<(anonymous namespace)::EquivalenceKey const>>>::Data>>>	1	0
ProCore	PCEvictionHeap<std::__1::__map_iterator<std::__1::__tree_iterator<std::__1::__value_type<std::__1::tuple<(anonymous namespace)::EquivalenceKey const>, PCCacheImpl<std::__1::tuple<(anonymous namespace)::EquivalenceKey const>, bool, PCNoLock, std::__1::less<std::__1::tuple<(anonymous namespace)::EquivalenceKey const>>>::Data>, std::__1::__tree_node<std::__1::__value_type<std::__1::tuple<(anonymous namespace)::EquivalenceKey const>, PCCacheImpl<std::__1::tuple<(anonymous namespace)::EquivalenceKey const>, bool, PCNoLock, std::__1::less<std::__1::tuple<(anonymous namespace)::EquivalenceKey const>>>::Data>, void*>*, long>>>	1	0
ProCore	std::__1::unique_ptr<std::__1::__tree_node<std::__1::__value_type<PCCFRef<CGColorSpace*>, PCCacheImpl<PCCFRef<CGColorSpace*>, PCCFRef<CGColorSpace*>, PCNoLock, (anonymous namespace)::CompareColorSpaceRef>::Data>, void*>, std::__1::__tree_node_destructor<std::__1::allocator<std::__1::__tree_node<std::__1::__value_type<PCCFRef<CGColorSpace*>, PCCacheImpl<PCCFRef<CGColorSpace*>, PCCFRef<CGColorSpace*>, PCNoLock, (anonymous namespace)::CompareColorSpaceRef>::Data>, void*>>>>	1	0
ProCore	std::__1::unique_ptr<std::__1::__tree_node<std::__1::__value_type<std::__1::tuple<(anonymous namespace)::EquivalenceKey const>, PCCacheImpl<std::__1::tuple<(anonymous namespace)::EquivalenceKey const>, bool, PCNoLock, std::__1::less<std::__1::tuple<(anonymous namespace)::EquivalenceKey const>>>::Data>, void*>, std::__1::__tree_node_destructor<std::__1::allocator<std::__1::__tree_node<std::__1::__value_type<std::__1::tuple<(anonymous namespace)::EquivalenceKey const>, PCCacheImpl<std::__1::tuple<(anonymous namespace)::EquivalenceKey const>, bool, PCNoLock, std::__1::less<std::__1::tuple<(anonymous namespace)::EquivalenceKey const>>>::Data>, void*>>>>	1	0
ProCore	std::__1::tuple<(anonymous namespace)::EquivalenceKey const>	1	0
ProCore	std::__1::less<(anonymous namespace)::CacheKey>	1	0
ProCore	std::__1::vector<PCICCProfile::Tag, std::__1::allocator<PCICCProfile::Tag>>::__destroy_vector	1	0
ProCore	std::__1::__tree<std::__1::__value_type<std::__1::tuple<(anonymous namespace)::EquivalenceKey const>, PCCacheImpl<std::__1::tuple<(anonymous namespace)::EquivalenceKey const>, bool, PCNoLock, std::__1::less<std::__1::tuple<(anonymous namespace)::EquivalenceKey const>>>::Data>, std::__1::__map_value_compare<std::__1::tuple<(anonymous namespace)::EquivalenceKey const>, std::__1::pair<std::__1::tuple<(anonymous namespace)::EquivalenceKey const> const, PCCacheImpl<std::__1::tuple<(anonymous namespace)::EquivalenceKey const>, bool, PCNoLock, std::__1::less<std::__1::tuple<(anonymous namespace)::EquivalenceKey const>>>::Data>, std::__1::less<std::__1::tuple<(anonymous namespace)::EquivalenceKey const>>, true>, std::__1::allocator<std::__1::pair<std::__1::tuple<(anonymous namespace)::EquivalenceKey const> const, PCCacheImpl<std::__1::tuple<(anonymous namespace)::EquivalenceKey const>, bool, PCNoLock, std::__1::less<std::__1::tuple<(anonymous namespace)::EquivalenceKey const>>>::Data>>>	1	0
ProCore	PCCache<std::__1::tuple<PCColorSpaceHandle const>, PCHash128, PCNoLock, std::__1::less<std::__1::tuple<PCColorSpaceHandle const>>>	1	0
ProCore	std::__1::unique_ptr<PCCacheImpl<std::__1::tuple<PCColorSpaceHandle const>, PCHash128, PCNoLock, std::__1::less<std::__1::tuple<PCColorSpaceHandle const>>>, std::__1::default_delete<PCCacheImpl<std::__1::tuple<PCColorSpaceHandle const>, PCHash128, PCNoLock, std::__1::less<std::__1::tuple<PCColorSpaceHandle const>>>>>	1	0
ProCore	PCCFRef<__CFData const*>	1	0
ProCore	std::__1::pair<std::__1::__tree_iterator<std::__1::__value_type<std::__1::tuple<PCColorSpaceHandle const>, PCCacheImpl<std::__1::tuple<PCColorSpaceHandle const>, PCHash128, PCNoLock, std::__1::less<std::__1::tuple<PCColorSpaceHandle const>>>::Data>, std::__1::__tree_node<std::__1::__value_type<std::__1::tuple<PCColorSpaceHandle const>, PCCacheImpl<std::__1::tuple<PCColorSpaceHandle const>, PCHash128, PCNoLock, std::__1::less<std::__1::tuple<PCColorSpaceHandle const>>>::Data>, void*>*, long>, bool> std::__1::__tree<std::__1::__value_type<std::__1::tuple<PCColorSpaceHandle const>, PCCacheImpl<std::__1::tuple<PCColorSpaceHandle const>, PCHash128, PCNoLock, std::__1::less<std::__1::tuple<PCColorSpaceHandle const>>>::Data>, std::__1::__map_value_compare<std::__1::tuple<PCColorSpaceHandle const>, std::__1::pair<std::__1::tuple<PCColorSpaceHandle const> const, PCCacheImpl<std::__1::tuple<PCColorSpaceHandle const>, PCHash128, PCNoLock, std::__1::less<std::__1::tuple<PCColorSpaceHandle const>>>::Data>, std::__1::less<std::__1::tuple<PCColorSpaceHandle const>>, true>, std::__1::allocator<std::__1::pair<std::__1::tuple<PCColorSpaceHandle const> const, PCCacheImpl<std::__1::tuple<PCColorSpaceHandle const>, PCHash128, PCNoLock, std::__1::less<std::__1::tuple<PCColorSpaceHandle const>>>::Data>>>::__emplace_unique_key_args<std::__1::tuple<PCColorSpaceHandle const>, std::__1::pair<std::__1::tuple<PCColorSpaceHandle const> const, PCCacheImpl<std::__1::tuple<PCColorSpaceHandle const>, PCHash128, PCNoLock, std::__1::less<std::__1::tuple<PCColorSpaceHandle const>>>	1	0
ProCore	std::__1::unique_ptr<std::__1::__tree_node<std::__1::__value_type<std::__1::tuple<PCColorSpaceHandle const>, PCCacheImpl<std::__1::tuple<PCColorSpaceHandle const>, PCHash128, PCNoLock, std::__1::less<std::__1::tuple<PCColorSpaceHandle const>>>::Data>, void*>, std::__1::__tree_node_destructor<std::__1::allocator<std::__1::__tree_node<std::__1::__value_type<std::__1::tuple<PCColorSpaceHandle const>, PCCacheImpl<std::__1::tuple<PCColorSpaceHandle const>, PCHash128, PCNoLock, std::__1::less<std::__1::tuple<PCColorSpaceHandle const>>>::Data>, void*>>>> std::__1::__tree<std::__1::__value_type<std::__1::tuple<PCColorSpaceHandle const>, PCCacheImpl<std::__1::tuple<PCColorSpaceHandle const>, PCHash128, PCNoLock, std::__1::less<std::__1::tuple<PCColorSpaceHandle const>>>::Data>, std::__1::__map_value_compare<std::__1::tuple<PCColorSpaceHandle const>, std::__1::pair<std::__1::tuple<PCColorSpaceHandle const> const, PCCacheImpl<std::__1::tuple<PCColorSpaceHandle const>, PCHash128, PCNoLock, std::__1::less<std::__1::tuple<PCColorSpaceHandle const>>>::Data>, std::__1::less<std::__1::tuple<PCColorSpaceHandle const>>, true>, std::__1::allocator<std::__1::pair<std::__1::tuple<PCColorSpaceHandle const> const, PCCacheImpl<std::__1::tuple<PCColorSpaceHandle const>, PCHash128, PCNoLock, std::__1::less<std::__1::tuple<PCColorSpaceHandle const>>>::Data>>>::__construct_node<std::__1::pair<std::__1::tuple<PCColorSpaceHandle const> const, PCCacheImpl<std::__1::tuple<PCColorSpaceHandle const>, PCHash128, PCNoLock, std::__1::less<std::__1::tuple<PCColorSpaceHandle const>>>	1	0
ProCore	std::__1::pair<std::__1::tuple<PCColorSpaceHandle const> const, PCCacheImpl<std::__1::tuple<PCColorSpaceHandle const>, PCHash128, PCNoLock, std::__1::less<std::__1::tuple<PCColorSpaceHandle const>>>::Data>	1	0
ProCore	std::__1::unique_ptr<std::__1::__tree_node<std::__1::__value_type<std::__1::tuple<PCColorSpaceHandle const>, PCCacheImpl<std::__1::tuple<PCColorSpaceHandle const>, PCHash128, PCNoLock, std::__1::less<std::__1::tuple<PCColorSpaceHandle const>>>::Data>, void*>, std::__1::__tree_node_destructor<std::__1::allocator<std::__1::__tree_node<std::__1::__value_type<std::__1::tuple<PCColorSpaceHandle const>, PCCacheImpl<std::__1::tuple<PCColorSpaceHandle const>, PCHash128, PCNoLock, std::__1::less<std::__1::tuple<PCColorSpaceHandle const>>>::Data>, void*>>>>	1	0
ProCore	std::__1::__tree_iterator<std::__1::__value_type<PCHash128, PCCacheImpl<PCHash128, PCColorSpaceHandle, PCNoLock, std::__1::less<PCHash128>>::Data>, std::__1::__tree_node<std::__1::__value_type<PCHash128, PCCacheImpl<PCHash128, PCColorSpaceHandle, PCNoLock, std::__1::less<PCHash128>>::Data>, void*>*, long> std::__1::__tree<std::__1::__value_type<PCHash128, PCCacheImpl<PCHash128, PCColorSpaceHandle, PCNoLock, std::__1::less<PCHash128>>::Data>, std::__1::__map_value_compare<PCHash128, std::__1::pair<PCHash128 const, PCCacheImpl<PCHash128, PCColorSpaceHandle, PCNoLock, std::__1::less<PCHash128>>::Data>, std::__1::less<PCHash128>, true>, std::__1::allocator<std::__1::pair<PCHash128 const, PCCacheImpl<PCHash128, PCColorSpaceHandle, PCNoLock, std::__1::less<PCHash128>>::Data>>>	1	0
ProCore	std::__1::pair<std::__1::__tree_iterator<std::__1::__value_type<PCHash128, PCCacheImpl<PCHash128, PCColorSpaceHandle, PCNoLock, std::__1::less<PCHash128>>::Data>, std::__1::__tree_node<std::__1::__value_type<PCHash128, PCCacheImpl<PCHash128, PCColorSpaceHandle, PCNoLock, std::__1::less<PCHash128>>::Data>, void*>*, long>, bool> std::__1::__tree<std::__1::__value_type<PCHash128, PCCacheImpl<PCHash128, PCColorSpaceHandle, PCNoLock, std::__1::less<PCHash128>>::Data>, std::__1::__map_value_compare<PCHash128, std::__1::pair<PCHash128 const, PCCacheImpl<PCHash128, PCColorSpaceHandle, PCNoLock, std::__1::less<PCHash128>>::Data>, std::__1::less<PCHash128>, true>, std::__1::allocator<std::__1::pair<PCHash128 const, PCCacheImpl<PCHash128, PCColorSpaceHandle, PCNoLock, std::__1::less<PCHash128>>::Data>>>::__emplace_unique_key_args<PCHash128, std::__1::pair<PCHash128 const, PCCacheImpl<PCHash128, PCColorSpaceHandle, PCNoLock, std::__1::less<PCHash128>>	1	0
ProCore	std::__1::__tree_node_base<void*>*& std::__1::__tree<std::__1::__value_type<PCHash128, PCCacheImpl<PCHash128, PCColorSpaceHandle, PCNoLock, std::__1::less<PCHash128>>::Data>, std::__1::__map_value_compare<PCHash128, std::__1::pair<PCHash128 const, PCCacheImpl<PCHash128, PCColorSpaceHandle, PCNoLock, std::__1::less<PCHash128>>::Data>, std::__1::less<PCHash128>, true>, std::__1::allocator<std::__1::pair<PCHash128 const, PCCacheImpl<PCHash128, PCColorSpaceHandle, PCNoLock, std::__1::less<PCHash128>>::Data>>>	1	0
ProCore	std::__1::unique_ptr<std::__1::__tree_node<std::__1::__value_type<PCHash128, PCCacheImpl<PCHash128, PCColorSpaceHandle, PCNoLock, std::__1::less<PCHash128>>::Data>, void*>, std::__1::__tree_node_destructor<std::__1::allocator<std::__1::__tree_node<std::__1::__value_type<PCHash128, PCCacheImpl<PCHash128, PCColorSpaceHandle, PCNoLock, std::__1::less<PCHash128>>::Data>, void*>>>> std::__1::__tree<std::__1::__value_type<PCHash128, PCCacheImpl<PCHash128, PCColorSpaceHandle, PCNoLock, std::__1::less<PCHash128>>::Data>, std::__1::__map_value_compare<PCHash128, std::__1::pair<PCHash128 const, PCCacheImpl<PCHash128, PCColorSpaceHandle, PCNoLock, std::__1::less<PCHash128>>::Data>, std::__1::less<PCHash128>, true>, std::__1::allocator<std::__1::pair<PCHash128 const, PCCacheImpl<PCHash128, PCColorSpaceHandle, PCNoLock, std::__1::less<PCHash128>>::Data>>>::__construct_node<std::__1::pair<PCHash128 const, PCCacheImpl<PCHash128, PCColorSpaceHandle, PCNoLock, std::__1::less<PCHash128>>	1	0
ProCore	std::__1::pair<PCHash128 const, PCCacheImpl<PCHash128, PCColorSpaceHandle, PCNoLock, std::__1::less<PCHash128>>::Data>	1	0
ProCore	std::__1::unique_ptr<std::__1::__tree_node<std::__1::__value_type<PCHash128, PCCacheImpl<PCHash128, PCColorSpaceHandle, PCNoLock, std::__1::less<PCHash128>>::Data>, void*>, std::__1::__tree_node_destructor<std::__1::allocator<std::__1::__tree_node<std::__1::__value_type<PCHash128, PCCacheImpl<PCHash128, PCColorSpaceHandle, PCNoLock, std::__1::less<PCHash128>>::Data>, void*>>>>	1	0
ProCore	std::__1::__tree<std::__1::__value_type<(anonymous namespace)::CacheKey, PCColorSpaceHandle>, std::__1::__map_value_compare<(anonymous namespace)::CacheKey, std::__1::pair<(anonymous namespace)::CacheKey const, PCColorSpaceHandle>, std::__1::less<(anonymous namespace)::CacheKey>, true>, std::__1::allocator<std::__1::pair<(anonymous namespace)::CacheKey const, PCColorSpaceHandle>>>	1	0
ProCore	PCCache<PCHash128, PCColorSpaceHandle, PCNoLock, std::__1::less<PCHash128>>	1	0
ProCore	std::__1::unique_ptr<PCCacheImpl<PCHash128, PCColorSpaceHandle, PCNoLock, std::__1::less<PCHash128>>, std::__1::default_delete<PCCacheImpl<PCHash128, PCColorSpaceHandle, PCNoLock, std::__1::less<PCHash128>>>>	1	0
ProCore	PCEdgeVertex* std::__1::vector<PCEdgeVertex, std::__1::allocator<PCEdgeVertex>>	1	0
ProCore	std::__1::__allocation_result<std::__1::allocator_traits<std::__1::allocator<PCEdgeVertex>>::pointer> std::__1::__allocate_at_least[abi:nqe210106]<std::__1	1	0
ProCore	void std::__1::__introsort<std::__1	1	0
ProCore	bool std::__1::__sort3[abi:nqe210106]<std::__1	1	0
ProCore	void std::__1::__sort4[abi:nqe210106]<std::__1	1	0
ProCore	void std::__1::__sort5[abi:nqe210106]<std::__1	1	0
ProCore	void std::__1::__insertion_sort[abi:nqe210106]<std::__1	1	0
ProCore	void std::__1::__insertion_sort_unguarded[abi:nqe210106]<std::__1	1	0
ProCore	PCEdgeVertex* std::__1::__partition_with_equals_on_left[abi:nqe210106]<std::__1	1	0
ProCore	std::__1::pair<PCEdgeVertex*, bool> std::__1::__partition_with_equals_on_right[abi:nqe210106]<std::__1	1	0
ProCore	bool std::__1::__insertion_sort_incomplete[abi:nqe210106]<std::__1	1	0
ProCore	PCEdgeVertex* std::__1::__partial_sort_impl[abi:nqe210106]<std::__1	1	0
ProCore	void std::__1::__sift_down[abi:nqe210106]<std::__1	1	0
ProCore	PCEdgeVertex* std::__1::__floyd_sift_down[abi:nqe210106]<std::__1	1	0
ProCore	void std::__1::__sift_up[abi:nqe210106]<std::__1	1	0
ProCore	PCCFRef<__CFArray const*>	1	0
ProCore	PCMatrix33Tmpl<double>	1	0
ProCore	void std::__1::vector<unsigned char, std::__1::allocator<unsigned char>>	1	0
ProCore	std::__1::shared_ptr<std::__1::vector<unsigned char, std::__1::allocator<unsigned char>>>::shared_ptr[abi:nqe210106]<std::__1::vector<unsigned char, std::__1	1	0
ProCore	std::__1::default_delete<std::__1::vector<unsigned char, std::__1::allocator<unsigned char>>>	1	0
ProCore	std::__1::__split_buffer<std::__1::shared_ptr<std::__1::vector<unsigned char, std::__1::allocator<unsigned char>>>, std::__1::allocator<std::__1::shared_ptr<std::__1::vector<unsigned char, std::__1::allocator<unsigned char>>>>&>	1	0
ProCore	PCICCProfile::Tag* std::__1::vector<PCICCProfile::Tag, std::__1::allocator<PCICCProfile::Tag>>::__emplace_back_slow_path<PCICCProfile	1	0
ProCore	void std::__1::__uninitialized_allocator_relocate[abi:nqe210106]<std::__1::allocator<PCICCProfile::Tag>, PCICCProfile	1	0
ProCore	std::__1::__split_buffer<PCICCProfile::Tag, std::__1::allocator<PCICCProfile::Tag>&>	1	0
ProCore	std::__1::__tree<(anonymous namespace)::WrittenTag, std::__1::less<(anonymous namespace)::WrittenTag>, std::__1::allocator<(anonymous namespace)::WrittenTag>>	1	0
ProCore	std::__1::pair<std::__1::__tree_iterator<unsigned int, std::__1::__tree_node<unsigned int, void*>*, long>, bool> std::__1::__tree<unsigned int, std::__1::less<unsigned int>, std::__1::allocator<unsigned int>>	1	0
ProCore	std::__1::pair<std::__1::__tree_iterator<std::__1::shared_ptr<std::__1::vector<unsigned char, std::__1::allocator<unsigned char>>>, std::__1::__tree_node<std::__1::shared_ptr<std::__1::vector<unsigned char, std::__1::allocator<unsigned char>>>, void*>*, long>, bool> std::__1::__tree<std::__1::shared_ptr<std::__1::vector<unsigned char, std::__1::allocator<unsigned char>>>, std::__1::less<std::__1::shared_ptr<std::__1::vector<unsigned char, std::__1::allocator<unsigned char>>>>, std::__1::allocator<std::__1::shared_ptr<std::__1::vector<unsigned char, std::__1::allocator<unsigned char>>>>>::__emplace_unique_key_args<std::__1::shared_ptr<std::__1::vector<unsigned char, std::__1::allocator<unsigned char>>>, std::__1::shared_ptr<std::__1::vector<unsigned char, std::__1	1	0
ProCore	std::__1::pair<std::__1::__tree_iterator<std::__1::__value_type<PCColorSpaceCache::ID, PCColorSpaceHandle>, std::__1::__tree_node<std::__1::__value_type<PCColorSpaceCache::ID, PCColorSpaceHandle>, void*>*, long>, bool> std::__1::__tree<std::__1::__value_type<PCColorSpaceCache::ID, PCColorSpaceHandle>, std::__1::__map_value_compare<PCColorSpaceCache::ID, std::__1::pair<PCColorSpaceCache::ID const, PCColorSpaceHandle>, std::__1::less<PCColorSpaceCache::ID>, true>, std::__1::allocator<std::__1::pair<PCColorSpaceCache::ID const, PCColorSpaceHandle>>>::__emplace_unique_key_args<PCColorSpaceCache::ID, std::__1::pair<PCColorSpaceCache	1	0
ProCore	void std::__1::__tree_balance_after_insert[abi:nqe210106]<std::__1	1	0
ProCore	std::__1::__tree_iterator<std::__1::__value_type<PCColorSpaceHandle, PCNSRef<NSColorSpace*>>, std::__1::__tree_node<std::__1::__value_type<PCColorSpaceHandle, PCNSRef<NSColorSpace*>>, void*>*, long> std::__1::__tree<std::__1::__value_type<PCColorSpaceHandle, PCNSRef<NSColorSpace*>>, std::__1::__map_value_compare<PCColorSpaceHandle, std::__1::pair<PCColorSpaceHandle const, PCNSRef<NSColorSpace*>>, std::__1::less<PCColorSpaceHandle>, true>, std::__1::allocator<std::__1::pair<PCColorSpaceHandle const, PCNSRef<NSColorSpace*>>>>	1	0
ProCore	std::__1::pair<std::__1::__tree_iterator<std::__1::__value_type<PCColorSpaceHandle, PCNSRef<NSColorSpace*>>, std::__1::__tree_node<std::__1::__value_type<PCColorSpaceHandle, PCNSRef<NSColorSpace*>>, void*>*, long>, bool> std::__1::__tree<std::__1::__value_type<PCColorSpaceHandle, PCNSRef<NSColorSpace*>>, std::__1::__map_value_compare<PCColorSpaceHandle, std::__1::pair<PCColorSpaceHandle const, PCNSRef<NSColorSpace*>>, std::__1::less<PCColorSpaceHandle>, true>, std::__1::allocator<std::__1::pair<PCColorSpaceHandle const, PCNSRef<NSColorSpace*>>>>::__emplace_unique_key_args<PCColorSpaceHandle, std::__1	1	0
ProCore	std::__1::__tree_node_base<void*>*& std::__1::__tree<std::__1::__value_type<PCColorSpaceHandle, PCNSRef<NSColorSpace*>>, std::__1::__map_value_compare<PCColorSpaceHandle, std::__1::pair<PCColorSpaceHandle const, PCNSRef<NSColorSpace*>>, std::__1::less<PCColorSpaceHandle>, true>, std::__1::allocator<std::__1::pair<PCColorSpaceHandle const, PCNSRef<NSColorSpace*>>>>	1	0
ProCore	std::__1::unique_ptr<std::__1::__tree_node<std::__1::__value_type<PCColorSpaceHandle, PCNSRef<NSColorSpace*>>, void*>, std::__1::__tree_node_destructor<std::__1::allocator<std::__1::__tree_node<std::__1::__value_type<PCColorSpaceHandle, PCNSRef<NSColorSpace*>>, void*>>>> std::__1::__tree<std::__1::__value_type<PCColorSpaceHandle, PCNSRef<NSColorSpace*>>, std::__1::__map_value_compare<PCColorSpaceHandle, std::__1::pair<PCColorSpaceHandle const, PCNSRef<NSColorSpace*>>, std::__1::less<PCColorSpaceHandle>, true>, std::__1::allocator<std::__1::pair<PCColorSpaceHandle const, PCNSRef<NSColorSpace*>>>>::__construct_node<std::__1	1	0
ProCore	std::__1::unique_ptr<std::__1::__tree_node<std::__1::__value_type<PCColorSpaceHandle, PCNSRef<NSColorSpace*>>, void*>, std::__1::__tree_node_destructor<std::__1::allocator<std::__1::__tree_node<std::__1::__value_type<PCColorSpaceHandle, PCNSRef<NSColorSpace*>>, void*>>>>	1	0
ProCore	void std::__1::__destroy_at[abi:nqe210106]<std::__1	1	0
ProCore	std::__1::map<PCCFRef<CGColorSpace*>, PCCacheImpl<PCCFRef<CGColorSpace*>, PCCFRef<CGColorSpace*>, PCNoLock, (anonymous namespace)::CompareColorSpaceRef>::Data, (anonymous namespace)::CompareColorSpaceRef, std::__1::allocator<std::__1::pair<PCCFRef<CGColorSpace*> const, PCCacheImpl<PCCFRef<CGColorSpace*>, PCCFRef<CGColorSpace*>, PCNoLock, (anonymous namespace)::CompareColorSpaceRef>::Data>>>	1	0
ProCore	PCEvictionHeap<std::__1::__map_iterator<std::__1::__tree_iterator<std::__1::__value_type<PCCFRef<CGColorSpace*>, PCCacheImpl<PCCFRef<CGColorSpace*>, PCCFRef<CGColorSpace*>, PCNoLock, (anonymous namespace)::CompareColorSpaceRef>::Data>, std::__1::__tree_node<std::__1::__value_type<PCCFRef<CGColorSpace*>, PCCacheImpl<PCCFRef<CGColorSpace*>, PCCFRef<CGColorSpace*>, PCNoLock, (anonymous namespace)::CompareColorSpaceRef>::Data>, void*>*, long>>>	1	0
ProCore	PCCacheImpl<PCCFRef<CGColorSpace*>, PCCFRef<CGColorSpace*>, PCNoLock, (anonymous namespace)::CompareColorSpaceRef>	1	0
ProCore	void std::__1::__tree_remove[abi:nqe210106]<std::__1	1	0
ProCore	PCGenVector<float>& PCGenVector<float>	1	0
ProCore	PCArray<PCGenMatrix<float>, PCArray_Traits<PCGenMatrix<float>>>	1	0
ProCore	PCGenVector<double>& PCGenVector<double>	1	0
ProCore	PCVector2<double>& PCMatrix44Tmpl<double>	1	0
ProCore	std::__1::basic_istream<char, std::__1::char_traits<char>>& std::__1::getline[abi:nqe210106]<char, std::__1::char_traits<char>, std::__1	1	0
ProCore	Json::OurFeatures	1	0
ProCore	Json::operator>>(std::__1::basic_istream<char, std::__1::char_traits<char>>&, Json	1	0
ProCore	Json::Value::CZString::operator<(Json::Value	1	0
ProCore	Json::Value::operator<(Json	1	0
ProCore	Json::Value::operator>(Json	1	0
ProCore	Json::Value::operator<=(Json	1	0
ProCore	Json::Value::operator>=(Json	1	0
ProCore	std::__1::basic_ostream<char, std::__1::char_traits<char>>& std::__1::operator<<[abi:nqe210106]<std::__1::char_traits<char>>(std::__1::basic_ostream<char, std::__1::char_traits<char>>&, std::__1	1	0
ProCore	Json::operator<<(std::__1::basic_ostream<char, std::__1::char_traits<char>>&, Json	1	0
ProCore	std::__1::pair<std::__1::__tree_iterator<std::__1::basic_string<char, std::__1::char_traits<char>, std::__1::allocator<char>>, std::__1::__tree_node<std::__1::basic_string<char, std::__1::char_traits<char>, std::__1::allocator<char>>, void*>*, long>, bool> std::__1::__tree<std::__1::basic_string<char, std::__1::char_traits<char>, std::__1::allocator<char>>, std::__1::less<std::__1::basic_string<char, std::__1::char_traits<char>, std::__1::allocator<char>>>, std::__1::allocator<std::__1::basic_string<char, std::__1::char_traits<char>, std::__1::allocator<char>>>>::__emplace_unique_key_args<std::__1::basic_string<char, std::__1::char_traits<char>, std::__1::allocator<char>>, std::__1::basic_string<char, std::__1::char_traits<char>, std::__1	1	0
ProCore	std::__1::__tree_node_base<void*>*& std::__1::__tree<std::__1::basic_string<char, std::__1::char_traits<char>, std::__1::allocator<char>>, std::__1::less<std::__1::basic_string<char, std::__1::char_traits<char>, std::__1::allocator<char>>>, std::__1::allocator<std::__1::basic_string<char, std::__1::char_traits<char>, std::__1::allocator<char>>>>::__find_equal<std::__1::basic_string<char, std::__1::char_traits<char>, std::__1	1	0
ProCore	int std::__1::basic_string<char, std::__1::char_traits<char>, std::__1::allocator<char>>::compare[abi:nqe210106]<std::__1::basic_string_view<char, std::__1	1	0
ProCore	std::__1::pair<Json::Value::CZString const, Json::Value>::pair[abi:nqe210106]<Json::Value::CZString&, Json	1	0
ProCore	std::__1::basic_string<char, std::__1::char_traits<char>, std::__1::allocator<char>>& std::__1::basic_string<char, std::__1::char_traits<char>, std::__1::allocator<char>>	1	0
ProCore	void std::__1::allocator<Json::Reader::ErrorInfo>::construct[abi:nqe210106]<Json::Reader::ErrorInfo, Json::Reader	1	0
ProCore	void std::__1::allocator<Json::OurReader::ErrorInfo>::construct[abi:nqe210106]<Json::OurReader::ErrorInfo, Json::OurReader	1	0
ProCore	std::__1::__deque_iterator<Json::Reader::ErrorInfo, Json::Reader::ErrorInfo*, Json::Reader::ErrorInfo&, Json::Reader::ErrorInfo**, long, 73l>	1	0
ProCore	std::__1::__deque_iterator<Json::OurReader::ErrorInfo, Json::OurReader::ErrorInfo*, Json::OurReader::ErrorInfo&, Json::OurReader::ErrorInfo**, long, 73l>	1	0
ProCore	std::__1::vector<Json::Reader::StructuredError, std::__1::allocator<Json::Reader::StructuredError>>::__destroy_vector	1	0
ProCore	std::__1::vector<Json::OurReader::StructuredError, std::__1::allocator<Json::OurReader::StructuredError>>::__destroy_vector	1	0
ProCore	void std::__1::vector<Json::Reader::StructuredError, std::__1::allocator<Json::Reader::StructuredError>>::__emplace_back_assume_capacity[abi:nqe210106]<Json::Reader	1	0
ProCore	Json::Reader::StructuredError* std::__1::vector<Json::Reader::StructuredError, std::__1::allocator<Json::Reader::StructuredError>>::__emplace_back_slow_path<Json::Reader	1	0
ProCore	std::__1::__allocation_result<std::__1::allocator_traits<std::__1::allocator<Json::Reader::StructuredError>>::pointer> std::__1::__allocate_at_least[abi:nqe210106]<std::__1::allocator<Json::Reader	1	0
ProCore	std::__1::__allocation_result<std::__1::allocator_traits<std::__1::allocator<Json::OurReader::StructuredError>>::pointer> std::__1::__allocate_at_least[abi:nqe210106]<std::__1::allocator<Json::OurReader	1	0
ProCore	void std::__1::__uninitialized_allocator_relocate[abi:nqe210106]<std::__1::allocator<Json::Reader::StructuredError>, Json::Reader	1	0
ProCore	std::__1::__exception_guard_exceptions<std::__1::_AllocatorDestroyRangeReverse<std::__1::allocator<Json::Reader::StructuredError>, Json::Reader::StructuredError*>>	1	0
ProCore	std::__1::_AllocatorDestroyRangeReverse<std::__1::allocator<Json::Reader::StructuredError>, Json::Reader::StructuredError*>	1	0
ProCore	std::__1::_AllocatorDestroyRangeReverse<std::__1::allocator<Json::OurReader::StructuredError>, Json::OurReader::StructuredError*>	1	0
ProCore	void std::__1::vector<Json::OurReader::StructuredError, std::__1::allocator<Json::OurReader::StructuredError>>::__emplace_back_assume_capacity[abi:nqe210106]<Json::OurReader	1	0
ProCore	Json::OurReader::StructuredError* std::__1::vector<Json::OurReader::StructuredError, std::__1::allocator<Json::OurReader::StructuredError>>::__emplace_back_slow_path<Json::OurReader	1	0
ProCore	void std::__1::__uninitialized_allocator_relocate[abi:nqe210106]<std::__1::allocator<Json::OurReader::StructuredError>, Json::OurReader	1	0
ProCore	std::__1::__exception_guard_exceptions<std::__1::_AllocatorDestroyRangeReverse<std::__1::allocator<Json::OurReader::StructuredError>, Json::OurReader::StructuredError*>>	1	0
ProCore	std::__1::__tree_iterator<std::__1::basic_string<char, std::__1::char_traits<char>, std::__1::allocator<char>>, std::__1::__tree_node<std::__1::basic_string<char, std::__1::char_traits<char>, std::__1::allocator<char>>, void*>*, long> std::__1::__tree<std::__1::basic_string<char, std::__1::char_traits<char>, std::__1::allocator<char>>, std::__1::less<std::__1::basic_string<char, std::__1::char_traits<char>, std::__1::allocator<char>>>, std::__1::allocator<std::__1::basic_string<char, std::__1::char_traits<char>, std::__1::allocator<char>>>>::find<std::__1::basic_string<char, std::__1::char_traits<char>, std::__1	1	0
ProCore	std::__1::__tree_iterator<std::__1::basic_string<char, std::__1::char_traits<char>, std::__1::allocator<char>>, std::__1::__tree_node<std::__1::basic_string<char, std::__1::char_traits<char>, std::__1::allocator<char>>, void*>*, long> std::__1::__tree<std::__1::basic_string<char, std::__1::char_traits<char>, std::__1::allocator<char>>, std::__1::less<std::__1::basic_string<char, std::__1::char_traits<char>, std::__1::allocator<char>>>, std::__1::allocator<std::__1::basic_string<char, std::__1::char_traits<char>, std::__1::allocator<char>>>>::__lower_bound<std::__1::basic_string<char, std::__1::char_traits<char>, std::__1	1	0
ProCore	std::__1::map<Json::Value::CZString, Json::Value, std::__1::less<Json::Value::CZString>, std::__1::allocator<std::__1::pair<Json::Value::CZString const, Json::Value>>>	1	0
ProCore	void std::__1::map<Json::Value::CZString, Json::Value, std::__1::less<Json::Value::CZString>, std::__1::allocator<std::__1::pair<Json::Value::CZString const, Json::Value>>>::insert[abi:nqe210106]<std::__1::__map_const_iterator<std::__1::__tree_const_iterator<std::__1::__value_type<Json::Value::CZString, Json::Value>, std::__1::__tree_node<std::__1::__value_type<Json::Value::CZString, Json	1	0
ProCore	std::__1::unique_ptr<std::__1::__tree_node<std::__1::__value_type<Json::Value::CZString, Json::Value>, void*>, std::__1::__tree_node_destructor<std::__1::allocator<std::__1::__tree_node<std::__1::__value_type<Json::Value::CZString, Json::Value>, void*>>>>	1	0
ProCore	void std::__1::__destroy_at[abi:nqe210106]<std::__1::pair<Json::Value::CZString const, Json	1	0
ProCore	bool std::__1::__lexicographical_compare[abi:nqe210106]<std::__1::__map_const_iterator<std::__1::__tree_const_iterator<std::__1::__value_type<Json::Value::CZString, Json::Value>, std::__1::__tree_node<std::__1::__value_type<Json::Value::CZString, Json::Value>, void*>*, long>>, std::__1::__map_const_iterator<std::__1::__tree_const_iterator<std::__1::__value_type<Json::Value::CZString, Json::Value>, std::__1::__tree_node<std::__1::__value_type<Json::Value::CZString, Json::Value>, void*>*, long>>, std::__1::__map_const_iterator<std::__1::__tree_const_iterator<std::__1::__value_type<Json::Value::CZString, Json::Value>, std::__1::__tree_node<std::__1::__value_type<Json::Value::CZString, Json::Value>, void*>*, long>>, std::__1::__map_const_iterator<std::__1::__tree_const_iterator<std::__1::__value_type<Json::Value::CZString, Json::Value>, std::__1::__tree_node<std::__1::__value_type<Json::Value::CZString, Json::Value>, void*>*, long>>, std::__1::__identity, std::__1::__identity, std::__1	1	0
ProCore	bool std::__1::__less<void, void>	1	0
ProCore	unsigned long std::__1::__tree<std::__1::__value_type<Json::Value::CZString, Json::Value>, std::__1::__map_value_compare<Json::Value::CZString, std::__1::pair<Json::Value::CZString const, Json::Value>, std::__1::less<Json::Value::CZString>, true>, std::__1::allocator<std::__1::pair<Json::Value::CZString const, Json::Value>>>::__erase_unique<Json::Value	1	0
ProCore	std::__1::__tree_iterator<std::__1::__value_type<Json::Value::CZString, Json::Value>, std::__1::__tree_node<std::__1::__value_type<Json::Value::CZString, Json::Value>, void*>*, long> std::__1::__tree<std::__1::__value_type<Json::Value::CZString, Json::Value>, std::__1::__map_value_compare<Json::Value::CZString, std::__1::pair<Json::Value::CZString const, Json::Value>, std::__1::less<Json::Value::CZString>, true>, std::__1::allocator<std::__1::pair<Json::Value::CZString const, Json::Value>>>::find<Json::Value	1	0
ProCore	std::__1::pair<std::__1::__tree_iterator<std::__1::__value_type<Json::Value::CZString, Json::Value>, std::__1::__tree_node<std::__1::__value_type<Json::Value::CZString, Json::Value>, void*>*, long>, bool> std::__1::__tree<std::__1::__value_type<Json::Value::CZString, Json::Value>, std::__1::__map_value_compare<Json::Value::CZString, std::__1::pair<Json::Value::CZString const, Json::Value>, std::__1::less<Json::Value::CZString>, true>, std::__1::allocator<std::__1::pair<Json::Value::CZString const, Json::Value>>>::__emplace_unique_key_args<Json::Value::CZString, std::__1::piecewise_construct_t const&, std::__1::tuple<Json::Value::CZString const&>, std::__1	1	0
ProCore	std::__1::unique_ptr<std::__1::__tree_node<std::__1::__value_type<Json::Value::CZString, Json::Value>, void*>, std::__1::__tree_node_destructor<std::__1::allocator<std::__1::__tree_node<std::__1::__value_type<Json::Value::CZString, Json::Value>, void*>>>> std::__1::__tree<std::__1::__value_type<Json::Value::CZString, Json::Value>, std::__1::__map_value_compare<Json::Value::CZString, std::__1::pair<Json::Value::CZString const, Json::Value>, std::__1::less<Json::Value::CZString>, true>, std::__1::allocator<std::__1::pair<Json::Value::CZString const, Json::Value>>>::__construct_node<std::__1::piecewise_construct_t const&, std::__1::tuple<Json::Value::CZString const&>, std::__1	1	0
ProCore	std::__1::vector<Json::PathArgument, std::__1::allocator<Json::PathArgument>>::__destroy_vector	1	0
ProCore	std::__1::__allocation_result<std::__1::allocator_traits<std::__1::allocator<Json::PathArgument>>::pointer> std::__1::__allocate_at_least[abi:nqe210106]<std::__1::allocator<Json	1	0
ProCore	void std::__1::__uninitialized_allocator_relocate[abi:nqe210106]<std::__1::allocator<Json::PathArgument>, Json	1	0
ProCore	std::__1::__exception_guard_exceptions<std::__1::_AllocatorDestroyRangeReverse<std::__1::allocator<Json::PathArgument>, Json::PathArgument*>>	1	0
ProCore	std::__1::_AllocatorDestroyRangeReverse<std::__1::allocator<Json::PathArgument>, Json::PathArgument*>	1	0
ProCore	void std::__1::vector<Json::PathArgument, std::__1::allocator<Json::PathArgument>>::__emplace_back_assume_capacity[abi:nqe210106]<Json	1	0
ProCore	Json::PathArgument* std::__1::vector<Json::PathArgument, std::__1::allocator<Json::PathArgument>>::__emplace_back_slow_path<Json	1	0
ProCore	vr	1	0
ProCore	std::__1::basic_string<char, std::__1::char_traits<char>, std::__1::allocator<char>> std::__1::operator+[abi:nqe210106]<char, std::__1::char_traits<char>, std::__1	1	0
ProCore	std::__1::basic_string<char, std::__1::char_traits<char>, std::__1::allocator<char>> std::__1::__concatenate_strings[abi:nqe210106]<char, std::__1::char_traits<char>, std::__1	1	0
ProCore	void std::__1::vector<std::__1::basic_string<char, std::__1::char_traits<char>, std::__1::allocator<char>>, std::__1::allocator<std::__1::basic_string<char, std::__1::char_traits<char>, std::__1::allocator<char>>>>::__assign_with_size[abi:nqe210106]<std::__1::basic_string<char, std::__1::char_traits<char>, std::__1::allocator<char>>*, std::__1::basic_string<char, std::__1::char_traits<char>, std::__1	1	0
ProCore	std::__1::basic_string<char, std::__1::char_traits<char>, std::__1::allocator<char>>* std::__1::__uninitialized_allocator_copy_impl[abi:nqe210106]<std::__1::allocator<std::__1::basic_string<char, std::__1::char_traits<char>, std::__1::allocator<char>>>, std::__1::basic_string<char, std::__1::char_traits<char>, std::__1::allocator<char>>*, std::__1::basic_string<char, std::__1::char_traits<char>, std::__1::allocator<char>>*, std::__1::basic_string<char, std::__1::char_traits<char>, std::__1	1	0
ProCore	std::__1::__exception_guard_exceptions<std::__1::_AllocatorDestroyRangeReverse<std::__1::allocator<std::__1::basic_string<char, std::__1::char_traits<char>, std::__1::allocator<char>>>, std::__1::basic_string<char, std::__1::char_traits<char>, std::__1::allocator<char>>*>>	1	0
ProCore	std::__1::_AllocatorDestroyRangeReverse<std::__1::allocator<std::__1::basic_string<char, std::__1::char_traits<char>, std::__1::allocator<char>>>, std::__1::basic_string<char, std::__1::char_traits<char>, std::__1::allocator<char>>*>	1	0
ProCore	PCMutableCaptionSRT	1	0
ProCore	NSMutableArray	1	0
ProCore	NSBitmapImageRep	1	0
ProCore	PCProcrastinatedContext	1	0
ProCore	NSAttributedString	1	0
ProCore	CALayer	1	0
Ozone	std::__1::basic_ostream<char, std::__1::char_traits<char>>& std::__1::__put_character_sequence[abi:nqe210106]<char, std::__1	1	0
Ozone	std::__1::ostreambuf_iterator<char, std::__1::char_traits<char>> std::__1::__pad_and_output[abi:nqe210106]<char, std::__1	1	0
Ozone	std::__1::basic_stringbuf<char, std::__1::char_traits<char>, std::__1::allocator<char>>	1	0
Ozone	PCLockSentry<PCMutex>	1	0
Ozone	void std::__1::__call_once_proxy[abi:nqe210106]<std::__1::tuple<OZSceneNode_Factory::getInstance()	1	0
Ozone	void std::__1::__call_once_proxy[abi:nqe210106]<std::__1::tuple<OZTransformNode_Factory::getInstance()	1	0
Ozone	void std::__1::__call_once_proxy[abi:nqe210106]<std::__1::tuple<OZElement_Factory::getInstance()	1	0
Ozone	void std::__1::__call_once_proxy[abi:nqe210106]<std::__1::tuple<OZAudioTrackBase_Factory::getInstance()	1	0
Ozone	std::__1::__invoke_result_impl<void, OZAudioTrackBase_Factory::getInstance()::'lambda'()>::type std::__1::__invoke[abi:nqe210106]<OZAudioTrackBase_Factory::getInstance()	1	0
Ozone	void std::__1::__call_once_proxy[abi:nqe210106]<std::__1::tuple<OZRotoshape_Factory::getInstance()	1	0
Ozone	std::__1::__invoke_result_impl<void, OZRotoshape_Factory::getInstance()::'lambda'()>::type std::__1::__invoke[abi:nqe210106]<OZRotoshape_Factory::getInstance()	1	0
Ozone	void std::__1::__call_once_proxy[abi:nqe210106]<std::__1::tuple<OZRotoMask_Factory::getInstance()	1	0
Ozone	std::__1::__invoke_result_impl<void, OZRotoMask_Factory::getInstance()::'lambda'()>::type std::__1::__invoke[abi:nqe210106]<OZRotoMask_Factory::getInstance()	1	0
Ozone	void std::__1::__call_once_proxy[abi:nqe210106]<std::__1::tuple<OZFootage_Factory::getInstance()	1	0
Ozone	std::__1::__invoke_result_impl<void, OZFootage_Factory::getInstance()::'lambda'()>::type std::__1::__invoke[abi:nqe210106]<OZFootage_Factory::getInstance()	1	0
Ozone	void std::__1::__call_once_proxy[abi:nqe210106]<std::__1::tuple<OZLayer_Factory::getInstance()	1	0
Ozone	std::__1::__invoke_result_impl<void, OZLayer_Factory::getInstance()::'lambda'()>::type std::__1::__invoke[abi:nqe210106]<OZLayer_Factory::getInstance()	1	0
Ozone	void std::__1::__call_once_proxy[abi:nqe210106]<std::__1::tuple<OZFootageLayer_Factory::getInstance()	1	0
Ozone	std::__1::__invoke_result_impl<void, OZFootageLayer_Factory::getInstance()::'lambda'()>::type std::__1::__invoke[abi:nqe210106]<OZFootageLayer_Factory::getInstance()	1	0
Ozone	void std::__1::__call_once_proxy[abi:nqe210106]<std::__1::tuple<OZAudioLayer_Factory::getInstance()	1	0
Ozone	std::__1::__invoke_result_impl<void, OZAudioLayer_Factory::getInstance()::'lambda'()>::type std::__1::__invoke[abi:nqe210106]<OZAudioLayer_Factory::getInstance()	1	0
Ozone	void std::__1::__call_once_proxy[abi:nqe210106]<std::__1::tuple<OZGroup_Factory::getInstance()	1	0
Ozone	std::__1::__invoke_result_impl<void, OZGroup_Factory::getInstance()::'lambda'()>::type std::__1::__invoke[abi:nqe210106]<OZGroup_Factory::getInstance()	1	0
Ozone	void std::__1::__call_once_proxy[abi:nqe210106]<std::__1::tuple<OZImageElement_Factory::getInstance()	1	0
Ozone	std::__1::__invoke_result_impl<void, OZImageElement_Factory::getInstance()::'lambda'()>::type std::__1::__invoke[abi:nqe210106]<OZImageElement_Factory::getInstance()	1	0
Ozone	void std::__1::__call_once_proxy[abi:nqe210106]<std::__1::tuple<OZAudioMasterTrack_Factory::getInstance()	1	0
Ozone	std::__1::__invoke_result_impl<void, OZAudioMasterTrack_Factory::getInstance()::'lambda'()>::type std::__1::__invoke[abi:nqe210106]<OZAudioMasterTrack_Factory::getInstance()	1	0
Ozone	void std::__1::__call_once_proxy[abi:nqe210106]<std::__1::tuple<OZAudioTrack_Factory::getInstance()	1	0
Ozone	std::__1::__invoke_result_impl<void, OZAudioTrack_Factory::getInstance()::'lambda'()>::type std::__1::__invoke[abi:nqe210106]<OZAudioTrack_Factory::getInstance()	1	0
Ozone	void std::__1::__call_once_proxy[abi:nqe210106]<std::__1::tuple<OZImageMask_Factory::getInstance()	1	0
Ozone	std::__1::__invoke_result_impl<void, OZImageMask_Factory::getInstance()::'lambda'()>::type std::__1::__invoke[abi:nqe210106]<OZImageMask_Factory::getInstance()	1	0
Ozone	void std::__1::__call_once_proxy[abi:nqe210106]<std::__1::tuple<OZSegmentationMask_Factory::getInstance()	1	0
Ozone	std::__1::__invoke_result_impl<void, OZSegmentationMask_Factory::getInstance()::'lambda'()>::type std::__1::__invoke[abi:nqe210106]<OZSegmentationMask_Factory::getInstance()	1	0
Ozone	void std::__1::__call_once_proxy[abi:nqe210106]<std::__1::tuple<OZCamera_Factory::getInstance()	1	0
Ozone	std::__1::__invoke_result_impl<void, OZCamera_Factory::getInstance()::'lambda'()>::type std::__1::__invoke[abi:nqe210106]<OZCamera_Factory::getInstance()	1	0
Ozone	void std::__1::__call_once_proxy[abi:nqe210106]<std::__1::tuple<OZLight_Factory::getInstance()	1	0
Ozone	std::__1::__invoke_result_impl<void, OZLight_Factory::getInstance()::'lambda'()>::type std::__1::__invoke[abi:nqe210106]<OZLight_Factory::getInstance()	1	0
Ozone	void std::__1::__call_once_proxy[abi:nqe210106]<std::__1::tuple<OZBehavior_Factory::getInstance()	1	0
Ozone	void std::__1::__call_once_proxy[abi:nqe210106]<std::__1::tuple<OZNULLBehavior_Factory::getInstance()	1	0
Ozone	std::__1::__invoke_result_impl<void, OZNULLBehavior_Factory::getInstance()::'lambda'()>::type std::__1::__invoke[abi:nqe210106]<OZNULLBehavior_Factory::getInstance()	1	0
Ozone	void std::__1::__call_once_proxy[abi:nqe210106]<std::__1::tuple<OZSimulationBehavior_Factory::getInstance()	1	0
Ozone	std::__1::__invoke_result_impl<void, OZSimulationBehavior_Factory::getInstance()::'lambda'()>::type std::__1::__invoke[abi:nqe210106]<OZSimulationBehavior_Factory::getInstance()	1	0
Ozone	void std::__1::__call_once_proxy[abi:nqe210106]<std::__1::tuple<OZShapeBehavior_Factory::getInstance()	1	0
Ozone	std::__1::__invoke_result_impl<void, OZShapeBehavior_Factory::getInstance()::'lambda'()>::type std::__1::__invoke[abi:nqe210106]<OZShapeBehavior_Factory::getInstance()	1	0
Ozone	void std::__1::__call_once_proxy[abi:nqe210106]<std::__1::tuple<OZWriteOnBehavior_Factory::getInstance()	1	0
Ozone	std::__1::__invoke_result_impl<void, OZWriteOnBehavior_Factory::getInstance()::'lambda'()>::type std::__1::__invoke[abi:nqe210106]<OZWriteOnBehavior_Factory::getInstance()	1	0
Ozone	void std::__1::__call_once_proxy[abi:nqe210106]<std::__1::tuple<OZReflexiveBehavior_Factory::getInstance()	1	0
Ozone	std::__1::__invoke_result_impl<void, OZReflexiveBehavior_Factory::getInstance()::'lambda'()>::type std::__1::__invoke[abi:nqe210106]<OZReflexiveBehavior_Factory::getInstance()	1	0
Ozone	void std::__1::__call_once_proxy[abi:nqe210106]<std::__1::tuple<OZTransitiveBehavior_Factory::getInstance()	1	0
Ozone	std::__1::__invoke_result_impl<void, OZTransitiveBehavior_Factory::getInstance()::'lambda'()>::type std::__1::__invoke[abi:nqe210106]<OZTransitiveBehavior_Factory::getInstance()	1	0
Ozone	void std::__1::__call_once_proxy[abi:nqe210106]<std::__1::tuple<OZChannelBehavior_Factory::getInstance()	1	0
Ozone	std::__1::__invoke_result_impl<void, OZChannelBehavior_Factory::getInstance()::'lambda'()>::type std::__1::__invoke[abi:nqe210106]<OZChannelBehavior_Factory::getInstance()	1	0
Ozone	void std::__1::__call_once_proxy[abi:nqe210106]<std::__1::tuple<OZSingleChannelBehavior_Factory::getInstance()	1	0
Ozone	std::__1::__invoke_result_impl<void, OZSingleChannelBehavior_Factory::getInstance()::'lambda'()>::type std::__1::__invoke[abi:nqe210106]<OZSingleChannelBehavior_Factory::getInstance()	1	0
Ozone	void std::__1::__call_once_proxy[abi:nqe210106]<std::__1::tuple<OZMotionToForcesBehavior_Factory::getInstance()	1	0
Ozone	std::__1::__invoke_result_impl<void, OZMotionToForcesBehavior_Factory::getInstance()::'lambda'()>::type std::__1::__invoke[abi:nqe210106]<OZMotionToForcesBehavior_Factory::getInstance()	1	0
Ozone	void std::__1::__call_once_proxy[abi:nqe210106]<std::__1::tuple<OZSimSystemMoToFoBehavior_Factory::getInstance()	1	0
Ozone	std::__1::__invoke_result_impl<void, OZSimSystemMoToFoBehavior_Factory::getInstance()::'lambda'()>::type std::__1::__invoke[abi:nqe210106]<OZSimSystemMoToFoBehavior_Factory::getInstance()	1	0
Ozone	void std::__1::__call_once_proxy[abi:nqe210106]<std::__1::tuple<OZCollisionBehavior_Factory::getInstance()	1	0
Ozone	std::__1::__invoke_result_impl<void, OZCollisionBehavior_Factory::getInstance()::'lambda'()>::type std::__1::__invoke[abi:nqe210106]<OZCollisionBehavior_Factory::getInstance()	1	0
Ozone	void std::__1::__call_once_proxy[abi:nqe210106]<std::__1::tuple<OZAudioBehavior_Factory::getInstance()	1	0
Ozone	std::__1::__invoke_result_impl<void, OZAudioBehavior_Factory::getInstance()::'lambda'()>::type std::__1::__invoke[abi:nqe210106]<OZAudioBehavior_Factory::getInstance()	1	0
Ozone	void std::__1::__call_once_proxy[abi:nqe210106]<std::__1::tuple<OZRetimingBehavior_Factory::getInstance()	1	0
Ozone	std::__1::__invoke_result_impl<void, OZRetimingBehavior_Factory::getInstance()::'lambda'()>::type std::__1::__invoke[abi:nqe210106]<OZRetimingBehavior_Factory::getInstance()	1	0
Ozone	void std::__1::__call_once_proxy[abi:nqe210106]<std::__1::tuple<OZRig_Factory::getInstance()	1	0
Ozone	std::__1::__invoke_result_impl<void, OZRig_Factory::getInstance()::'lambda'()>::type std::__1::__invoke[abi:nqe210106]<OZRig_Factory::getInstance()	1	0
Ozone	void std::__1::__call_once_proxy[abi:nqe210106]<std::__1::tuple<OZRigWidget_Factory::getInstance()	1	0
Ozone	std::__1::__invoke_result_impl<void, OZRigWidget_Factory::getInstance()::'lambda'()>::type std::__1::__invoke[abi:nqe210106]<OZRigWidget_Factory::getInstance()	1	0
Ozone	void std::__1::__call_once_proxy[abi:nqe210106]<std::__1::tuple<OZRigWidgetAspectRatio_Factory::getInstance()	1	0
Ozone	std::__1::__invoke_result_impl<void, OZRigWidgetAspectRatio_Factory::getInstance()::'lambda'()>::type std::__1::__invoke[abi:nqe210106]<OZRigWidgetAspectRatio_Factory::getInstance()	1	0
Ozone	void std::__1::__call_once_proxy[abi:nqe210106]<std::__1::tuple<OZRigBehavior_Factory::getInstance()	1	0
Ozone	std::__1::__invoke_result_impl<void, OZRigBehavior_Factory::getInstance()::'lambda'()>::type std::__1::__invoke[abi:nqe210106]<OZRigBehavior_Factory::getInstance()	1	0
Ozone	void std::__1::__call_once_proxy[abi:nqe210106]<std::__1::tuple<OZProjectNode_Factory::getInstance()	1	0
Ozone	std::__1::__invoke_result_impl<void, OZProjectNode_Factory::getInstance()::'lambda'()>::type std::__1::__invoke[abi:nqe210106]<OZProjectNode_Factory::getInstance()	1	0
Ozone	void std::__1::__call_once_proxy[abi:nqe210106]<std::__1::tuple<OZLinkBehavior_Factory::getInstance()	1	0
Ozone	std::__1::__invoke_result_impl<void, OZLinkBehavior_Factory::getInstance()::'lambda'()>::type std::__1::__invoke[abi:nqe210106]<OZLinkBehavior_Factory::getInstance()	1	0
Ozone	void std::__1::__call_once_proxy[abi:nqe210106]<std::__1::tuple<OZMotionPathBehavior_Factory::getInstance()	1	0
Ozone	std::__1::__invoke_result_impl<void, OZMotionPathBehavior_Factory::getInstance()::'lambda'()>::type std::__1::__invoke[abi:nqe210106]<OZMotionPathBehavior_Factory::getInstance()	1	0
Ozone	void std::__1::__call_once_proxy[abi:nqe210106]<std::__1::tuple<OZImageGenerator_Factory::getInstance()	1	0
Ozone	std::__1::__invoke_result_impl<void, OZImageGenerator_Factory::getInstance()::'lambda'()>::type std::__1::__invoke[abi:nqe210106]<OZImageGenerator_Factory::getInstance()	1	0
Ozone	void std::__1::__call_once_proxy[abi:nqe210106]<std::__1::tuple<OZGradientGenerator_Factory::getInstance()	1	0
Ozone	std::__1::__invoke_result_impl<void, OZGradientGenerator_Factory::getInstance()::'lambda'()>::type std::__1::__invoke[abi:nqe210106]<OZGradientGenerator_Factory::getInstance()	1	0
Ozone	void std::__1::__call_once_proxy[abi:nqe210106]<std::__1::tuple<OZCloneGenerator_Factory::getInstance()	1	0
Ozone	std::__1::__invoke_result_impl<void, OZCloneGenerator_Factory::getInstance()::'lambda'()>::type std::__1::__invoke[abi:nqe210106]<OZCloneGenerator_Factory::getInstance()	1	0
Ozone	void std::__1::__call_once_proxy[abi:nqe210106]<std::__1::tuple<OZSolid_Factory::getInstance()	1	0
Ozone	std::__1::__invoke_result_impl<void, OZSolid_Factory::getInstance()::'lambda'()>::type std::__1::__invoke[abi:nqe210106]<OZSolid_Factory::getInstance()	1	0
Ozone	void std::__1::__call_once_proxy[abi:nqe210106]<std::__1::tuple<OZImageEnvironment_Factory::getInstance()	1	0
Ozone	std::__1::__invoke_result_impl<void, OZImageEnvironment_Factory::getInstance()::'lambda'()>::type std::__1::__invoke[abi:nqe210106]<OZImageEnvironment_Factory::getInstance()	1	0
Ozone	void std::__1::__call_once_proxy[abi:nqe210106]<std::__1::tuple<OZGradientEnvironment_Factory::getInstance()	1	0
Ozone	std::__1::__invoke_result_impl<void, OZGradientEnvironment_Factory::getInstance()::'lambda'()>::type std::__1::__invoke[abi:nqe210106]<OZGradientEnvironment_Factory::getInstance()	1	0
Ozone	void std::__1::__call_once_proxy[abi:nqe210106]<std::__1::tuple<OZEffect_Factory::getInstance()	1	0
Ozone	void std::__1::__call_once_proxy[abi:nqe210106]<std::__1::tuple<OZPrimatteRT_Factory::getInstance()	1	0
Ozone	void std::__1::__call_once_proxy[abi:nqe210106]<std::__1::tuple<OZCIPluginEffect_Factory::getInstance()	1	0
Ozone	void std::__1::__call_once_proxy[abi:nqe210106]<std::__1::tuple<OZStyle_Factory::getInstance()	1	0
Ozone	void std::__1::__call_once_proxy[abi:nqe210106]<std::__1::tuple<OZRotoshapeStyle_Factory::getInstance()	1	0
Ozone	std::__1::__invoke_result_impl<void, OZRotoshapeStyle_Factory::getInstance()::'lambda'()>::type std::__1::__invoke[abi:nqe210106]<OZRotoshapeStyle_Factory::getInstance()	1	0
Ozone	void std::__1::__call_once_proxy[abi:nqe210106]<std::__1::tuple<OZMaterial_Factory::getInstance()	1	0
Ozone	void std::__1::__call_once_proxy[abi:nqe210106]<std::__1::tuple<OZLayeredMaterial_Factory::getInstance()	1	0
Ozone	void std::__1::__call_once_proxy[abi:nqe210106]<std::__1::tuple<OZChanObjectManipRef_Factory::getInstance()	1	0
Ozone	void std::__1::__call_once_proxy[abi:nqe210106]<std::__1::tuple<OZChanSceneNodeRef_Factory::getInstance()	1	0
Ozone	void std::__1::__call_once_proxy[abi:nqe210106]<std::__1::tuple<OZChanElementRef_Factory::getInstance()	1	0
Ozone	void std::__1::__call_once_proxy[abi:nqe210106]<std::__1::tuple<OZChanFootageRef_Factory::getInstance()	1	0
Ozone	void std::__1::__call_once_proxy[abi:nqe210106]<std::__1::tuple<OZChanTransformNodeRef_Factory::getInstance()	1	0
Ozone	void std::__1::__call_once_proxy[abi:nqe210106]<std::__1::tuple<OZChanImageNodeRef_Factory::getInstance()	1	0
Ozone	void std::__1::__call_once_proxy[abi:nqe210106]<std::__1::tuple<OZChanElementOrFootageRef_Factory::getInstance()	1	0
Ozone	void std::__1::__call_once_proxy[abi:nqe210106]<std::__1::tuple<OZChanRotoshapeRef_Factory::getInstance()	1	0
Ozone	void std::__1::__call_once_proxy[abi:nqe210106]<std::__1::tuple<OZChannelImageWithOptions_Factory::getInstance()	1	0
Ozone	void std::__1::__call_once_proxy[abi:nqe210106]<std::__1::tuple<OZChannelBlendMode_Factory::getInstance()	1	0
Ozone	void std::__1::__call_once_proxy[abi:nqe210106]<std::__1::tuple<OZChannelAffectedNodes_Factory::getInstance()	1	0
Ozone	void std::__1::__call_once_proxy[abi:nqe210106]<std::__1::tuple<OZChannelAffectedNodes::createOZChannelAffectedNodesInfo()	1	0
Ozone	void std::__1::__call_once_proxy[abi:nqe210106]<std::__1::tuple<OZChannelAffectedNodes::createOZChannelAffectedNodesImpl()	1	0
Ozone	void std::__1::__call_once_proxy[abi:nqe210106]<std::__1::tuple<OZCurveEnumSplineState::getInstance()	1	0
Ozone	void std::__1::__call_once_proxy[abi:nqe210106]<std::__1::tuple<OZChannelObjectRoot_Factory::getInstance()	1	0
Ozone	void std::__1::__call_once_proxy[abi:nqe210106]<std::__1::tuple<OZChannelSceneNode_Factory::getInstance()	1	0
Ozone	void std::__1::__call_once_proxy[abi:nqe210106]<std::__1::tuple<OZChannelBehaviorRoot_Factory::getInstance()	1	0
Ozone	void std::__1::__call_once_proxy[abi:nqe210106]<std::__1::tuple<OZChannelMoveableImage_Factory::getInstance()	1	0
Ozone	void std::__1::__call_once_proxy[abi:nqe210106]<std::__1::tuple<OZChannelImageForImageWithOptions_Factory::getInstance()	1	0
Ozone	void std::__1::__call_once_proxy[abi:nqe210106]<std::__1::tuple<OZChannelEnumInterpMode_Factory::getInstance()	1	0
Ozone	void std::__1::__call_once_proxy[abi:nqe210106]<std::__1::tuple<OZChannelEnumRetime_Factory::getInstance()	1	0
Ozone	void std::__1::__call_once_proxy[abi:nqe210106]<std::__1::tuple<OZChanTrackerMixedRefWithPicker_Factory::getInstance()	1	0
Ozone	void std::__1::__call_once_proxy[abi:nqe210106]<std::__1::tuple<OZChanAudioTrackRefWithPicker_Factory::getInstance()	1	0
Ozone	void std::__1::__call_once_proxy[abi:nqe210106]<std::__1::tuple<OZChanCameraRefWithPicker_Factory::getInstance()	1	0
Ozone	void std::__1::__call_once_proxy[abi:nqe210106]<std::__1::tuple<OZChanFootageRefWithPicker_Factory::getInstance()	1	0
Ozone	void std::__1::__call_once_proxy[abi:nqe210106]<std::__1::tuple<OZChan3DEngineSceneFileRefWithPicker_Factory::getInstance()	1	0
Ozone	void std::__1::__call_once_proxy[abi:nqe210106]<std::__1::tuple<OZChannelShape_Factory::getInstance()	1	0
Ozone	void std::__1::__call_once_proxy[abi:nqe210106]<std::__1::tuple<OZChanObjectRefWithPicker_Factory::getInstance()	1	0
Ozone	void std::__1::__call_once_proxy[abi:nqe210106]<std::__1::tuple<OZChanRotoshapeRefWithPicker_Factory::getInstance()	1	0
Ozone	void std::__1::__call_once_proxy[abi:nqe210106]<std::__1::tuple<OZChanShapeMaskRefWithPicker_Factory::getInstance()	1	0
Ozone	void std::__1::__call_once_proxy[abi:nqe210106]<std::__1::tuple<OZChanSceneNodeRefWithPicker_Factory::getInstance()	1	0
Ozone	void std::__1::__call_once_proxy[abi:nqe210106]<std::__1::tuple<OZChannelEnumLayer_Factory::getInstance()	1	0
Ozone	void std::__1::__call_once_proxy[abi:nqe210106]<std::__1::tuple<OZChannelEnumDimension_Factory::getInstance()	1	0
Ozone	void std::__1::__call_once_proxy[abi:nqe210106]<std::__1::tuple<OZChannelEnumWithList_Factory::getInstance()	1	0
Ozone	void std::__1::__call_once_proxy[abi:nqe210106]<std::__1::tuple<OZMaterialLayersFolder_Factory::getInstance()	1	0
Ozone	void std::__1::__call_once_proxy[abi:nqe210106]<std::__1::tuple<OZMaterialDiffuseLayer_Factory::getInstance()	1	0
Ozone	void std::__1::__call_once_proxy[abi:nqe210106]<std::__1::tuple<OZMaterialFinishLayer_Factory::getInstance()	1	0
Ozone	void std::__1::__call_once_proxy[abi:nqe210106]<std::__1::tuple<OZFolderMaterialProperties_Factory::getInstance()	1	0
Ozone	void std::__1::__call_once_proxy[abi:nqe210106]<std::__1::tuple<OZMaterialEmissiveLayer_Factory::getInstance()	1	0
Ozone	void std::__1::__call_once_proxy[abi:nqe210106]<std::__1::tuple<OZMaterialFlatLayer_Factory::getInstance()	1	0
Ozone	void std::__1::__call_once_proxy[abi:nqe210106]<std::__1::tuple<OZMaterialBumpMapLayer_Factory::getInstance()	1	0
Ozone	void std::__1::__call_once_proxy[abi:nqe210106]<std::__1::tuple<OZMaterialSpecularLayer_Factory::getInstance()	1	0
Ozone	void std::__1::__call_once_proxy[abi:nqe210106]<std::__1::tuple<OZMaterialFresnelLayer_Factory::getInstance()	1	0
Ozone	void std::__1::__call_once_proxy[abi:nqe210106]<std::__1::tuple<OZMaterialDistressLayer_Factory::getInstance()	1	0
Ozone	void std::__1::__call_once_proxy[abi:nqe210106]<std::__1::tuple<OZMaterialPaintLayer_Factory::getInstance()	1	0
Ozone	void std::__1::__call_once_proxy[abi:nqe210106]<std::__1::tuple<OZMaterialSubstanceLayer_Factory::getInstance()	1	0
Ozone	void std::__1::__call_once_proxy[abi:nqe210106]<std::__1::tuple<OZChannelFont_Factory::getInstance()	1	0
Ozone	void std::__1::__call_once_proxy[abi:nqe210106]<std::__1::tuple<OZChannelImageWithTransform_Factory::getInstance()	1	0
Ozone	void std::__1::__call_once_proxy[abi:nqe210106]<std::__1::tuple<OZChannelStringEnum_Factory::getInstance()	1	0
Ozone	void std::__1::__call_once_proxy[abi:nqe210106]<std::__1::tuple<OZChannelMaterialLayerMap_Factory::getInstance()	1	0
Ozone	void std::__1::__call_once_proxy[abi:nqe210106]<std::__1::tuple<OZChannelMaterialMapTransform_Factory::getInstance()	1	0
Ozone	void std::__1::__call_once_proxy[abi:nqe210106]<std::__1::tuple<OZLayeredMaterialSequenceFolder_Factory::getInstance()	1	0
Ozone	void std::__1::__call_once_proxy[abi:nqe210106]<std::__1::tuple<OZMaterialLayerSequenceFolder_Factory::getInstance()	1	0
Ozone	void std::__1::__call_once_proxy[abi:nqe210106]<std::__1::tuple<OZMaterialDiffuseLayerSequenceFolder_Factory::getInstance()	1	0
Ozone	void std::__1::__call_once_proxy[abi:nqe210106]<std::__1::tuple<OZMaterialSpecularLayerSequenceFolder_Factory::getInstance()	1	0
Ozone	void std::__1::__call_once_proxy[abi:nqe210106]<std::__1::tuple<OZMaterialEmissiveLayerSequenceFolder_Factory::getInstance()	1	0
Ozone	void std::__1::__call_once_proxy[abi:nqe210106]<std::__1::tuple<OZMaterialBumpMapLayerSequenceFolder_Factory::getInstance()	1	0
Ozone	void std::__1::__call_once_proxy[abi:nqe210106]<std::__1::tuple<OZMaterialFresnelLayerSequenceFolder_Factory::getInstance()	1	0
Ozone	void std::__1::__call_once_proxy[abi:nqe210106]<std::__1::tuple<OZMaterialSubstanceLayerSequenceFolder_Factory::getInstance()	1	0
Ozone	void std::__1::__call_once_proxy[abi:nqe210106]<std::__1::tuple<OZMaterialPaintLayerSequenceFolder_Factory::getInstance()	1	0
Ozone	void std::__1::__call_once_proxy[abi:nqe210106]<std::__1::tuple<OZMaterialFinishLayerSequenceFolder_Factory::getInstance()	1	0
Ozone	void std::__1::__call_once_proxy[abi:nqe210106]<std::__1::tuple<OZMaterialDistressLayerSequenceFolder_Factory::getInstance()	1	0
Ozone	void std::__1::__call_once_proxy[abi:nqe210106]<std::__1::tuple<OZMaterialEmitLayerSequenceFolder_Factory::getInstance()	1	0
Ozone	void std::__1::__call_once_proxy[abi:nqe210106]<std::__1::tuple<OZChannelMaterialMapScale_Factory::getInstance()	1	0
Ozone	void std::__1::__call_once_proxy[abi:nqe210106]<std::__1::tuple<OZChannelMaterialRoot_Factory::getInstance()	1	0
Ozone	void std::__1::__call_once_proxy[abi:nqe210106]<std::__1::tuple<OZ3DEngineSceneElement_Factory::getInstance()	1	0
Ozone	std::__1::__invoke_result_impl<void, OZ3DEngineSceneElement_Factory::getInstance()::'lambda'()>::type std::__1::__invoke[abi:nqe210106]<OZ3DEngineSceneElement_Factory::getInstance()	1	0
Ozone	void std::__1::__call_once_proxy[abi:nqe210106]<std::__1::tuple<OZ3DEngineSceneFile_Factory::getInstance()	1	0
Ozone	std::__1::__invoke_result_impl<void, OZ3DEngineSceneFile_Factory::getInstance()::'lambda'()>::type std::__1::__invoke[abi:nqe210106]<OZ3DEngineSceneFile_Factory::getInstance()	1	0
Ozone	OZAudioRef	1	0
Ozone	PCMutexRef	1	0
Ozone	LiTextureFactory	1	0
Ozone	LiTextureStoreToken	1	0
Ozone	ProGL::TextureHandle	1	0
Ozone	std::__1::shared_ptr<HGRenderer>	1	0
Ozone	std::__1::shared_ptr<OZFontFace>	1	0
Ozone	std::__1::shared_ptr<PGCVBitmap>	1	0
Ozone	std::__1::shared_ptr<TXTextStyle>	1	0
Ozone	std::__1::shared_ptr<OZFrameQueue>	1	0
Ozone	std::__1::shared_ptr<HGGPURenderer>	1	0
Ozone	std::__1::shared_ptr<OZFactoryBase>	1	0
Ozone	std::__1::shared_ptr<PGTextureRect>	1	0
Ozone	std::__1::shared_ptr<OZRenderResult>	1	0
Ozone	std::__1::shared_ptr<OZTimeStrategy>	1	0
Ozone	std::__1::shared_ptr<PGMetalTexture>	1	0
Ozone	std::__1::shared_ptr<OZPlaybackClock>	1	0
Ozone	std::__1::shared_ptr<OZCoreTextTypeface>	1	0
Ozone	std::__1::shared_ptr<OZFootageScheduler>	1	0
Ozone	std::__1::shared_ptr<OZFxPlugSharedLock>	1	0
Ozone	std::__1::shared_ptr<Li3DEngineObjectData>	1	0
Ozone	std::__1::shared_ptr<OZIdentityTimeStrategy>	1	0
Ozone	std::__1::shared_ptr<Li3DEngineObjectDataBase>	1	0
Ozone	std::__1::shared_ptr<OZStyle>	1	0
Ozone	std::__1::shared_ptr<PCCache<PCHash128, OZMetalTextureCache::CacheData, PCSpinLock, std::__1::less<PCHash128>>>	1	0
Ozone	std::__1::shared_ptr<PCImage>	1	0
Ozone	std::__1::shared_ptr<PCMutex>	1	0
Ozone	std::__1::shared_ptr<PGContext>	1	0
Ozone	std::__1::shared_ptr<PGTexture>	1	0
Ozone	std::__1::shared_ptr<HGComputeDevice const>	1	0
Ozone	std::__1::shared_ptr<HGCPUComputeDevice const>	1	0
Ozone	std::__1::shared_ptr<HGGPUComputeDevice const>	1	0
Ozone	std::__1::shared_ptr<OZOpticalFlow::VectorField>	1	0
Ozone	std::__1::shared_ptr<OZOpticalFlow::CacheFile::Impl>	1	0
Ozone	std::__1::shared_ptr<ProGL::TextureOwner>	1	0
Ozone	std::__1::shared_ptr<std::__1::set<OZSnap, std::__1::less<OZSnap>, std::__1::allocator<OZSnap>>>	1	0
Ozone	PCMetric::IntervalScope<0>	1	0
Ozone	PCImageAttributes	1	0
Ozone	PCMetric::IntervalScope<18>	1	0
Ozone	PCMetric::IntervalScope<20>	1	0
Ozone	PCBitmap	1	0
Ozone	PCColor	1	0
Ozone	PCColorSpaceHandle	1	0
Ozone	PCPtr<OZSceneCamera>& PCPtr<OZSceneCamera>	1	0
Ozone	OZObject::iterator_t<OZCamera, false, true, OZObject::defaultValidator> OZScene	1	0
Ozone	OZObject::iterator_t<OZImageNode, false, false, OZExposeDrillingNodeValidator>	1	0
Ozone	OZObject::iterator_t<OZSceneNode, false, false, OZObject::defaultValidator>	1	0
Ozone	OZObject::iterator_t<OZAudioLayer, false, false, OZObject::defaultValidator>	1	0
Ozone	OZObject::iterator_t<OZProjectNode, false, false, OZObject::defaultValidator>	1	0
Ozone	OZObject::iterator_t<OZProjectNode, true, false, OZObject::defaultValidator>	1	0
Ozone	OZObject::iterator_t<OZFootageLayer, false, false, OZObject::defaultValidator>	1	0
Ozone	OZObject::iterator_t<OZLight, false, false, OZObject::defaultValidator>	1	0
Ozone	OZObject::iterator_t<OZCamera, false, false, OZObject::defaultValidator>	1	0
Ozone	OZObject::iterator_t<OZElement, false, false, OZObject::defaultValidator>	1	0
Ozone	OZObject::reverse_iterator_t<OZSceneNode, false, false, OZObject::defaultValidator>	1	0
Ozone	OZObject::reverse_iterator_t<OZSceneNode, false, true, OZObject::defaultValidator>	1	0
Ozone	OZObject::reverse_iterator_t<OZSceneNode, true, true, OZObject::defaultValidator>	1	0
Ozone	OZObject::reverse_iterator_t<OZRig, false, false, OZObject::defaultValidator>	1	0
Ozone	OZObject::reverse_iterator_t<OZLayer, false, false, OZObject::defaultValidator>	1	0
Ozone	OZObject::reverse_iterator_t<OZLight, false, false, OZObject::defaultValidator>	1	0
Ozone	OZObject::reverse_iterator_t<OZCamera, false, false, OZObject::defaultValidator>	1	0
Ozone	OZObject::reverse_iterator_t<OZElement, false, false, OZObject::defaultValidator>	1	0
Ozone	OZObject::reverse_iterator_t<OZElement, false, true, OZObject::defaultValidator>	1	0
Ozone	PCPtr<OZ360Camera>& PCPtr<OZ360Camera>	1	0
Ozone	PCCFRef<__CFString const*>	1	0
Ozone	void std::__1::__hash_table<std::__1::__hash_value_type<OZSceneNode*, std::__1::__list_iterator<OZSceneNode*, void*>>, std::__1::__unordered_map_hasher<OZSceneNode*, std::__1::pair<OZSceneNode* const, std::__1::__list_iterator<OZSceneNode*, void*>>, std::__1::hash<OZSceneNode*>, std::__1::equal_to<OZSceneNode*>, true>, std::__1::__unordered_map_equal<OZSceneNode*, std::__1::pair<OZSceneNode* const, std::__1::__list_iterator<OZSceneNode*, void*>>, std::__1::equal_to<OZSceneNode*>, std::__1::hash<OZSceneNode*>, true>, std::__1::allocator<std::__1::pair<OZSceneNode* const, std::__1::__list_iterator<OZSceneNode*, void*>>>>::__assign_multi<std::__1::__hash_const_iterator<std::__1::__hash_node<std::__1::__hash_value_type<OZSceneNode*, std::__1	1	0
Ozone	bool PCMatrix44Tmpl<double>	1	0
Ozone	PCPtr<OZSceneCamera>	1	0
Ozone	void std::__1::__tree_balance_after_insert[abi:nqe210106]<std::__1	1	0
Ozone	PCPtr<LiAnimCamera>	1	0
Ozone	std::__1::__tree<PCTimeRange, std::__1::less<PCTimeRange>, std::__1::allocator<PCTimeRange>>	1	0
Ozone	std::__1::__tree<CMTime, std::__1::less<CMTime>, std::__1::allocator<CMTime>>	1	0
Ozone	std::__1::__tree<OZSnap, std::__1::less<OZSnap>, std::__1::allocator<OZSnap>>	1	0
Ozone	std::__1::__tree<PCHash128, std::__1::less<PCHash128>, std::__1::allocator<PCHash128>>	1	0
Ozone	std::__1::__tree<std::__1::__value_type<OZViewCameraType, OZViewPanZoomSettings>, std::__1::__map_value_compare<OZViewCameraType, std::__1::pair<OZViewCameraType const, OZViewPanZoomSettings>, std::__1::less<OZViewCameraType>, true>, std::__1::allocator<std::__1::pair<OZViewCameraType const, OZViewPanZoomSettings>>>	1	0
Ozone	std::__1::__tree<std::__1::__value_type<OZTimelineImageTag, OZTimelineImage>, std::__1::__map_value_compare<OZTimelineImageTag, std::__1::pair<OZTimelineImageTag const, OZTimelineImage>, std::__1::less<OZTimelineImageTag>, true>, std::__1::allocator<std::__1::pair<OZTimelineImageTag const, OZTimelineImage>>>	1	0
Ozone	std::__1::__tree<std::__1::__value_type<OZTimelineAudioImageTag, OZTimelineAudioImage>, std::__1::__map_value_compare<OZTimelineAudioImageTag, std::__1::pair<OZTimelineAudioImageTag const, OZTimelineAudioImage>, std::__1::less<OZTimelineAudioImageTag>, true>, std::__1::allocator<std::__1::pair<OZTimelineAudioImageTag const, OZTimelineAudioImage>>>	1	0
Ozone	std::__1::__tree<std::__1::__value_type<CMTime, OZSimStateArray*>, std::__1::__map_value_compare<CMTime, std::__1::pair<CMTime const, OZSimStateArray*>, std::__1::less<CMTime>, true>, std::__1::allocator<std::__1::pair<CMTime const, OZSimStateArray*>>>	1	0
Ozone	std::__1::__tree<std::__1::__value_type<CMTime, OZSimulationState*>, std::__1::__map_value_compare<CMTime, std::__1::pair<CMTime const, OZSimulationState*>, std::__1::less<CMTime>, true>, std::__1::allocator<std::__1::pair<CMTime const, OZSimulationState*>>>	1	0
Ozone	std::__1::__tree<std::__1::__value_type<CMTime, bool>, std::__1::__map_value_compare<CMTime, std::__1::pair<CMTime const, bool>, std::__1::less<CMTime>, true>, std::__1::allocator<std::__1::pair<CMTime const, bool>>>	1	0
Ozone	std::__1::__tree<std::__1::__value_type<OZDocument*, int>, std::__1::__map_value_compare<OZDocument*, std::__1::pair<OZDocument* const, int>, std::__1::less<OZDocument*>, true>, std::__1::allocator<std::__1::pair<OZDocument* const, int>>>	1	0
Ozone	std::__1::__tree<std::__1::__value_type<OZChannelObjectRoot*, bool>, std::__1::__map_value_compare<OZChannelObjectRoot*, std::__1::pair<OZChannelObjectRoot* const, bool>, std::__1::less<OZChannelObjectRoot*>, true>, std::__1::allocator<std::__1::pair<OZChannelObjectRoot* const, bool>>>	1	0
Ozone	std::__1::__tree<std::__1::__value_type<OZLinkChannelExpression*, OZChannelBase*>, std::__1::__map_value_compare<OZLinkChannelExpression*, std::__1::pair<OZLinkChannelExpression* const, OZChannelBase*>, std::__1::less<OZLinkChannelExpression*>, true>, std::__1::allocator<std::__1::pair<OZLinkChannelExpression* const, OZChannelBase*>>>	1	0
Ozone	std::__1::__tree<std::__1::__value_type<OZElement*, PCVector2<double>>, std::__1::__map_value_compare<OZElement*, std::__1::pair<OZElement* const, PCVector2<double>>, std::__1::less<OZElement*>, true>, std::__1::allocator<std::__1::pair<OZElement* const, PCVector2<double>>>>	1	0
Ozone	std::__1::__tree<std::__1::__value_type<OZFootage*, OZOpticalFlow::ErrorCode>, std::__1::__map_value_compare<OZFootage*, std::__1::pair<OZFootage* const, OZOpticalFlow::ErrorCode>, std::__1::less<OZFootage*>, true>, std::__1::allocator<std::__1::pair<OZFootage* const, OZOpticalFlow::ErrorCode>>>	1	0
Ozone	std::__1::__tree<std::__1::__value_type<OZLocking*, int>, std::__1::__map_value_compare<OZLocking*, std::__1::pair<OZLocking* const, int>, std::__1::less<OZLocking*>, true>, std::__1::allocator<std::__1::pair<OZLocking* const, int>>>	1	0
Ozone	std::__1::__tree<std::__1::__value_type<char const*, void*>, std::__1::__map_value_compare<char const*, std::__1::pair<char const* const, void*>, OZRenderParams::LessThanStringFunctor, true>, std::__1::allocator<std::__1::pair<char const* const, void*>>>	1	0
Ozone	std::__1::__tree<std::__1::__value_type<int, PCBox<double>>, std::__1::__map_value_compare<int, std::__1::pair<int const, PCBox<double>>, std::__1::less<int>, true>, std::__1::allocator<std::__1::pair<int const, PCBox<double>>>>	1	0
Ozone	std::__1::__tree<std::__1::__value_type<int, int>, std::__1::__map_value_compare<int, std::__1::pair<int const, int>, std::__1::less<int>, true>, std::__1::allocator<std::__1::pair<int const, int>>>	1	0
Ozone	std::__1::__tree<std::__1::__value_type<unsigned int, PCMatrix44Tmpl<double>>, std::__1::__map_value_compare<unsigned int, std::__1::pair<unsigned int const, PCMatrix44Tmpl<double>>, std::__1::less<unsigned int>, true>, std::__1::allocator<std::__1::pair<unsigned int const, PCMatrix44Tmpl<double>>>>	1	0
Ozone	std::__1::__tree<std::__1::__value_type<unsigned int, ParameterTransactionHelpers>, std::__1::__map_value_compare<unsigned int, std::__1::pair<unsigned int const, ParameterTransactionHelpers>, std::__1::less<unsigned int>, true>, std::__1::allocator<std::__1::pair<unsigned int const, ParameterTransactionHelpers>>>	1	0
Ozone	std::__1::__tree<std::__1::__value_type<unsigned int, CMTime>, std::__1::__map_value_compare<unsigned int, std::__1::pair<unsigned int const, CMTime>, std::__1::less<unsigned int>, true>, std::__1::allocator<std::__1::pair<unsigned int const, CMTime>>>	1	0
Ozone	std::__1::__tree<std::__1::__value_type<unsigned int, PCRect<double>>, std::__1::__map_value_compare<unsigned int, std::__1::pair<unsigned int const, PCRect<double>>, std::__1::less<unsigned int>, true>, std::__1::allocator<std::__1::pair<unsigned int const, PCRect<double>>>>	1	0
Ozone	std::__1::__tree<std::__1::__value_type<unsigned int, OZChannelBase*>, std::__1::__map_value_compare<unsigned int, std::__1::pair<unsigned int const, OZChannelBase*>, std::__1::less<unsigned int>, true>, std::__1::allocator<std::__1::pair<unsigned int const, OZChannelBase*>>>	1	0
Ozone	std::__1::__tree<std::__1::__value_type<unsigned int, OZTimelineRow*>, std::__1::__map_value_compare<unsigned int, std::__1::pair<unsigned int const, OZTimelineRow*>, std::__1::less<unsigned int>, true>, std::__1::allocator<std::__1::pair<unsigned int const, OZTimelineRow*>>>	1	0
Ozone	std::__1::__tree<std::__1::__value_type<unsigned int, OZLayerNodeWrapper*>, std::__1::__map_value_compare<unsigned int, std::__1::pair<unsigned int const, OZLayerNodeWrapper*>, std::__1::less<unsigned int>, true>, std::__1::allocator<std::__1::pair<unsigned int const, OZLayerNodeWrapper*>>>	1	0
Ozone	std::__1::__tree<std::__1::__value_type<unsigned int, OZFootageNodeWrapper*>, std::__1::__map_value_compare<unsigned int, std::__1::pair<unsigned int const, OZFootageNodeWrapper*>, std::__1::less<unsigned int>, true>, std::__1::allocator<std::__1::pair<unsigned int const, OZFootageNodeWrapper*>>>	1	0
Ozone	std::__1::__tree<std::__1::__value_type<unsigned int, OZLinkChannelExpression*>, std::__1::__map_value_compare<unsigned int, std::__1::pair<unsigned int const, OZLinkChannelExpression*>, std::__1::less<unsigned int>, true>, std::__1::allocator<std::__1::pair<unsigned int const, OZLinkChannelExpression*>>>	1	0
Ozone	std::__1::__tree<std::__1::__value_type<unsigned int, std::__1::set<unsigned int, std::__1::less<unsigned int>, std::__1::allocator<unsigned int>>*>, std::__1::__map_value_compare<unsigned int, std::__1::pair<unsigned int const, std::__1::set<unsigned int, std::__1::less<unsigned int>, std::__1::allocator<unsigned int>>*>, std::__1::less<unsigned int>, true>, std::__1::allocator<std::__1::pair<unsigned int const, std::__1::set<unsigned int, std::__1::less<unsigned int>, std::__1::allocator<unsigned int>>*>>>	1	0
Ozone	std::__1::__tree<std::__1::__value_type<unsigned int, double>, std::__1::__map_value_compare<unsigned int, std::__1::pair<unsigned int const, double>, std::__1::less<unsigned int>, true>, std::__1::allocator<std::__1::pair<unsigned int const, double>>>	1	0
Ozone	std::__1::__tree<std::__1::__value_type<unsigned int, unsigned int>, std::__1::__map_value_compare<unsigned int, std::__1::pair<unsigned int const, unsigned int>, std::__1::less<unsigned int>, true>, std::__1::allocator<std::__1::pair<unsigned int const, unsigned int>>>	1	0
Ozone	std::__1::__tree<std::__1::__value_type<unsigned int, unsigned long long>, std::__1::__map_value_compare<unsigned int, std::__1::pair<unsigned int const, unsigned long long>, std::__1::less<unsigned int>, true>, std::__1::allocator<std::__1::pair<unsigned int const, unsigned long long>>>	1	0
Ozone	std::__1::__tree<std::__1::__value_type<unsigned long long, OZAverageStatCounter>, std::__1::__map_value_compare<unsigned long long, std::__1::pair<unsigned long long const, OZAverageStatCounter>, std::__1::less<unsigned long long>, true>, std::__1::allocator<std::__1::pair<unsigned long long const, OZAverageStatCounter>>>	1	0
Ozone	std::__1::__tree<std::__1::pair<OZObjectSimulator*, CMTime>, std::__1::less<std::__1::pair<OZObjectSimulator*, CMTime>>, std::__1::allocator<std::__1::pair<OZObjectSimulator*, CMTime>>>	1	0
Ozone	std::__1::__tree<OZSceneNode*, std::__1::less<OZSceneNode*>, std::__1::allocator<OZSceneNode*>>	1	0
Ozone	std::__1::__tree<OZChannelBase*, std::__1::less<OZChannelBase*>, std::__1::allocator<OZChannelBase*>>	1	0
Ozone	std::__1::__tree<OZImageElement*, std::__1::less<OZImageElement*>, std::__1::allocator<OZImageElement*>>	1	0
Ozone	std::__1::__tree<OZChannelObjectRoot*, std::__1::less<OZChannelObjectRoot*>, std::__1::allocator<OZChannelObjectRoot*>>	1	0
Ozone	std::__1::__tree<OZObjectManipulator*, std::__1::less<OZObjectManipulator*>, std::__1::allocator<OZObjectManipulator*>>	1	0
Ozone	std::__1::__tree<OZScene*, std::__1::less<OZScene*>, std::__1::allocator<OZScene*>>	1	0
Ozone	std::__1::__tree<OZChannel*, std::__1::less<OZChannel*>, std::__1::allocator<OZChannel*>>	1	0
Ozone	std::__1::__tree<OZElement*, std::__1::less<OZElement*>, std::__1::allocator<OZElement*>>	1	0
Ozone	std::__1::__tree<OZLocking*, std::__1::less<OZLocking*>, std::__1::allocator<OZLocking*>>	1	0
Ozone	std::__1::__tree<unsigned int, std::__1::less<unsigned int>, std::__1::allocator<unsigned int>>	1	0
Ozone	void std::__1::__split_buffer<std::__1::shared_ptr<OZRenderResult>*, std::__1::allocator<std::__1::shared_ptr<OZRenderResult>*>>::emplace_front<std::__1	1	0
Ozone	void std::__1::__split_buffer<std::__1::pair<OZObjectSimulator*, CMTime>*, std::__1::allocator<std::__1::pair<OZObjectSimulator*, CMTime>*>>::emplace_front<std::__1	1	0
Ozone	std::__1::unique_ptr<OZFrameQueue, std::__1::default_delete<OZFrameQueue>>	1	0
Ozone	std::__1::default_delete<OZFootageScheduler>	1	0
Ozone	std::__1::unique_ptr<OZPlaybackScheduler, std::__1::default_delete<OZPlaybackScheduler>>	1	0
Ozone	std::__1::pair<std::__1::__hash_iterator<std::__1::__hash_node<std::__1::__hash_value_type<OZSceneNode*, std::__1::__list_iterator<OZSceneNode*, void*>>, void*>*>, bool> std::__1::__hash_table<std::__1::__hash_value_type<OZSceneNode*, std::__1::__list_iterator<OZSceneNode*, void*>>, std::__1::__unordered_map_hasher<OZSceneNode*, std::__1::pair<OZSceneNode* const, std::__1::__list_iterator<OZSceneNode*, void*>>, std::__1::hash<OZSceneNode*>, std::__1::equal_to<OZSceneNode*>, true>, std::__1::__unordered_map_equal<OZSceneNode*, std::__1::pair<OZSceneNode* const, std::__1::__list_iterator<OZSceneNode*, void*>>, std::__1::equal_to<OZSceneNode*>, std::__1::hash<OZSceneNode*>, true>, std::__1::allocator<std::__1::pair<OZSceneNode* const, std::__1::__list_iterator<OZSceneNode*, void*>>>>::__emplace_unique_key_args<OZSceneNode*, std::__1::piecewise_construct_t const&, std::__1::tuple<OZSceneNode* const&>, std::__1	1	0
Ozone	void std::__1::__hash_table<std::__1::__hash_value_type<_opaque_pthread_t*, bool>, std::__1::__unordered_map_hasher<_opaque_pthread_t*, std::__1::pair<_opaque_pthread_t* const, bool>, std::__1::hash<_opaque_pthread_t*>, std::__1::equal_to<_opaque_pthread_t*>, true>, std::__1::__unordered_map_equal<_opaque_pthread_t*, std::__1::pair<_opaque_pthread_t* const, bool>, std::__1::equal_to<_opaque_pthread_t*>, std::__1::hash<_opaque_pthread_t*>, true>, std::__1::allocator<std::__1::pair<_opaque_pthread_t* const, bool>>>	1	0
Ozone	void std::__1::__hash_table<std::__1::__hash_value_type<unsigned int, OZObjectManipulator*>, std::__1::__unordered_map_hasher<unsigned int, std::__1::pair<unsigned int const, OZObjectManipulator*>, std::__1::hash<unsigned int>, std::__1::equal_to<unsigned int>, true>, std::__1::__unordered_map_equal<unsigned int, std::__1::pair<unsigned int const, OZObjectManipulator*>, std::__1::equal_to<unsigned int>, std::__1::hash<unsigned int>, true>, std::__1::allocator<std::__1::pair<unsigned int const, OZObjectManipulator*>>>	1	0
Ozone	std::__1::__hash_const_iterator<std::__1::__hash_node<std::__1::__hash_value_type<OZSceneNode*, std::__1::__list_iterator<OZSceneNode*, void*>>, void*>*> std::__1::__hash_table<std::__1::__hash_value_type<OZSceneNode*, std::__1::__list_iterator<OZSceneNode*, void*>>, std::__1::__unordered_map_hasher<OZSceneNode*, std::__1::pair<OZSceneNode* const, std::__1::__list_iterator<OZSceneNode*, void*>>, std::__1::hash<OZSceneNode*>, std::__1::equal_to<OZSceneNode*>, true>, std::__1::__unordered_map_equal<OZSceneNode*, std::__1::pair<OZSceneNode* const, std::__1::__list_iterator<OZSceneNode*, void*>>, std::__1::equal_to<OZSceneNode*>, std::__1::hash<OZSceneNode*>, true>, std::__1::allocator<std::__1::pair<OZSceneNode* const, std::__1::__list_iterator<OZSceneNode*, void*>>>>	1	0
Ozone	std::__1::shared_ptr<PGMetalTexture> std::__1::allocate_shared[abi:nqe210106]<PGMetalTexture, std::__1	1	0
Ozone	std::__1::__list_imp<PCUUID, std::__1::allocator<PCUUID>>	1	0
Ozone	std::__1::__list_imp<OZSceneNode*, std::__1::allocator<OZSceneNode*>>	1	0
Ozone	std::__1::__list_imp<OZChannelBase*, std::__1::allocator<OZChannelBase*>>	1	0
Ozone	std::__1::__list_imp<OZObjectManipulator*, std::__1::allocator<OZObjectManipulator*>>	1	0
Ozone	std::__1::__list_imp<OZSimulationBehavior*, std::__1::allocator<OZSimulationBehavior*>>	1	0
Ozone	std::__1::__list_imp<OZShapeBehaviorVertexCacheEntry*, std::__1::allocator<OZShapeBehaviorVertexCacheEntry*>>	1	0
Ozone	std::__1::__list_imp<unsigned int, std::__1::allocator<unsigned int>>	1	0
Ozone	std::__1::list<OZShapeOnScreenSelection, std::__1::allocator<OZShapeOnScreenSelection>>	1	0
Ozone	std::__1::list<PCUUID, std::__1::allocator<PCUUID>>	1	0
Ozone	std::__1::list<OZObjectSimulator::OZSimAccumNode, std::__1::allocator<OZObjectSimulator::OZSimAccumNode>>	1	0
Ozone	std::__1::list<OZNotificationManager::OZObserver, std::__1::allocator<OZNotificationManager::OZObserver>>	1	0
Ozone	std::__1::list<std::__1::pair<CMTime, __CVBuffer*>, std::__1::allocator<std::__1::pair<CMTime, __CVBuffer*>>>	1	0
Ozone	std::__1::list<OZBehavior*, std::__1::allocator<OZBehavior*>>	1	0
Ozone	std::__1::list<PTTriangle*, std::__1::allocator<PTTriangle*>>	1	0
Ozone	std::__1::list<OZSceneNode*, std::__1::allocator<OZSceneNode*>>	1	0
Ozone	std::__1::list<OZPasteEntry*, std::__1::allocator<OZPasteEntry*>>	1	0
Ozone	std::__1::list<OZChannelBase*, std::__1::allocator<OZChannelBase*>>	1	0
Ozone	std::__1::list<OZFactoryBase*, std::__1::allocator<OZFactoryBase*>>	1	0
Ozone	std::__1::list<OZSimStateArray*, std::__1::allocator<OZSimStateArray*>>	1	0
Ozone	std::__1::list<OZSimulationState*, std::__1::allocator<OZSimulationState*>>	1	0
Ozone	std::__1::list<OZObjectSelections*, std::__1::allocator<OZObjectSelections*>>	1	0
Ozone	std::__1::list<OZChannelObjectRoot*, std::__1::allocator<OZChannelObjectRoot*>>	1	0
Ozone	std::__1::list<OZObjectManipulator*, std::__1::allocator<OZObjectManipulator*>>	1	0
Ozone	std::__1::list<OZChanObjectManipRef*, std::__1::allocator<OZChanObjectManipRef*>>	1	0
Ozone	std::__1::list<OZSimulationBehavior*, std::__1::allocator<OZSimulationBehavior*>>	1	0
Ozone	std::__1::list<OZShapeBehaviorCurveNode*, std::__1::allocator<OZShapeBehaviorCurveNode*>>	1	0
Ozone	std::__1::list<OZDefaultOverlayComponent*, std::__1::allocator<OZDefaultOverlayComponent*>>	1	0
Ozone	std::__1::list<OZShapeBehaviorGlobalCacheEntry*, std::__1::allocator<OZShapeBehaviorGlobalCacheEntry*>>	1	0
Ozone	std::__1::list<OZShapeBehaviorVertexCacheEntry*, std::__1::allocator<OZShapeBehaviorVertexCacheEntry*>>	1	0
Ozone	std::__1::list<OZEffect*, std::__1::allocator<OZEffect*>>	1	0
Ozone	std::__1::list<OZChannelBase const*, std::__1::allocator<OZChannelBase const*>>	1	0
Ozone	std::__1::list<unsigned int, std::__1::allocator<unsigned int>>	1	0
Ozone	PCXMLWriteStream	1	0
Ozone	OZObject::iterator_t<OZElement, false, true, OZObject::defaultValidator> OZScene	1	0
Ozone	OZObject::iterator_t<OZFootage, false, true, OZObject::defaultValidator> OZScene	1	0
Ozone	OZObject::iterator_t<OZTransformNode, false, true, OZObject::defaultValidator> OZScene	1	0
Ozone	OZObject::iterator_t<OZAudioTrack, false, true, OZObject::defaultValidator> OZScene	1	0
Ozone	std::__1::deque<PCXMLWriteStream::PCXMLElementInfo, std::__1::allocator<PCXMLWriteStream::PCXMLElementInfo>>	1	0
Ozone	std::__1::vector<unsigned int, std::__1::allocator<unsigned int>>	1	0
Ozone	OZChannelRef* std::__1::vector<OZChannelRef, std::__1::allocator<OZChannelRef>>	1	0
Ozone	std::__1::__split_buffer<OZChannelRef, std::__1::allocator<OZChannelRef>&>	1	0
Ozone	std::__1::vector<OZAudioTrack*, std::__1::allocator<OZAudioTrack*>>	1	0
Ozone	std::__1::__tree<std::__1::pair<OZChannelRef, unsigned int>, std::__1::less<std::__1::pair<OZChannelRef, unsigned int>>, std::__1::allocator<std::__1::pair<OZChannelRef, unsigned int>>>	1	0
Ozone	std::__1::pair<std::__1::__tree_iterator<std::__1::pair<OZChannelRef, unsigned int>, std::__1::__tree_node<std::__1::pair<OZChannelRef, unsigned int>, void*>*, long>, bool> std::__1::__tree<std::__1::pair<OZChannelRef, unsigned int>, std::__1::less<std::__1::pair<OZChannelRef, unsigned int>>, std::__1::allocator<std::__1::pair<OZChannelRef, unsigned int>>>::__emplace_unique_impl<std::__1	1	0
Ozone	std::__1::unique_ptr<std::__1::__tree_node<std::__1::pair<OZChannelRef, unsigned int>, void*>, std::__1::__tree_node_destructor<std::__1::allocator<std::__1::__tree_node<std::__1::pair<OZChannelRef, unsigned int>, void*>>>>	1	0
Ozone	OZMetalUtils	1	0
Ozone	PCRenderModel	1	0
Ozone	PCSharedMutex	1	0
Ozone	OZObject::reverse_all_iterator_t<OZObjectManipulator, false, true, OZObject::defaultAllValidator>	1	0
Ozone	OZObject::reverse_all_iterator_t<OZObjectManipulator, true, true, OZObject::defaultAllValidator>	1	0
Ozone	OZObject::iterator_t<OZImageElement, false, true, OZObject::defaultValidator> OZScene	1	0
Ozone	OZObject::iterator_t<OZProjectNode, false, true, OZObject::defaultValidator> OZScene	1	0
Ozone	OZObject::iterator_t<OZSceneNode, false, true, OZSoloNodeValidator> OZScene	1	0
Ozone	OZObject::iterator_t<OZSceneNode, false, true, OZSoloChildNodeValidator> OZScene	1	0
Ozone	OZObject::iterator_t<OZFootageLayer, false, true, OZObject::defaultValidator> OZScene	1	0
Ozone	OZObject::iterator_t<OZAudioLayer, false, true, OZObject::defaultValidator> OZScene	1	0
Ozone	OZObject::iterator_t<OZAudioMasterTrack, false, true, OZObject::defaultValidator> OZScene	1	0
Ozone	PMVideoDescription	1	0
Ozone	OZObject::iterator_t<OZCloneGenerator, false, true, OZObject::defaultValidator> OZScene	1	0
Ozone	PCVector3<double>& PCMatrix44Tmpl<double>	1	0
Ozone	OZObject::iterator_t<OZImageElement, false, true, dropZoneValidator> OZScene	1	0
Ozone	OZObject::iterator_t<OZImageElement, true, true, dropZoneValidator> OZScene	1	0
Ozone	PCLockSentry<PCSpinLock>	1	0
Ozone	PCBox<double>	1	0
Ozone	OZObject::iterator_t<OZSceneNodeFile, false, true, OZObject::defaultValidator> OZScene	1	0
Ozone	PCWorkingColor	1	0
Ozone	LiLightSet	1	0
Ozone	PCPtr<LiGroup>& PCPtr<LiGroup>	1	0
Ozone	bool findBounds<std::__1	1	0
Ozone	OZObject::iterator_t<OZElement, true, true, OZFitCalcValidator> OZScene	1	0
Ozone	OZObject::iterator_t<OZTransformNode, true, true, OZFitCalcValidator> OZScene	1	0
Ozone	OZObject::iterator_t<OZTransformNode, false, true, OZFitCalcValidator> OZScene	1	0
Ozone	OZObject::iterator_t<OZElement, false, true, OZFitCalcValidator> OZScene	1	0
Ozone	OZObject::iterator_t<OZLight, false, true, OZObject::defaultValidator> OZScene	1	0
Ozone	OZObject::iterator_t<OZGroup, false, true, OZObject::defaultValidator> OZScene	1	0
Ozone	std::__1::list<bool*, std::__1::allocator<bool*>>	1	0
Ozone	OZObject::iterator_t<OZProjectNode const, false, true, OZObject::defaultValidator> OZScene	1	0
Ozone	std::__1::__tree<OZGuide, std::__1::less<OZGuide>, std::__1::allocator<OZGuide>>	1	0
Ozone	void std::__1::__tree<OZElement*, std::__1::less<OZElement*>, std::__1::allocator<OZElement*>>::__assign_multi<std::__1::__tree_const_iterator<OZElement*, std::__1	1	0
Ozone	std::__1::__tree_iterator<OZElement*, std::__1::__tree_node<OZElement*, void*>*, long> std::__1::__tree<OZElement*, std::__1::less<OZElement*>, std::__1::allocator<OZElement*>>	1	0
Ozone	PCCFRef<__CFArray const*>	1	0
Ozone	std::__1::__tree<std::__1::__value_type<OZLocking*, std::__1::set<OZLocking*, std::__1::less<OZLocking*>, std::__1::allocator<OZLocking*>>>, std::__1::__map_value_compare<OZLocking*, std::__1::pair<OZLocking* const, std::__1::set<OZLocking*, std::__1::less<OZLocking*>, std::__1::allocator<OZLocking*>>>, std::__1::less<OZLocking*>, true>, std::__1::allocator<std::__1::pair<OZLocking* const, std::__1::set<OZLocking*, std::__1::less<OZLocking*>, std::__1::allocator<OZLocking*>>>>>	1	0
Ozone	std::__1::__tree<std::__1::__value_type<PCHash128, PCMutexRef>, std::__1::__map_value_compare<PCHash128, std::__1::pair<PCHash128 const, PCMutexRef>, std::__1::less<PCHash128>, true>, std::__1::allocator<std::__1::pair<PCHash128 const, PCMutexRef>>>	1	0
Ozone	std::__1::__tree<std::__1::__value_type<PCHash128, LiTextureStoreToken>, std::__1::__map_value_compare<PCHash128, std::__1::pair<PCHash128 const, LiTextureStoreToken>, std::__1::less<PCHash128>, true>, std::__1::allocator<std::__1::pair<PCHash128 const, LiTextureStoreToken>>>	1	0
Ozone	std::__1::__tree<std::__1::__value_type<PCString, OZScene::OZTemporaryFileInfo>, std::__1::__map_value_compare<PCString, std::__1::pair<PCString const, OZScene::OZTemporaryFileInfo>, std::__1::less<PCString>, true>, std::__1::allocator<std::__1::pair<PCString const, OZScene::OZTemporaryFileInfo>>>	1	0
Ozone	void std::__1::__tree_remove[abi:nqe210106]<std::__1	1	0
Ozone	std::__1::vector<OZObjectManipulator*, std::__1::allocator<OZObjectManipulator*>>	1	0
Ozone	std::__1::vector<OZSceneNode*, std::__1::allocator<OZSceneNode*>>	1	0
Ozone	std::__1::pair<std::__1::__hash_iterator<std::__1::__hash_node<std::__1::__hash_value_type<unsigned int, OZObjectManipulator*>, void*>*>, bool> std::__1::__hash_table<std::__1::__hash_value_type<unsigned int, OZObjectManipulator*>, std::__1::__unordered_map_hasher<unsigned int, std::__1::pair<unsigned int const, OZObjectManipulator*>, std::__1::hash<unsigned int>, std::__1::equal_to<unsigned int>, true>, std::__1::__unordered_map_equal<unsigned int, std::__1::pair<unsigned int const, OZObjectManipulator*>, std::__1::equal_to<unsigned int>, std::__1::hash<unsigned int>, true>, std::__1::allocator<std::__1::pair<unsigned int const, OZObjectManipulator*>>>::__emplace_unique_key_args<unsigned int, std::__1::piecewise_construct_t const&, std::__1::tuple<unsigned int const&>, std::__1	1	0
Ozone	std::__1::__hash_table<std::__1::__hash_value_type<unsigned int, OZObjectManipulator*>, std::__1::__unordered_map_hasher<unsigned int, std::__1::pair<unsigned int const, OZObjectManipulator*>, std::__1::hash<unsigned int>, std::__1::equal_to<unsigned int>, true>, std::__1::__unordered_map_equal<unsigned int, std::__1::pair<unsigned int const, OZObjectManipulator*>, std::__1::equal_to<unsigned int>, std::__1::hash<unsigned int>, true>, std::__1::allocator<std::__1::pair<unsigned int const, OZObjectManipulator*>>>	1	0
Ozone	std::__1::__tree<std::__1::__value_type<OZChannelObjectRoot*, OZRetimingUtil::RootInfo>, std::__1::__map_value_compare<OZChannelObjectRoot*, std::__1::pair<OZChannelObjectRoot* const, OZRetimingUtil::RootInfo>, std::__1::less<OZChannelObjectRoot*>, true>, std::__1::allocator<std::__1::pair<OZChannelObjectRoot* const, OZRetimingUtil::RootInfo>>>	1	0
Ozone	std::__1::__tree<PCString, std::__1::less<PCString>, std::__1::allocator<PCString>>	1	0
Ozone	std::__1::__tree<std::__1::__value_type<PCString, std::__1::pair<CMTime, CMTime>>, std::__1::__map_value_compare<PCString, std::__1::pair<PCString const, std::__1::pair<CMTime, CMTime>>, std::__1::less<PCString>, true>, std::__1::allocator<std::__1::pair<PCString const, std::__1::pair<CMTime, CMTime>>>>	1	0
Ozone	std::__1::__tree<std::__1::__value_type<PCString, OZFontFamily*>, std::__1::__map_value_compare<PCString, std::__1::pair<PCString const, OZFontFamily*>, std::__1::less<PCString>, true>, std::__1::allocator<std::__1::pair<PCString const, OZFontFamily*>>>	1	0
Ozone	std::__1::__tree<std::__1::__value_type<PCString, bool>, std::__1::__map_value_compare<PCString, std::__1::pair<PCString const, bool>, std::__1::less<PCString>, true>, std::__1::allocator<std::__1::pair<PCString const, bool>>>	1	0
Ozone	std::__1::pair<std::__1::__tree_iterator<PCString, std::__1::__tree_node<PCString, void*>*, long>, bool> std::__1::__tree<PCString, std::__1::less<PCString>, std::__1::allocator<PCString>>	1	0
Ozone	std::__1::unique_ptr<std::__1::__tree_node<PCString, void*>, std::__1::__tree_node_destructor<std::__1::allocator<std::__1::__tree_node<PCString, void*>>>>	1	0
Ozone	std::__1::unique_ptr<std::__1::__tree_node<std::__1::__value_type<PCString, std::__1::pair<CMTime, CMTime>>, void*>, std::__1::__tree_node_destructor<std::__1::allocator<std::__1::__tree_node<std::__1::__value_type<PCString, std::__1::pair<CMTime, CMTime>>, void*>>>>	1	0
Ozone	std::__1::unique_ptr<std::__1::__tree_node<std::__1::__value_type<PCString, OZFontFamily*>, void*>, std::__1::__tree_node_destructor<std::__1::allocator<std::__1::__tree_node<std::__1::__value_type<PCString, OZFontFamily*>, void*>>>>	1	0
Ozone	std::__1::unique_ptr<std::__1::__tree_node<std::__1::__value_type<PCString, bool>, void*>, std::__1::__tree_node_destructor<std::__1::allocator<std::__1::__tree_node<std::__1::__value_type<PCString, bool>, void*>>>>	1	0
Ozone	std::__1::pair<std::__1::__tree_iterator<std::__1::__value_type<PCHash128, PCMutexRef>, std::__1::__tree_node<std::__1::__value_type<PCHash128, PCMutexRef>, void*>*, long>, bool> std::__1::__tree<std::__1::__value_type<PCHash128, PCMutexRef>, std::__1::__map_value_compare<PCHash128, std::__1::pair<PCHash128 const, PCMutexRef>, std::__1::less<PCHash128>, true>, std::__1::allocator<std::__1::pair<PCHash128 const, PCMutexRef>>>::__emplace_unique_key_args<PCHash128, std::__1::piecewise_construct_t const&, std::__1::tuple<PCHash128 const&>, std::__1	1	0
Ozone	std::__1::vector<FFScheduleToken*, std::__1::allocator<FFScheduleToken*>>	1	0
Ozone	std::__1::__wrap_iter<FFScheduleToken**> std::__1::vector<FFScheduleToken*, std::__1::allocator<FFScheduleToken*>>::__insert_with_size[abi:nqe210106]<std::__1::__wrap_iter<FFScheduleToken**>, std::__1	1	0
Ozone	std::__1::vector<OZLocking*, std::__1::allocator<OZLocking*>>	1	0
Ozone	std::__1::vector<OZLocking*, std::__1::allocator<OZLocking*>>* std::__1::vector<std::__1::vector<OZLocking*, std::__1::allocator<OZLocking*>>, std::__1::allocator<std::__1::vector<OZLocking*, std::__1::allocator<OZLocking*>>>>::__emplace_back_slow_path<std::__1::vector<OZLocking*, std::__1	1	0
Ozone	std::__1::__split_buffer<std::__1::vector<OZChannelBase*, std::__1::allocator<OZChannelBase*>>, std::__1::allocator<std::__1::vector<OZChannelBase*, std::__1::allocator<OZChannelBase*>>>&>	1	0
Ozone	std::__1::__split_buffer<std::__1::vector<OZLocking*, std::__1::allocator<OZLocking*>>, std::__1::allocator<std::__1::vector<OZLocking*, std::__1::allocator<OZLocking*>>>&>	1	0
Ozone	std::__1::vector<std::__1::vector<OZLocking*, std::__1::allocator<OZLocking*>>, std::__1::allocator<std::__1::vector<OZLocking*, std::__1::allocator<OZLocking*>>>>	1	0
Ozone	std::__1::vector<OZLockingGroup*, std::__1::allocator<OZLockingGroup*>>	1	0
Ozone	std::__1::__list_imp<OZBehavior*, std::__1::allocator<OZBehavior*>>	1	0
Ozone	std::__1::__list_imp<OZEffect*, std::__1::allocator<OZEffect*>>	1	0
Ozone	OZChannelColorNoAlpha	1	0
Ozone	std::__1::vector<OZChannelRef*, std::__1::allocator<OZChannelRef*>>	1	0
Ozone	OZChannelCrop	1	0
Ozone	OZChannelQuad	1	0
Ozone	std::__1::unique_ptr<LiGraphBuilder, std::__1::default_delete<LiGraphBuilder>>	1	0
Ozone	void std::__1::__call_once_proxy[abi:nqe210106]<std::__1::tuple<OZElement::OZElement_lrSizeImpl::getInstance()	1	0
Ozone	void std::__1::__call_once_proxy[abi:nqe210106]<std::__1::tuple<OZCurveDoubleSplineState::getInstance()	1	0
Ozone	void std::__1::__call_once_proxy[abi:nqe210106]<std::__1::tuple<OZElement::OZElement_lrSizeInfo::getInstance()	1	0
Ozone	void std::__1::__call_once_proxy[abi:nqe210106]<std::__1::tuple<OZChannelDouble::createOZChannelDoubleInfo()	1	0
Ozone	void std::__1::__call_once_proxy[abi:nqe210106]<std::__1::tuple<OZChannelDouble::createOZChannelDoubleImpl()	1	0
Ozone	void std::__1::__call_once_proxy[abi:nqe210106]<std::__1::tuple<OZElement::OZElement_lrIntensityImpl::getInstance()	1	0
Ozone	OZChannelPercent	1	0
Ozone	void std::__1::__call_once_proxy[abi:nqe210106]<std::__1::tuple<OZCurvePercentSplineState::getInstance()	1	0
Ozone	void std::__1::__call_once_proxy[abi:nqe210106]<std::__1::tuple<OZElement::OZElement_lrIntensityScaleImpl::getInstance()	1	0
Ozone	void std::__1::__call_once_proxy[abi:nqe210106]<std::__1::tuple<OZElement::OZElement_lrOpacityImpl::getInstance()	1	0
Ozone	void std::__1::__call_once_proxy[abi:nqe210106]<std::__1::tuple<OZElement::OZElement_reflectivityImpl::getInstance()	1	0
Ozone	void std::__1::__call_once_proxy[abi:nqe210106]<std::__1::tuple<OZElement::OZElement_reflectionBlurImpl::getInstance()	1	0
Ozone	void std::__1::__call_once_proxy[abi:nqe210106]<std::__1::tuple<OZElement::OZElement_reflectionBeginFalloffImpl::getInstance()	1	0
Ozone	void std::__1::__call_once_proxy[abi:nqe210106]<std::__1::tuple<OZElement::OZElement_reflectionBeginFalloffInfo::getInstance()	1	0
Ozone	void std::__1::__call_once_proxy[abi:nqe210106]<std::__1::tuple<OZElement::OZElement_reflectionEndFalloffImpl::getInstance()	1	0
Ozone	void std::__1::__call_once_proxy[abi:nqe210106]<std::__1::tuple<OZElement::OZElement_reflectionEndFalloffInfo::getInstance()	1	0
Ozone	void std::__1::__call_once_proxy[abi:nqe210106]<std::__1::tuple<OZElement::OZElement_reflectionFalloffExponentImpl::getInstance()	1	0
Ozone	void std::__1::__call_once_proxy[abi:nqe210106]<std::__1::tuple<OZElement::OZElement_reflectionFalloffExponentInfo::getInstance()	1	0
Ozone	void std::__1::__call_once_proxy[abi:nqe210106]<std::__1::tuple<OZElement::OZElement_castsReflectionImpl::getInstance()	1	0
Ozone	OZChannelEnum	1	0
Ozone	void std::__1::__call_once_proxy[abi:nqe210106]<std::__1::tuple<OZElement::OZElement_conversionImpl::getInstance()	1	0
Ozone	void std::__1::__call_once_proxy[abi:nqe210106]<std::__1::tuple<OZElement::OZElement_conversionTypeImpl::getInstance()	1	0
Ozone	void std::__1::__call_once_proxy[abi:nqe210106]<std::__1::tuple<OZElement::OZElement_dropShadowOpacityImpl::getInstance()	1	0
Ozone	void std::__1::__call_once_proxy[abi:nqe210106]<std::__1::tuple<OZElement::OZElement_dropShadowBlurImpl::getInstance()	1	0
Ozone	void std::__1::__call_once_proxy[abi:nqe210106]<std::__1::tuple<OZElement::OZElement_dropShadowBlurInfo::getInstance()	1	0
Ozone	void std::__1::__call_once_proxy[abi:nqe210106]<std::__1::tuple<OZElement::OZElement_dropShadowDistanceImpl::getInstance()	1	0
Ozone	void std::__1::__call_once_proxy[abi:nqe210106]<std::__1::tuple<OZElement::OZElement_dropShadowAngleImpl::getInstance()	1	0
Ozone	void std::__1::__call_once_proxy[abi:nqe210106]<std::__1::tuple<OZCurveAngleSplineState::getInstance()	1	0
Ozone	void std::__1::__call_once_proxy[abi:nqe210106]<std::__1::tuple<OZChannelAngle::createOZChannelAngleInfo()	1	0
Ozone	void std::__1::__call_once_proxy[abi:nqe210106]<std::__1::tuple<OZChannelAngle::createOZChannelAngleImpl()	1	0
Ozone	void std::__1::__call_once_proxy[abi:nqe210106]<std::__1::tuple<OZElement::OZElement_cropInfo::getInstance()	1	0
Ozone	LiClipSet	1	0
Ozone	std::__1::vector<OZTransformNode const*, std::__1::allocator<OZTransformNode const*>>	1	0
Ozone	PCRay3<double>	1	0
Ozone	PCPtr<LiRenderer>	1	0
Ozone	PCVector3<double> PCMatrix33Tmpl<double>	1	0
Ozone	PGMetalTexture	1	0
Ozone	PMMediaExtensionGroupInfo	1	0
Ozone	PCMetric::IntervalScope<14>	1	0
Ozone	LiLockCache<PCHash128, PCMutex>::LockSentry	1	0
Ozone	OZChannelAspectRatioFootage	1	0
Ozone	void std::__1::__call_once_proxy[abi:nqe210106]<std::__1::tuple<OZChannelAspectRatioFootage::createOZChannelAspectRatioFootageInfo()	1	0
Ozone	void std::__1::__call_once_proxy[abi:nqe210106]<std::__1::tuple<OZChannelAspectRatioFootage::createOZChannelAspectRatioFootageImpl()	1	0
Ozone	void std::__1::__call_once_proxy[abi:nqe210106]<std::__1::tuple<OZFootage::OZFootage_fixedWidthInfo::getInstance()	1	0
Ozone	void std::__1::__call_once_proxy[abi:nqe210106]<std::__1::tuple<OZChannelUint32::createOZChannelUint32Info()	1	0
Ozone	void std::__1::__call_once_proxy[abi:nqe210106]<std::__1::tuple<OZChannelUint32::createOZChannelUint32Impl()	1	0
Ozone	void std::__1::__call_once_proxy[abi:nqe210106]<std::__1::tuple<OZCurveIntSplineState::getInstance()	1	1
Ozone	void std::__1::__call_once_proxy[abi:nqe210106]<std::__1::tuple<OZFootage::OZFootage_fixedHeightInfo::getInstance()	1	0
Ozone	void std::__1::__call_once_proxy[abi:nqe210106]<std::__1::tuple<OZFootage::OZFootage_exposureInfo::getInstance()	1	0
Ozone	void std::__1::__call_once_proxy[abi:nqe210106]<std::__1::tuple<OZFootage::OZFootage_defogInfo::getInstance()	1	0
Ozone	void std::__1::__call_once_proxy[abi:nqe210106]<std::__1::tuple<OZFootage::OZFootage_kneeLowInfo::getInstance()	1	0
Ozone	void std::__1::__call_once_proxy[abi:nqe210106]<std::__1::tuple<OZFootage::OZFootage_kneeHighInfo::getInstance()	1	0
Ozone	OZChannelGammaFootage	1	0
Ozone	void std::__1::__call_once_proxy[abi:nqe210106]<std::__1::tuple<OZChannelGammaFootage::createOZChannelGammaFootageInfo()	1	0
Ozone	void std::__1::__call_once_proxy[abi:nqe210106]<std::__1::tuple<OZChannelGammaFootage::createOZChannelGammaFootageImpl()	1	0
Ozone	std::__1::__tree<std::__1::__value_type<PCHash128, std::__1::weak_ptr<PCMutex>>, std::__1::__map_value_compare<PCHash128, std::__1::pair<PCHash128 const, std::__1::weak_ptr<PCMutex>>, std::__1::less<PCHash128>, true>, std::__1::allocator<std::__1::pair<PCHash128 const, std::__1::weak_ptr<PCMutex>>>>	1	0
Ozone	void std::__1::vector<OverrideColorSpaceInfo, std::__1::allocator<OverrideColorSpaceInfo>>	1	0
Ozone	std::__1::__exception_guard_exceptions<std::__1::vector<OverrideColorSpaceInfo, std::__1::allocator<OverrideColorSpaceInfo>>::__destroy_vector>	1	0
Ozone	std::__1::__exception_guard_exceptions<std::__1::_AllocatorDestroyRangeReverse<std::__1::allocator<OverrideColorSpaceInfo>, OverrideColorSpaceInfo*>>	1	0
Ozone	std::__1::vector<unsigned long, std::__1::allocator<unsigned long>>	1	0
Ozone	std::__1::pair<std::__1::__tree_iterator<PCHash128, std::__1::__tree_node<PCHash128, void*>*, long>, bool> std::__1::__tree<PCHash128, std::__1::less<PCHash128>, std::__1::allocator<PCHash128>>	1	0
Ozone	std::__1::pair<std::__1::__tree_iterator<std::__1::__value_type<PCHash128, LiTextureStoreToken>, std::__1::__tree_node<std::__1::__value_type<PCHash128, LiTextureStoreToken>, void*>*, long>, bool> std::__1::__tree<std::__1::__value_type<PCHash128, LiTextureStoreToken>, std::__1::__map_value_compare<PCHash128, std::__1::pair<PCHash128 const, LiTextureStoreToken>, std::__1::less<PCHash128>, true>, std::__1::allocator<std::__1::pair<PCHash128 const, LiTextureStoreToken>>>::__emplace_unique_key_args<PCHash128, std::__1	1	0
Ozone	std::__1::pair<std::__1::__tree_iterator<std::__1::__value_type<PCHash128, std::__1::weak_ptr<PCMutex>>, std::__1::__tree_node<std::__1::__value_type<PCHash128, std::__1::weak_ptr<PCMutex>>, void*>*, long>, bool> std::__1::__tree<std::__1::__value_type<PCHash128, std::__1::weak_ptr<PCMutex>>, std::__1::__map_value_compare<PCHash128, std::__1::pair<PCHash128 const, std::__1::weak_ptr<PCMutex>>, std::__1::less<PCHash128>, true>, std::__1::allocator<std::__1::pair<PCHash128 const, std::__1::weak_ptr<PCMutex>>>>::__emplace_unique_key_args<PCHash128, std::__1::pair<PCHash128 const, std::__1	1	0
Ozone	OZChannelDecibel	1	0
Ozone	void std::__1::__call_once_proxy[abi:nqe210106]<std::__1::tuple<OZChannelDecibel::createOZChannelDecibelInfo()	1	0
Ozone	void std::__1::__call_once_proxy[abi:nqe210106]<std::__1::tuple<OZChannelDecibel::createOZChannelDecibelImpl()	1	0
Ozone	std::__1::vector<PCAudioBuffer*, std::__1::allocator<PCAudioBuffer*>>	1	0
Ozone	OZChannelColor	1	0
Ozone	OZChannel2D	1	0
Ozone	OZChannelScale	1	0
Ozone	OZChannelPositionPercent	1	0
Ozone	std::__1::shared_ptr<(anonymous namespace)::RGBAVectorField>::shared_ptr[abi:nqe210106]<(anonymous namespace)	1	0
Ozone	std::__1::shared_ptr<PCBitmap>& std::__1::shared_ptr<PCBitmap>::operator=[abi:nqe210106]<(anonymous namespace)	1	0
Ozone	HGNode	1	0
Ozone	void std::__1::__call_once_proxy[abi:nqe210106]<std::__1::tuple<OZImageElement::OZImageElement_pageNumberImpl::getInstance()	1	0
Ozone	void std::__1::__call_once_proxy[abi:nqe210106]<std::__1::tuple<OZImageElement::OZImageElement_pageNumberInfo::getInstance()	1	0
Ozone	void std::__1::__call_once_proxy[abi:nqe210106]<std::__1::tuple<OZImageElement::OZImageElement_timeScaleImpl::getInstance()	1	0
Ozone	void std::__1::__call_once_proxy[abi:nqe210106]<std::__1::tuple<OZImageElement::OZImageElement_retimeFrameCacheImpl::getInstance()	1	0
Ozone	void std::__1::__call_once_proxy[abi:nqe210106]<std::__1::tuple<OZImageElement::OZImageElement_loopDurationImpl::getInstance()	1	0
Ozone	void std::__1::__call_once_proxy[abi:nqe210106]<std::__1::tuple<OZImageElement::OZImageElement_layerImpl::getInstance()	1	0
Ozone	void std::__1::__call_once_proxy[abi:nqe210106]<std::__1::tuple<OZImageElement::OZImageElement_layerInfo::getInstance()	1	0
Ozone	void std::__1::__call_once_proxy[abi:nqe210106]<std::__1::tuple<OZImageElement::OZImageElement_dropInputIDImpl::getInstance()	1	0
Ozone	void std::__1::__call_once_proxy[abi:nqe210106]<std::__1::tuple<OZImageElement::OZImageElement_dropInputIDInfo::getInstance()	1	0
Ozone	void std::__1::__call_once_proxy[abi:nqe210106]<std::__1::tuple<OZImageElement::OZImageElement_dropPanImpl::getInstance()	1	0
Ozone	void std::__1::__call_once_proxy[abi:nqe210106]<std::__1::tuple<OZImageElement::OZImageElement_dropPanInfo::getInstance()	1	0
Ozone	void std::__1::__call_once_proxy[abi:nqe210106]<std::__1::tuple<OZImageElement::OZImageElement_dropScaleImpl::getInstance()	1	0
Ozone	void std::__1::__call_once_proxy[abi:nqe210106]<std::__1::tuple<OZImageElement::OZImageElement_dropFillOpaqueImpl::getInstance()	1	0
Ozone	OZChannelBool	1	0
Ozone	void std::__1::__call_once_proxy[abi:nqe210106]<std::__1::tuple<OZCurveBoolSplineState::getInstance()	1	0
Ozone	void std::__1::__call_once_proxy[abi:nqe210106]<std::__1::tuple<OZImageElement::OZImageElement_dropWidthImpl::getInstance()	1	0
Ozone	void std::__1::__call_once_proxy[abi:nqe210106]<std::__1::tuple<OZImageElement::OZImageElement_dropWidthInfo::getInstance()	1	0
Ozone	void std::__1::__call_once_proxy[abi:nqe210106]<std::__1::tuple<OZImageElement::OZImageElement_dropHeightImpl::getInstance()	1	0
Ozone	void std::__1::__call_once_proxy[abi:nqe210106]<std::__1::tuple<OZImageElement::OZImageElement_dropHeightInfo::getInstance()	1	0
Ozone	void std::__1::vector<OZPtcDecisionInfo, std::__1::allocator<OZPtcDecisionInfo>>	1	0
Ozone	std::__1::vector<OZPtcDecisionInfo, std::__1::allocator<OZPtcDecisionInfo>>	1	0
Ozone	std::__1::vector<std::__1::pair<CMTime, double>, std::__1::allocator<std::__1::pair<CMTime, double>>>	1	0
Ozone	FxBalancedBlendRecord* std::__1::vector<FxBalancedBlendRecord, std::__1::allocator<FxBalancedBlendRecord>>	1	0
Ozone	std::__1::__split_buffer<FxBalancedBlendRecord, std::__1::allocator<FxBalancedBlendRecord>&>	1	0
Ozone	std::__1::__exception_guard_exceptions<std::__1::_AllocatorDestroyRangeReverse<std::__1::allocator<FxBalancedBlendRecord>, FxBalancedBlendRecord*>>	1	0
Ozone	HGRef<HGNode> makeBalancedBlendTree_RetimeAddBlend6<std::__1	1	0
Ozone	std::__1::unique_ptr<std::__1::__tree_node<FxBalancedBlendRecord, void*>, std::__1::__tree_node_destructor<std::__1::allocator<std::__1::__tree_node<FxBalancedBlendRecord, void*>>>>	1	0
Ozone	std::__1::unique_ptr<OZOpticalFlow::VectorField, std::__1::default_delete<OZOpticalFlow::VectorField>>	1	0
Ozone	std::__1::__tree<std::__1::__value_type<PCHash128, HGRef<HGNode>>, std::__1::__map_value_compare<PCHash128, std::__1::pair<PCHash128 const, HGRef<HGNode>>, std::__1::less<PCHash128>, true>, std::__1::allocator<std::__1::pair<PCHash128 const, HGRef<HGNode>>>>	1	0
Ozone	PCThreadSpecific<HGLazyResIndependentBitmapLoaderCache>	1	0
Ozone	std::__1::pair<std::__1::__tree_iterator<std::__1::__value_type<PCHash128, HGRef<HGNode>>, std::__1::__tree_node<std::__1::__value_type<PCHash128, HGRef<HGNode>>, void*>*, long>, bool> std::__1::__tree<std::__1::__value_type<PCHash128, HGRef<HGNode>>, std::__1::__map_value_compare<PCHash128, std::__1::pair<PCHash128 const, HGRef<HGNode>>, std::__1::less<PCHash128>, true>, std::__1::allocator<std::__1::pair<PCHash128 const, HGRef<HGNode>>>>::__emplace_unique_key_args<PCHash128, std::__1::piecewise_construct_t const&, std::__1::tuple<PCHash128 const&>, std::__1	1	0
Ozone	std::__1::__exception_guard_exceptions<std::__1::vector<std::__1::pair<CMTime, std::__1::vector<CMTime, std::__1::allocator<CMTime>>>, std::__1::allocator<std::__1::pair<CMTime, std::__1::vector<CMTime, std::__1::allocator<CMTime>>>>>::__destroy_vector>	1	0
Ozone	std::__1::pair<CMTime, std::__1::vector<CMTime, std::__1::allocator<CMTime>>>* std::__1::__uninitialized_allocator_copy_impl[abi:nqe210106]<std::__1::allocator<std::__1::pair<CMTime, std::__1::vector<CMTime, std::__1::allocator<CMTime>>>>, std::__1::pair<CMTime, std::__1::vector<CMTime, std::__1::allocator<CMTime>>>*, std::__1::pair<CMTime, std::__1::vector<CMTime, std::__1::allocator<CMTime>>>*, std::__1::pair<CMTime, std::__1::vector<CMTime, std::__1	1	0
Ozone	std::__1::__exception_guard_exceptions<std::__1::_AllocatorDestroyRangeReverse<std::__1::allocator<std::__1::pair<CMTime, std::__1::vector<CMTime, std::__1::allocator<CMTime>>>>, std::__1::pair<CMTime, std::__1::vector<CMTime, std::__1::allocator<CMTime>>>*>>	1	0
Ozone	OZObject::iterator_t<OZCamera, false, true, OZObject::defaultValidator> OZSceneNode	1	0
Ozone	void std::__1::__call_once_proxy[abi:nqe210106]<std::__1::tuple<OZGroup::OZGroup_dimensionTypeImpl::getInstance()	1	0
Ozone	void std::__1::__call_once_proxy[abi:nqe210106]<std::__1::tuple<OZGroup::OZGroup_fixedWidthImpl::getInstance()	1	0
Ozone	void std::__1::__call_once_proxy[abi:nqe210106]<std::__1::tuple<OZGroup::OZGroup_fixedWidthInfo::getInstance()	1	0
Ozone	void std::__1::__call_once_proxy[abi:nqe210106]<std::__1::tuple<OZGroup::OZGroup_fixedHeightImpl::getInstance()	1	0
Ozone	void std::__1::__call_once_proxy[abi:nqe210106]<std::__1::tuple<OZGroup::OZGroup_fixedHeightInfo::getInstance()	1	0
Ozone	void std::__1::__call_once_proxy[abi:nqe210106]<std::__1::tuple<OZGroup::OZGroup_versionImpl::getInstance()	1	0
Ozone	OZGroupKeyframe<PCVector3<double>>& std::__1::vector<OZGroupKeyframe<PCVector3<double>>, std::__1::allocator<OZGroupKeyframe<PCVector3<double>>>>	1	0
Ozone	std::__1::vector<OZGroupKeyframe<PCVector3<double>>, std::__1::allocator<OZGroupKeyframe<PCVector3<double>>>>	1	0
Ozone	std::__1::__split_buffer<PCString, std::__1::allocator<PCString>&>	1	0
Ozone	OZDocumentTypeUndoParams	1	0
Ozone	void std::__1::vector<unsigned int, std::__1::allocator<unsigned int>>	1	0
Ozone	std::__1::pair<std::__1::__tree_iterator<std::__1::__value_type<unsigned int, std::__1::basic_string<char, std::__1::char_traits<char>, std::__1::allocator<char>>>, std::__1::__tree_node<std::__1::__value_type<unsigned int, std::__1::basic_string<char, std::__1::char_traits<char>, std::__1::allocator<char>>>, void*>*, long>, bool> std::__1::__tree<std::__1::__value_type<unsigned int, std::__1::basic_string<char, std::__1::char_traits<char>, std::__1::allocator<char>>>, std::__1::__map_value_compare<unsigned int, std::__1::pair<unsigned int const, std::__1::basic_string<char, std::__1::char_traits<char>, std::__1::allocator<char>>>, std::__1::less<unsigned int>, true>, std::__1::allocator<std::__1::pair<unsigned int const, std::__1::basic_string<char, std::__1::char_traits<char>, std::__1::allocator<char>>>>>::__emplace_hint_unique_key_args<unsigned int, std::__1::pair<unsigned int const, std::__1::basic_string<char, std::__1::char_traits<char>, std::__1	1	0
Ozone	std::__1::__tree_node_base<void*>*& std::__1::__tree<std::__1::__value_type<unsigned int, PCMatrix44Tmpl<double>>, std::__1::__map_value_compare<unsigned int, std::__1::pair<unsigned int const, PCMatrix44Tmpl<double>>, std::__1::less<unsigned int>, true>, std::__1::allocator<std::__1::pair<unsigned int const, PCMatrix44Tmpl<double>>>>	1	0
Ozone	std::__1::__tree_node_base<void*>*& std::__1::__tree<std::__1::__value_type<unsigned int, HGRef<HGNode>>, std::__1::__map_value_compare<unsigned int, std::__1::pair<unsigned int const, HGRef<HGNode>>, std::__1::less<unsigned int>, true>, std::__1::allocator<std::__1::pair<unsigned int const, HGRef<HGNode>>>>	1	0
Ozone	std::__1::__tree_node_base<void*>*& std::__1::__tree<std::__1::__value_type<unsigned int, PCRect<double>>, std::__1::__map_value_compare<unsigned int, std::__1::pair<unsigned int const, PCRect<double>>, std::__1::less<unsigned int>, true>, std::__1::allocator<std::__1::pair<unsigned int const, PCRect<double>>>>	1	0
Ozone	std::__1::__tree_node_base<void*>*& std::__1::__tree<std::__1::__value_type<unsigned int, std::__1::basic_string<char, std::__1::char_traits<char>, std::__1::allocator<char>>>, std::__1::__map_value_compare<unsigned int, std::__1::pair<unsigned int const, std::__1::basic_string<char, std::__1::char_traits<char>, std::__1::allocator<char>>>, std::__1::less<unsigned int>, true>, std::__1::allocator<std::__1::pair<unsigned int const, std::__1::basic_string<char, std::__1::char_traits<char>, std::__1::allocator<char>>>>>	1	0
Ozone	std::__1::__tree_node_base<void*>*& std::__1::__tree<std::__1::__value_type<unsigned int, OZLayerNodeWrapper*>, std::__1::__map_value_compare<unsigned int, std::__1::pair<unsigned int const, OZLayerNodeWrapper*>, std::__1::less<unsigned int>, true>, std::__1::allocator<std::__1::pair<unsigned int const, OZLayerNodeWrapper*>>>	1	0
Ozone	std::__1::unique_ptr<std::__1::__tree_node<std::__1::__value_type<unsigned int, std::__1::basic_string<char, std::__1::char_traits<char>, std::__1::allocator<char>>>, void*>, std::__1::__tree_node_destructor<std::__1::allocator<std::__1::__tree_node<std::__1::__value_type<unsigned int, std::__1::basic_string<char, std::__1::char_traits<char>, std::__1::allocator<char>>>, void*>>>>	1	0
Ozone	std::__1::__tree<std::__1::__value_type<unsigned int, std::__1::basic_string<char, std::__1::char_traits<char>, std::__1::allocator<char>>>, std::__1::__map_value_compare<unsigned int, std::__1::pair<unsigned int const, std::__1::basic_string<char, std::__1::char_traits<char>, std::__1::allocator<char>>>, std::__1::less<unsigned int>, true>, std::__1::allocator<std::__1::pair<unsigned int const, std::__1::basic_string<char, std::__1::char_traits<char>, std::__1::allocator<char>>>>>	1	0
Ozone	std::__1::__exception_guard_exceptions<std::__1::vector<OZDropZoneTypeUndoParams, std::__1::allocator<OZDropZoneTypeUndoParams>>::__destroy_vector>	1	0
Ozone	void std::__1::__tree<std::__1::__value_type<unsigned int, std::__1::basic_string<char, std::__1::char_traits<char>, std::__1::allocator<char>>>, std::__1::__map_value_compare<unsigned int, std::__1::pair<unsigned int const, std::__1::basic_string<char, std::__1::char_traits<char>, std::__1::allocator<char>>>, std::__1::less<unsigned int>, true>, std::__1::allocator<std::__1::pair<unsigned int const, std::__1::basic_string<char, std::__1::char_traits<char>, std::__1::allocator<char>>>>>::__assign_multi<std::__1::__tree_const_iterator<std::__1::__value_type<unsigned int, std::__1::basic_string<char, std::__1::char_traits<char>, std::__1::allocator<char>>>, std::__1::__tree_node<std::__1::__value_type<unsigned int, std::__1::basic_string<char, std::__1::char_traits<char>, std::__1	1	0
Ozone	std::__1::__tree<std::__1::__value_type<unsigned int, std::__1::basic_string<char, std::__1::char_traits<char>, std::__1::allocator<char>>>, std::__1::__map_value_compare<unsigned int, std::__1::pair<unsigned int const, std::__1::basic_string<char, std::__1::char_traits<char>, std::__1::allocator<char>>>, std::__1::less<unsigned int>, true>, std::__1::allocator<std::__1::pair<unsigned int const, std::__1::basic_string<char, std::__1::char_traits<char>, std::__1::allocator<char>>>>>::_DetachedTreeCache	1	0
Ozone	std::__1::__tree_iterator<std::__1::__value_type<unsigned int, std::__1::basic_string<char, std::__1::char_traits<char>, std::__1::allocator<char>>>, std::__1::__tree_node<std::__1::__value_type<unsigned int, std::__1::basic_string<char, std::__1::char_traits<char>, std::__1::allocator<char>>>, void*>*, long> std::__1::__tree<std::__1::__value_type<unsigned int, std::__1::basic_string<char, std::__1::char_traits<char>, std::__1::allocator<char>>>, std::__1::__map_value_compare<unsigned int, std::__1::pair<unsigned int const, std::__1::basic_string<char, std::__1::char_traits<char>, std::__1::allocator<char>>>, std::__1::less<unsigned int>, true>, std::__1::allocator<std::__1::pair<unsigned int const, std::__1::basic_string<char, std::__1::char_traits<char>, std::__1::allocator<char>>>>>::__emplace_hint_multi<std::__1::pair<unsigned int const, std::__1::basic_string<char, std::__1::char_traits<char>, std::__1	1	0
Ozone	void std::__1::__tree<unsigned int, std::__1::less<unsigned int>, std::__1::allocator<unsigned int>>::__assign_multi<std::__1::__tree_const_iterator<unsigned int, std::__1	1	0
Ozone	std::__1::__tree_iterator<unsigned int, std::__1::__tree_node<unsigned int, void*>*, long> std::__1::__tree<unsigned int, std::__1::less<unsigned int>, std::__1::allocator<unsigned int>>	1	0
Ozone	std::__1::__exception_guard_exceptions<std::__1::vector<OZChannelRef, std::__1::allocator<OZChannelRef>>::__destroy_vector>	1	0
Ozone	std::__1::vector<OZChannelUndo*, std::__1::allocator<OZChannelUndo*>>	1	0
Ozone	PCPtr<LiSimpleCamera>	1	0
Ozone	PCMetric::IntervalScope<10>	1	0
Ozone	OZTimeSnap* std::__1::vector<OZTimeSnap, std::__1::allocator<OZTimeSnap>>	1	0
Ozone	std::__1::__split_buffer<OZTimeSnap, std::__1::allocator<OZTimeSnap>&>	1	0
Ozone	std::__1::vector<OZTimeSnap, std::__1::allocator<OZTimeSnap>>	1	0
Ozone	std::__1::__exception_guard_exceptions<std::__1::_AllocatorDestroyRangeReverse<std::__1::allocator<OZTimeSnap>, OZTimeSnap*>>	1	0
Ozone	OZTimeSnap* std::__1::__partition_with_equals_on_left[abi:nqe210106]<std::__1::_ClassicAlgPolicy, OZTimeSnap*, std::__1	1	0
Ozone	std::__1::pair<OZTimeSnap*, bool> std::__1::__partition_with_equals_on_right[abi:nqe210106]<std::__1::_ClassicAlgPolicy, OZTimeSnap*, std::__1	1	0
Ozone	std::__1::enable_if<is_move_constructible<OZTimeSnap>::value && is_move_assignable<OZTimeSnap>::value, void>::type std::__1	1	0
Ozone	std::__1::pair<std::__1::__wrap_iter<OZTimeSnap*>, std::__1::__wrap_iter<OZTimeSnap*>> std::__1::__unique[abi:nqe210106]<std::__1::_ClassicAlgPolicy, std::__1::__wrap_iter<OZTimeSnap*>, std::__1::__wrap_iter<OZTimeSnap*>, std::__1	1	0
Ozone	void std::__1::set<unsigned int, std::__1::less<unsigned int>, std::__1::allocator<unsigned int>>::insert[abi:nqe210106]<std::__1::__tree_const_iterator<unsigned int, std::__1	1	0
Ozone	void std::__1::map<unsigned int, OZLayerNodeWrapper*, std::__1::less<unsigned int>, std::__1::allocator<std::__1::pair<unsigned int const, OZLayerNodeWrapper*>>>::insert[abi:nqe210106]<std::__1::__map_const_iterator<std::__1::__tree_const_iterator<std::__1::__value_type<unsigned int, OZLayerNodeWrapper*>, std::__1::__tree_node<std::__1	1	0
Ozone	OZObject::all_iterator_t<OZObjectManipulator, true, true, pointValidator> OZScene	1	0
Ozone	OZObject::all_iterator_t<OZObjectManipulator, true, true, OZObject::defaultAllValidator> OZScene	1	0
Ozone	OZObject::iterator_t<OZAudioTrack, true, true, OZObject::defaultValidator> OZScene	1	0
Ozone	OZObject::iterator_t<OZAudioMasterTrack, true, true, OZObject::defaultValidator> OZScene	1	0
Ozone	OZObject::iterator_t<OZGroup, true, true, OZObject::defaultValidator> OZScene	1	0
Ozone	std::__1::set<OZTimeMarker, std::__1::less<OZTimeMarker>, std::__1::allocator<OZTimeMarker>>	1	0
Ozone	OZObject::iterator_t<OZElement, true, true, OZObject::defaultValidator> OZScene	1	0
Ozone	OZObject::iterator_t<OZSceneNode, false, true, ozSelectAllValidator> OZScene	1	0
Ozone	OZObject::iterator_t<OZImageElement, true, true, OZObject::defaultValidator> OZScene	1	0
Ozone	ozSelectAllValidator	1	0
Ozone	PCManagedColorTemplate<(PCColorSpaceCache::ID)0>	1	0
Ozone	void std::__1::set<OZImageElement*, std::__1::less<OZImageElement*>, std::__1::allocator<OZImageElement*>>::insert[abi:nqe210106]<std::__1::__tree_const_iterator<OZImageElement*, std::__1	1	0
Ozone	void std::__1::set<OZChannelObjectRoot*, std::__1::less<OZChannelObjectRoot*>, std::__1::allocator<OZChannelObjectRoot*>>::insert[abi:nqe210106]<std::__1::__tree_const_iterator<OZChannelObjectRoot*, std::__1	1	0
Ozone	PCTimeRange* std::__1::__partition_with_equals_on_left[abi:nqe210106]<std::__1::_ClassicAlgPolicy, PCTimeRange*, std::__1	1	0
Ozone	std::__1::pair<PCTimeRange*, bool> std::__1::__partition_with_equals_on_right[abi:nqe210106]<std::__1::_ClassicAlgPolicy, PCTimeRange*, std::__1	1	0
Ozone	PCMetric::IntervalScope<16>	1	0
Ozone	std::__1::map<unsigned int, OZTVRootDrag, std::__1::less<unsigned int>, std::__1::allocator<std::__1::pair<unsigned int const, OZTVRootDrag>>>	1	0
Ozone	void std::__1::map<OZTimelineKeyframeDrag, CMTime, std::__1::less<OZTimelineKeyframeDrag>, std::__1::allocator<std::__1::pair<OZTimelineKeyframeDrag const, CMTime>>>::insert[abi:nqe210106]<std::__1::__map_iterator<std::__1::__tree_iterator<std::__1::__value_type<OZTimelineKeyframeDrag, CMTime>, std::__1::__tree_node<std::__1	1	0
Ozone	void std::__1::__tree<std::__1::__value_type<OZChannelObjectRoot*, bool>, std::__1::__map_value_compare<OZChannelObjectRoot*, std::__1::pair<OZChannelObjectRoot* const, bool>, std::__1::less<OZChannelObjectRoot*>, true>, std::__1::allocator<std::__1::pair<OZChannelObjectRoot* const, bool>>>::__assign_multi<std::__1::__tree_const_iterator<std::__1::__value_type<OZChannelObjectRoot*, bool>, std::__1::__tree_node<std::__1	1	0
Ozone	std::__1::__tree_iterator<std::__1::__value_type<OZChannelObjectRoot*, bool>, std::__1::__tree_node<std::__1::__value_type<OZChannelObjectRoot*, bool>, void*>*, long> std::__1::__tree<std::__1::__value_type<OZChannelObjectRoot*, bool>, std::__1::__map_value_compare<OZChannelObjectRoot*, std::__1::pair<OZChannelObjectRoot* const, bool>, std::__1::less<OZChannelObjectRoot*>, true>, std::__1::allocator<std::__1::pair<OZChannelObjectRoot* const, bool>>>::__emplace_hint_multi<std::__1	1	0
Ozone	void std::__1::__tree<std::__1::__value_type<OZTimelineKeyframeDrag, CMTime>, std::__1::__map_value_compare<OZTimelineKeyframeDrag, std::__1::pair<OZTimelineKeyframeDrag const, CMTime>, std::__1::less<OZTimelineKeyframeDrag>, true>, std::__1::allocator<std::__1::pair<OZTimelineKeyframeDrag const, CMTime>>>::__assign_multi<std::__1::__tree_const_iterator<std::__1::__value_type<OZTimelineKeyframeDrag, CMTime>, std::__1::__tree_node<std::__1	1	0
Ozone	void std::__1::vector<OZSceneNodeFile*, std::__1::allocator<OZSceneNodeFile*>>	1	0
Ozone	std::__1::vector<OZSceneNodeFile*, std::__1::allocator<OZSceneNodeFile*>>	1	0
Ozone	std::__1::vector<OZChannelObjectRoot*, std::__1::allocator<OZChannelObjectRoot*>>	1	0
Ozone	std::__1::vector<void*, std::__1::allocator<void*>>	1	0
Ozone	std::__1::__tree<std::__1::__value_type<unsigned int, OZTVRootDrag>, std::__1::__map_value_compare<unsigned int, std::__1::pair<unsigned int const, OZTVRootDrag>, std::__1::less<unsigned int>, true>, std::__1::allocator<std::__1::pair<unsigned int const, OZTVRootDrag>>>	1	0
Ozone	std::__1::__tree<std::__1::__value_type<OZChannel*, std::__1::vector<void*, std::__1::allocator<void*>>>, std::__1::__map_value_compare<OZChannel*, std::__1::pair<OZChannel* const, std::__1::vector<void*, std::__1::allocator<void*>>>, std::__1::less<OZChannel*>, true>, std::__1::allocator<std::__1::pair<OZChannel* const, std::__1::vector<void*, std::__1::allocator<void*>>>>>	1	0
Ozone	std::__1::vector<std::__1::pair<OZChannelTimePair, CMTime>, std::__1::allocator<std::__1::pair<OZChannelTimePair, CMTime>>>	1	0
Ozone	void std::__1::__introsort<std::__1::_ClassicAlgPolicy, $_1&, std::__1	1	0
Ozone	bool std::__1::__sort3[abi:nqe210106]<std::__1::_ClassicAlgPolicy, $_1&, std::__1	1	0
Ozone	void std::__1::__sort4[abi:nqe210106]<std::__1::_ClassicAlgPolicy, $_1&, std::__1	1	0
Ozone	void std::__1::__sort5[abi:nqe210106]<std::__1::_ClassicAlgPolicy, $_1&, std::__1	1	0
Ozone	bool std::__1::__insertion_sort_incomplete[abi:nqe210106]<std::__1::_ClassicAlgPolicy, $_1&, std::__1	1	0
Ozone	void std::__1::__introsort<std::__1::_ClassicAlgPolicy, $_0&, std::__1	1	0
Ozone	bool std::__1::__sort3[abi:nqe210106]<std::__1::_ClassicAlgPolicy, $_0&, std::__1	1	0
Ozone	void std::__1::__sort4[abi:nqe210106]<std::__1::_ClassicAlgPolicy, $_0&, std::__1	1	0
Ozone	void std::__1::__sort5[abi:nqe210106]<std::__1::_ClassicAlgPolicy, $_0&, std::__1	1	0
Ozone	bool std::__1::__insertion_sort_incomplete[abi:nqe210106]<std::__1::_ClassicAlgPolicy, $_0&, std::__1	1	0
Ozone	std::__1::__tree_node_base<void*>*& std::__1::__tree<std::__1::__value_type<OZTimelineKeyframeDrag, CMTime>, std::__1::__map_value_compare<OZTimelineKeyframeDrag, std::__1::pair<OZTimelineKeyframeDrag const, CMTime>, std::__1::less<OZTimelineKeyframeDrag>, true>, std::__1::allocator<std::__1::pair<OZTimelineKeyframeDrag const, CMTime>>>	1	0
Ozone	void std::__1::vector<std::__1::pair<OZChannelObjectRoot*, OZChannelObjectRoot*>, std::__1::allocator<std::__1::pair<OZChannelObjectRoot*, OZChannelObjectRoot*>>>::__assign_with_size[abi:nqe210106]<std::__1::pair<OZChannelObjectRoot*, OZChannelObjectRoot*>*, std::__1	1	0
Ozone	std::__1::vector<std::__1::pair<OZChannelObjectRoot*, OZChannelObjectRoot*>, std::__1::allocator<std::__1::pair<OZChannelObjectRoot*, OZChannelObjectRoot*>>>	1	0
Ozone	std::__1::vector<OZImageElement*, std::__1::allocator<OZImageElement*>>	1	0
Ozone	void std::__1::__tree<OZTimeMarker, std::__1::less<OZTimeMarker>, std::__1::allocator<OZTimeMarker>>::__assign_multi<std::__1::__tree_const_iterator<OZTimeMarker, std::__1	1	0
Ozone	std::__1::__tree<OZTimeMarker, std::__1::less<OZTimeMarker>, std::__1::allocator<OZTimeMarker>>::_DetachedTreeCache	1	0
Ozone	std::__1::__tree_iterator<OZTimeMarker, std::__1::__tree_node<OZTimeMarker, void*>*, long> std::__1::__tree<OZTimeMarker, std::__1::less<OZTimeMarker>, std::__1::allocator<OZTimeMarker>>	1	0
Ozone	PCArray<LiMaterial::UniformValue, PCArray_Traits<LiMaterial::UniformValue>>	1	0
Ozone	void std::__1::__call_once_proxy[abi:nqe210106]<std::__1::tuple<(anonymous namespace)::OZChannelColorCorrection_Factory::getInstance()	1	0
Ozone	OZChannel	1	0
Ozone	std::__1::unique_ptr<std::__1::__tree_node<std::__1::__value_type<OZChannelObjectRoot*, OZRetimingUtil::RootInfo>, void*>, std::__1::__tree_node_destructor<std::__1::allocator<std::__1::__tree_node<std::__1::__value_type<OZChannelObjectRoot*, OZRetimingUtil::RootInfo>, void*>>>> std::__1::__tree<std::__1::__value_type<OZChannelObjectRoot*, OZRetimingUtil::RootInfo>, std::__1::__map_value_compare<OZChannelObjectRoot*, std::__1::pair<OZChannelObjectRoot* const, OZRetimingUtil::RootInfo>, std::__1::less<OZChannelObjectRoot*>, true>, std::__1::allocator<std::__1::pair<OZChannelObjectRoot* const, OZRetimingUtil::RootInfo>>>::__construct_node<std::__1::pair<OZChannelObjectRoot* const, OZRetimingUtil	1	0
Ozone	std::__1::unique_ptr<std::__1::__tree_node<std::__1::__value_type<OZChannelObjectRoot*, OZRetimingUtil::RootInfo>, void*>, std::__1::__tree_node_destructor<std::__1::allocator<std::__1::__tree_node<std::__1::__value_type<OZChannelObjectRoot*, OZRetimingUtil::RootInfo>, void*>>>>	1	0
Ozone	LightingStyleLight	1	0
Ozone	LightingStyleLight* std::__1::vector<LightingStyleLight, std::__1::allocator<LightingStyleLight>>	1	0
Ozone	std::__1::__split_buffer<LightingStyleLight, std::__1::allocator<LightingStyleLight>&>	1	0
Ozone	std::__1::__exception_guard_exceptions<std::__1::_AllocatorDestroyRangeReverse<std::__1::allocator<LightingStyleLight>, LightingStyleLight*>>	1	0
Ozone	std::__1::vector<OZLight*, std::__1::allocator<OZLight*>>	1	0
Ozone	FFPMRAutoTimer	1	0
Ozone	OZChannelShear	1	0
Ozone	OZChannelScale3D	1	0
Ozone	OZChannel3D	1	0
Ozone	std::__1::vector<OZTransformNode*, std::__1::allocator<OZTransformNode*>>	1	0
Ozone	std::__1::pair<std::__1::__bit_iterator<std::__1::vector<bool, std::__1::allocator<bool>>, false, 0>, std::__1::__bit_iterator<std::__1::vector<bool, std::__1::allocator<bool>>, false, 0>> std::__1::__copy_impl	1	0
Ozone	std::__1::pair<std::__1::__bit_iterator<std::__1::vector<bool, std::__1::allocator<bool>>, true, 0>, std::__1::__bit_iterator<std::__1::vector<bool, std::__1::allocator<bool>>, false, 0>> std::__1::__copy_impl	1	0
Ozone	OZCurveNodeParam	1	0
Ozone	std::__1::unique_ptr<(anonymous namespace)::FinishUniforms, std::__1::default_delete<(anonymous namespace)::FinishUniforms>>	1	0
Ozone	ProShade::Func_normalize	1	0
Ozone	ProShade::Error<PCIllegalArgumentException>	1	0
Ozone	PCPtr<ProShade::Node>& PCPtr<ProShade::Node>::operator=<ProShade	1	0
Ozone	ProShade	1	0
Ozone	ProShade::SamplerT<(ProShade::TexType)1, false, false, false>	1	0
Ozone	LiLightProperties	1	0
Ozone	ProShade::pow_traits	1	0
Ozone	PCPtr<LiMaterialLayerOperator>* std::__1::vector<PCPtr<LiMaterialLayerOperator>, std::__1::allocator<PCPtr<LiMaterialLayerOperator>>>	1	0
Ozone	std::__1::__split_buffer<PCPtr<LiImageSource>, std::__1::allocator<PCPtr<LiImageSource>>&>	1	0
Ozone	std::__1::__split_buffer<PCPtr<LiMaterialLayerOperator>, std::__1::allocator<PCPtr<LiMaterialLayerOperator>>&>	1	0
Ozone	std::__1::vector<PCPtr<LiMaterialLayerOperator>, std::__1::allocator<PCPtr<LiMaterialLayerOperator>>>	1	0
Ozone	std::__1::vector<SpecularMaterialLayerBase*, std::__1::allocator<SpecularMaterialLayerBase*>>	1	0
Ozone	std::__1::pair<std::__1::__tree_iterator<std::__1::pair<OZObjectSimulator*, CMTime>, std::__1::__tree_node<std::__1::pair<OZObjectSimulator*, CMTime>, void*>*, long>, bool> std::__1::__tree<std::__1::pair<OZObjectSimulator*, CMTime>, std::__1::less<std::__1::pair<OZObjectSimulator*, CMTime>>, std::__1::allocator<std::__1::pair<OZObjectSimulator*, CMTime>>>::__emplace_unique_impl<std::__1	1	0
Ozone	PCThreadSpecific<SimRecursionInfo>	1	0
Ozone	std::__1::pair<std::__1::__tree_iterator<std::__1::__value_type<CMTime, OZSimStateArray*>, std::__1::__tree_node<std::__1::__value_type<CMTime, OZSimStateArray*>, void*>*, long>, bool> std::__1::__tree<std::__1::__value_type<CMTime, OZSimStateArray*>, std::__1::__map_value_compare<CMTime, std::__1::pair<CMTime const, OZSimStateArray*>, std::__1::less<CMTime>, true>, std::__1::allocator<std::__1::pair<CMTime const, OZSimStateArray*>>>::__emplace_unique_key_args<CMTime, std::__1	1	0
Ozone	std::__1::pair<std::__1::__tree_iterator<std::__1::__value_type<CMTime, OZSimulationState*>, std::__1::__tree_node<std::__1::__value_type<CMTime, OZSimulationState*>, void*>*, long>, bool> std::__1::__tree<std::__1::__value_type<CMTime, OZSimulationState*>, std::__1::__map_value_compare<CMTime, std::__1::pair<CMTime const, OZSimulationState*>, std::__1::less<CMTime>, true>, std::__1::allocator<std::__1::pair<CMTime const, OZSimulationState*>>>::__emplace_unique_key_args<CMTime, std::__1	1	0
Ozone	std::__1::__list_iterator<OZSimulationBehavior*, void*> std::__1::list<OZSimulationBehavior*, std::__1::allocator<OZSimulationBehavior*>>::__insert_with_sentinel[abi:nqe210106]<std::__1::__list_const_iterator<OZSimulationBehavior*, void*>, std::__1	1	0
Ozone	PCNSRef<NSURL*>* std::__1::vector<PCNSRef<NSURL*>, std::__1::allocator<PCNSRef<NSURL*>>>	1	0
Ozone	std::__1::__split_buffer<PCNSRef<NSURL*>, std::__1::allocator<PCNSRef<NSURL*>>&>	1	0
Ozone	std::__1::__exception_guard_exceptions<std::__1::_AllocatorDestroyRangeReverse<std::__1::allocator<PCNSRef<NSURL*>>, PCNSRef<NSURL*>*>>	1	0
Ozone	std::__1::__list_iterator<unsigned int, void*> std::__1::list<unsigned int, std::__1::allocator<unsigned int>>::__insert_with_sentinel[abi:nqe210106]<std::__1::__list_const_iterator<unsigned int, void*>, std::__1	1	0
Ozone	std::__1::__tree_node_base<void*>*& std::__1::__tree<OZTimeMarker, std::__1::less<OZTimeMarker>, std::__1::allocator<OZTimeMarker>>	1	0
Ozone	PCMath	1	0
Ozone	std::__1::vector<OZSupplierData*, std::__1::allocator<OZSupplierData*>>	1	0
Ozone	OZObject::iterator_t<OZSceneNode, true, true, OZObject::defaultValidator> OZScene	1	0
Ozone	OZHUDComponent* OZUIComponents	1	0
Ozone	OZToolOptionsHUDComponent* OZUIComponents	1	0
Ozone	void std::__1::__call_once_proxy[abi:nqe210106]<std::__1::tuple<OZ3DExtrusionProperties_Factory::getInstance()	1	0
Ozone	LiMatrixStack	1	0
Ozone	PCMetric::IntervalScope<22>	1	0
Ozone	PCPtr<LiSceneObject>& PCPtr<LiSceneObject>	1	0
Ozone	PCCFRef<CGColorSpace*>	1	0
Ozone	ProGL::GL_Base	1	0
Ozone	LiAgent	1	0
Ozone	LiRenderParameters	1	0
Ozone	HGRef<HGNode> makeBalancedBlendTree_RetimeAddBlend2<std::__1	1	0
Ozone	std::__1::vector<OZChannelBase*, std::__1::allocator<OZChannelBase*>>* std::__1::vector<std::__1::vector<OZChannelBase*, std::__1::allocator<OZChannelBase*>>, std::__1::allocator<std::__1::vector<OZChannelBase*, std::__1::allocator<OZChannelBase*>>>>::__emplace_back_slow_path<std::__1::vector<OZChannelBase*, std::__1	1	0
Ozone	OZChannelSeed	1	0
Ozone	void std::__1::__call_once_proxy[abi:nqe210106]<std::__1::tuple<OZChannelSeed::createOZChannelSeedInfo()	1	0
Ozone	void std::__1::__call_once_proxy[abi:nqe210106]<std::__1::tuple<OZChannelSeed::createOZChannelSeedImpl()	1	0
Ozone	std::out_of_range	1	0
Ozone	OZTimelineBar	1	0
Ozone	void std::__1::__split_buffer<OZTimelineOverlap, std::__1::allocator<OZTimelineOverlap>&>	1	0
Ozone	void std::__1::map<CMTime, bool, std::__1::less<CMTime>, std::__1::allocator<std::__1::pair<CMTime const, bool>>>::insert[abi:nqe210106]<std::__1::__map_iterator<std::__1::__tree_iterator<std::__1::__value_type<CMTime, bool>, std::__1::__tree_node<std::__1	1	0
Ozone	std::__1::__wrap_iter<OZTimelineBarOverlay*> std::__1::vector<OZTimelineBarOverlay, std::__1::allocator<OZTimelineBarOverlay>>::__insert_with_size[abi:nqe210106]<std::__1::__wrap_iter<OZTimelineBarOverlay*>, std::__1	1	0
Ozone	std::__1::__tree_node_base<void*>*& std::__1::__tree<CMTime, std::__1::less<CMTime>, std::__1::allocator<CMTime>>	1	0
Ozone	std::__1::__tree_node_base<void*>*& std::__1::__tree<std::__1::__value_type<CMTime, bool>, std::__1::__map_value_compare<CMTime, std::__1::pair<CMTime const, bool>, std::__1::less<CMTime>, true>, std::__1::allocator<std::__1::pair<CMTime const, bool>>>	1	0
Ozone	std::__1::pair<std::__1::__wrap_iter<PCTimeRange*>, std::__1::__wrap_iter<PCTimeRange*>> std::__1::__unique[abi:nqe210106]<std::__1::_ClassicAlgPolicy, std::__1::__wrap_iter<PCTimeRange*>, std::__1::__wrap_iter<PCTimeRange*>, std::__1	1	0
Ozone	void std::__1::vector<PCTimeRange, std::__1::allocator<PCTimeRange>>	1	0
Ozone	std::__1::__wrap_iter<OZTimelineBar*> std::__1::vector<OZTimelineBar, std::__1::allocator<OZTimelineBar>>::__insert_with_size[abi:nqe210106]<std::__1::__wrap_iter<OZTimelineBar*>, std::__1	1	0
Ozone	void std::__1::vector<OZTimelineBar, std::__1::allocator<OZTimelineBar>>::__insert_assign_n_unchecked[abi:nqe210106]<std::__1	1	0
Ozone	std::__1::__split_buffer<OZTimelineBar, std::__1::allocator<OZTimelineBar>&>	1	0
Ozone	OZTimelineBar* std::__1::__uninitialized_allocator_copy_impl[abi:nqe210106]<std::__1	1	0
Ozone	std::__1::__exception_guard_exceptions<std::__1::_AllocatorDestroyRangeReverse<std::__1::allocator<OZTimelineBar>, OZTimelineBar*>>	1	0
Ozone	OZTimelineBar* std::__1::vector<OZTimelineBar, std::__1::allocator<OZTimelineBar>>	1	0
Ozone	void std::__1::vector<OZTimelineBar, std::__1::allocator<OZTimelineBar>>	1	0
Ozone	void std::__1::vector<OZTimelineOverlap, std::__1::allocator<OZTimelineOverlap>>	1	0
Ozone	void std::__1::__split_buffer<OZTimelineBar, std::__1::allocator<OZTimelineBar>&>	1	0
Ozone	std::__1::pair<std::__1::__tree_iterator<std::__1::__value_type<CMTime, bool>, std::__1::__tree_node<std::__1::__value_type<CMTime, bool>, void*>*, long>, bool> std::__1::__tree<std::__1::__value_type<CMTime, bool>, std::__1::__map_value_compare<CMTime, std::__1::pair<CMTime const, bool>, std::__1::less<CMTime>, true>, std::__1::allocator<std::__1::pair<CMTime const, bool>>>::__emplace_unique_key_args<CMTime, std::__1::piecewise_construct_t const&, std::__1::tuple<CMTime&&>, std::__1	1	0
Ozone	std::__1::pair<std::__1::__tree_iterator<std::__1::__value_type<OZTimelineImageTag, OZTimelineImage>, std::__1::__tree_node<std::__1::__value_type<OZTimelineImageTag, OZTimelineImage>, void*>*, long>, bool> std::__1::__tree<std::__1::__value_type<OZTimelineImageTag, OZTimelineImage>, std::__1::__map_value_compare<OZTimelineImageTag, std::__1::pair<OZTimelineImageTag const, OZTimelineImage>, std::__1::less<OZTimelineImageTag>, true>, std::__1::allocator<std::__1::pair<OZTimelineImageTag const, OZTimelineImage>>>::__emplace_unique_key_args<OZTimelineImageTag, std::__1	1	0
Ozone	std::__1::pair<std::__1::__tree_iterator<std::__1::__value_type<OZTimelineAudioImageTag, OZTimelineAudioImage>, std::__1::__tree_node<std::__1::__value_type<OZTimelineAudioImageTag, OZTimelineAudioImage>, void*>*, long>, bool> std::__1::__tree<std::__1::__value_type<OZTimelineAudioImageTag, OZTimelineAudioImage>, std::__1::__map_value_compare<OZTimelineAudioImageTag, std::__1::pair<OZTimelineAudioImageTag const, OZTimelineAudioImage>, std::__1::less<OZTimelineAudioImageTag>, true>, std::__1::allocator<std::__1::pair<OZTimelineAudioImageTag const, OZTimelineAudioImage>>>::__emplace_unique_key_args<OZTimelineAudioImageTag, std::__1::piecewise_construct_t const&, std::__1::tuple<OZTimelineAudioImageTag&&>, std::__1	1	0
Ozone	OZOpticalFlow::Private::MotionEstimator::FrameRec	1	0
Ozone	OZOpticalFlow::Private::VectorFieldInfo	1	0
Ozone	std::__1::pair<unsigned long const, std::__1::shared_ptr<OZFxPlugSharedLock>>	1	0
Ozone	std::__1::__tree<std::__1::__value_type<std::__1::basic_string<char, std::__1::char_traits<char>, std::__1::allocator<char>>, OZFxXPCConnectionMap::FxXPCConnection*>, std::__1::__map_value_compare<std::__1::basic_string<char, std::__1::char_traits<char>, std::__1::allocator<char>>, std::__1::pair<std::__1::basic_string<char, std::__1::char_traits<char>, std::__1::allocator<char>> const, OZFxXPCConnectionMap::FxXPCConnection*>, std::__1::less<std::__1::basic_string<char, std::__1::char_traits<char>, std::__1::allocator<char>>>, true>, std::__1::allocator<std::__1::pair<std::__1::basic_string<char, std::__1::char_traits<char>, std::__1::allocator<char>> const, OZFxXPCConnectionMap::FxXPCConnection*>>>	1	0
Ozone	std::__1::pair<std::__1::__tree_iterator<std::__1::__value_type<std::__1::basic_string<char, std::__1::char_traits<char>, std::__1::allocator<char>>, OZFxXPCConnectionMap::FxXPCConnection*>, std::__1::__tree_node<std::__1::__value_type<std::__1::basic_string<char, std::__1::char_traits<char>, std::__1::allocator<char>>, OZFxXPCConnectionMap::FxXPCConnection*>, void*>*, long>, bool> std::__1::__tree<std::__1::__value_type<std::__1::basic_string<char, std::__1::char_traits<char>, std::__1::allocator<char>>, OZFxXPCConnectionMap::FxXPCConnection*>, std::__1::__map_value_compare<std::__1::basic_string<char, std::__1::char_traits<char>, std::__1::allocator<char>>, std::__1::pair<std::__1::basic_string<char, std::__1::char_traits<char>, std::__1::allocator<char>> const, OZFxXPCConnectionMap::FxXPCConnection*>, std::__1::less<std::__1::basic_string<char, std::__1::char_traits<char>, std::__1::allocator<char>>>, true>, std::__1::allocator<std::__1::pair<std::__1::basic_string<char, std::__1::char_traits<char>, std::__1::allocator<char>> const, OZFxXPCConnectionMap::FxXPCConnection*>>>::__emplace_unique_key_args<std::__1::basic_string<char, std::__1::char_traits<char>, std::__1::allocator<char>>, std::__1::piecewise_construct_t const&, std::__1::tuple<std::__1::basic_string<char, std::__1::char_traits<char>, std::__1::allocator<char>> const&>, std::__1	1	0
Ozone	std::__1::unique_ptr<std::__1::__tree_node<std::__1::__value_type<std::__1::basic_string<char, std::__1::char_traits<char>, std::__1::allocator<char>>, OZFxXPCConnectionMap::FxXPCConnection*>, void*>, std::__1::__tree_node_destructor<std::__1::allocator<std::__1::__tree_node<std::__1::__value_type<std::__1::basic_string<char, std::__1::char_traits<char>, std::__1::allocator<char>>, OZFxXPCConnectionMap::FxXPCConnection*>, void*>>>>	1	0
Ozone	std::__1::__tree_iterator<std::__1::__value_type<std::__1::basic_string<char, std::__1::char_traits<char>, std::__1::allocator<char>>, OZFxXPCConnectionMap::FxXPCConnection*>, std::__1::__tree_node<std::__1::__value_type<std::__1::basic_string<char, std::__1::char_traits<char>, std::__1::allocator<char>>, OZFxXPCConnectionMap::FxXPCConnection*>, void*>*, long> std::__1::__tree<std::__1::__value_type<std::__1::basic_string<char, std::__1::char_traits<char>, std::__1::allocator<char>>, OZFxXPCConnectionMap::FxXPCConnection*>, std::__1::__map_value_compare<std::__1::basic_string<char, std::__1::char_traits<char>, std::__1::allocator<char>>, std::__1::pair<std::__1::basic_string<char, std::__1::char_traits<char>, std::__1::allocator<char>> const, OZFxXPCConnectionMap::FxXPCConnection*>, std::__1::less<std::__1::basic_string<char, std::__1::char_traits<char>, std::__1::allocator<char>>>, true>, std::__1::allocator<std::__1::pair<std::__1::basic_string<char, std::__1::char_traits<char>, std::__1::allocator<char>> const, OZFxXPCConnectionMap::FxXPCConnection*>>>::find<std::__1::basic_string<char, std::__1::char_traits<char>, std::__1	1	0
Ozone	std::__1::__exception_guard_exceptions<std::__1::vector<OZSimStateElement, std::__1::allocator<OZSimStateElement>>::__destroy_vector>	1	0
Ozone	std::__1::__split_buffer<OZSimStateElement, std::__1::allocator<OZSimStateElement>&>	1	0
Ozone	OZShapeRenderState	1	0
Ozone	void OZUIComponents	1	0
Ozone	OZObject::iterator_t<OZTransformNode, true, true, OZObject::defaultValidator> OZScene	1	0
Ozone	std::__1::vector<OZElement*, std::__1::allocator<OZElement*>>	1	0
Ozone	std::__1::unordered_map<_opaque_pthread_t*, bool, std::__1::hash<_opaque_pthread_t*>, std::__1::equal_to<_opaque_pthread_t*>, std::__1::allocator<std::__1::pair<_opaque_pthread_t* const, bool>>>	1	0
Ozone	OZFxFilter::FilterBounds	1	0
Ozone	std::__1::tuple<HGRef<HGCVBitmap>&, HGRef<HGGLTexture>&>& std::__1::tuple<HGRef<HGCVBitmap>&, HGRef<HGGLTexture>&>	1	0
Ozone	std::__1::pair<HGRef<HGCVBitmap>, HGRef<HGGLTexture>>	1	0
Ozone	PCPtr<OZLiFilter>& PCPtr<OZLiFilter>	1	0
Ozone	PCLockSentry<PCRecursiveMutex>	1	0
Ozone	std::__1::pair<std::__1::__hash_iterator<std::__1::__hash_node<std::__1::__hash_value_type<_opaque_pthread_t*, bool>, void*>*>, bool> std::__1::__hash_table<std::__1::__hash_value_type<_opaque_pthread_t*, bool>, std::__1::__unordered_map_hasher<_opaque_pthread_t*, std::__1::pair<_opaque_pthread_t* const, bool>, std::__1::hash<_opaque_pthread_t*>, std::__1::equal_to<_opaque_pthread_t*>, true>, std::__1::__unordered_map_equal<_opaque_pthread_t*, std::__1::pair<_opaque_pthread_t* const, bool>, std::__1::equal_to<_opaque_pthread_t*>, std::__1::hash<_opaque_pthread_t*>, true>, std::__1::allocator<std::__1::pair<_opaque_pthread_t* const, bool>>>::__emplace_unique_key_args<_opaque_pthread_t*, std::__1::piecewise_construct_t const&, std::__1::tuple<_opaque_pthread_t* const&>, std::__1	1	0
Ozone	std::__1::__hash_iterator<std::__1::__hash_node<std::__1::__hash_value_type<_opaque_pthread_t*, bool>, void*>*> std::__1::__hash_table<std::__1::__hash_value_type<_opaque_pthread_t*, bool>, std::__1::__unordered_map_hasher<_opaque_pthread_t*, std::__1::pair<_opaque_pthread_t* const, bool>, std::__1::hash<_opaque_pthread_t*>, std::__1::equal_to<_opaque_pthread_t*>, true>, std::__1::__unordered_map_equal<_opaque_pthread_t*, std::__1::pair<_opaque_pthread_t* const, bool>, std::__1::equal_to<_opaque_pthread_t*>, std::__1::hash<_opaque_pthread_t*>, true>, std::__1::allocator<std::__1::pair<_opaque_pthread_t* const, bool>>>	1	0
Ozone	std::__1::map<unsigned int, ParameterTransactionHelpers, std::__1::less<unsigned int>, std::__1::allocator<std::__1::pair<unsigned int const, ParameterTransactionHelpers>>>	1	0
Ozone	OZFxPlugColorTransformInfo	1	0
Ozone	std::__1::unique_ptr<LiAgent, std::__1::default_delete<LiAgent>>	1	0
Ozone	std::__1::vector<OZChannelBlindData*, std::__1::allocator<OZChannelBlindData*>>	1	0
Ozone	std::__1::vector<OZChanElementOrFootageRef*, std::__1::allocator<OZChanElementOrFootageRef*>>	1	0
Ozone	std::__1::__wrap_iter<OZChanElementOrFootageRef**> std::__1::vector<OZChanElementOrFootageRef*, std::__1::allocator<OZChanElementOrFootageRef*>>::__insert_with_size[abi:nqe210106]<std::__1::__wrap_iter<OZChanElementOrFootageRef**>, std::__1	1	0
Ozone	OZObject::iterator_t<OZLight, false, true, OZObject::defaultValidator> OZSceneNode	1	0
Ozone	OZObject::iterator_t<OZ3DEngineSceneFile, false, true, OZObject::defaultValidator> OZScene	1	0
Ozone	void PCQuat<double>	1	0
Ozone	std::__1::pair<std::__1::__tree_iterator<std::__1::__value_type<PCString, std::__1::pair<CMTime, CMTime>>, std::__1::__tree_node<std::__1::__value_type<PCString, std::__1::pair<CMTime, CMTime>>, void*>*, long>, bool> std::__1::__tree<std::__1::__value_type<PCString, std::__1::pair<CMTime, CMTime>>, std::__1::__map_value_compare<PCString, std::__1::pair<PCString const, std::__1::pair<CMTime, CMTime>>, std::__1::less<PCString>, true>, std::__1::allocator<std::__1::pair<PCString const, std::__1::pair<CMTime, CMTime>>>>::__emplace_unique_key_args<PCString, std::__1::piecewise_construct_t const&, std::__1::tuple<PCString const&>, std::__1	1	0
Ozone	OZObject::iterator_t<OZElement, false, true, ozSGOnodeValidator> OZScene	1	0
Ozone	ozSGOnodeValidator	1	0
Ozone	std::__1::__tree_node_base<void*>*& std::__1::__tree<OZSnap, std::__1::less<OZSnap>, std::__1::allocator<OZSnap>>	1	0
Ozone	std::__1::vector<std::__1::pair<PCVector2<double>, PCVector2<double>>, std::__1::allocator<std::__1::pair<PCVector2<double>, PCVector2<double>>>>	1	0
Ozone	OZObject::iterator_t<OZRigWidget, false, true, OZObject::defaultValidator> OZScene	1	0
Ozone	std::__1::__tree<std::__1::__value_type<unsigned int, HGRef<HGNode>>, std::__1::__map_value_compare<unsigned int, std::__1::pair<unsigned int const, HGRef<HGNode>>, std::__1::less<unsigned int>, true>, std::__1::allocator<std::__1::pair<unsigned int const, HGRef<HGNode>>>>	1	0
Ozone	std::__1::unique_ptr<std::__1::__tree_node<std::__1::__value_type<unsigned int, HGRef<HGNode>>, void*>, std::__1::__tree_node_destructor<std::__1::allocator<std::__1::__tree_node<std::__1::__value_type<unsigned int, HGRef<HGNode>>, void*>>>>	1	0
Ozone	std::__1::pair<std::__1::__tree_iterator<std::__1::__value_type<unsigned int, HGRef<HGNode>>, std::__1::__tree_node<std::__1::__value_type<unsigned int, HGRef<HGNode>>, void*>*, long>, bool> std::__1::__tree<std::__1::__value_type<unsigned int, HGRef<HGNode>>, std::__1::__map_value_compare<unsigned int, std::__1::pair<unsigned int const, HGRef<HGNode>>, std::__1::less<unsigned int>, true>, std::__1::allocator<std::__1::pair<unsigned int const, HGRef<HGNode>>>>::__emplace_hint_unique_key_args<unsigned int, std::__1	1	0
Ozone	void std::__1::map<unsigned int, unsigned int, std::__1::less<unsigned int>, std::__1::allocator<std::__1::pair<unsigned int const, unsigned int>>>::insert[abi:nqe210106]<std::__1::__map_const_iterator<std::__1::__tree_const_iterator<std::__1::__value_type<unsigned int, unsigned int>, std::__1::__tree_node<std::__1	1	0
Ozone	std::__1::__tree_node_base<void*>*& std::__1::__tree<std::__1::__value_type<unsigned int, CMTime>, std::__1::__map_value_compare<unsigned int, std::__1::pair<unsigned int const, CMTime>, std::__1::less<unsigned int>, true>, std::__1::allocator<std::__1::pair<unsigned int const, CMTime>>>	1	0
Ozone	std::__1::__tree_node_base<void*>*& std::__1::__tree<std::__1::__value_type<unsigned int, unsigned int>, std::__1::__map_value_compare<unsigned int, std::__1::pair<unsigned int const, unsigned int>, std::__1::less<unsigned int>, true>, std::__1::allocator<std::__1::pair<unsigned int const, unsigned int>>>	1	0
Ozone	void std::__1::map<unsigned int, PCRect<double>, std::__1::less<unsigned int>, std::__1::allocator<std::__1::pair<unsigned int const, PCRect<double>>>>::insert[abi:nqe210106]<std::__1::__map_const_iterator<std::__1::__tree_const_iterator<std::__1::__value_type<unsigned int, PCRect<double>>, std::__1::__tree_node<std::__1	1	0
Ozone	void std::__1::map<unsigned int, PCMatrix44Tmpl<double>, std::__1::less<unsigned int>, std::__1::allocator<std::__1::pair<unsigned int const, PCMatrix44Tmpl<double>>>>::insert[abi:nqe210106]<std::__1::__map_const_iterator<std::__1::__tree_const_iterator<std::__1::__value_type<unsigned int, PCMatrix44Tmpl<double>>, std::__1::__tree_node<std::__1	1	0
Ozone	std::__1::__tree<OZOpticalFlow::Private::MotionEstimator::FrameRec, OZOpticalFlow::Private::MotionEstimator::FrameOrder, std::__1::allocator<OZOpticalFlow::Private::MotionEstimator::FrameRec>>	1	0
Ozone	std::__1::__tree<std::__1::__value_type<OZOverlay*, std::__1::shared_ptr<std::__1::set<OZSnap, std::__1::less<OZSnap>, std::__1::allocator<OZSnap>>>>, std::__1::__map_value_compare<OZOverlay*, std::__1::pair<OZOverlay* const, std::__1::shared_ptr<std::__1::set<OZSnap, std::__1::less<OZSnap>, std::__1::allocator<OZSnap>>>>, std::__1::less<OZOverlay*>, true>, std::__1::allocator<std::__1::pair<OZOverlay* const, std::__1::shared_ptr<std::__1::set<OZSnap, std::__1::less<OZSnap>, std::__1::allocator<OZSnap>>>>>>	1	0
Ozone	std::__1::__tree<std::__1::__value_type<unsigned long long, std::__1::shared_ptr<PCCache<PCHash128, OZMetalTextureCache::CacheData, PCSpinLock, std::__1::less<PCHash128>>>>, std::__1::__map_value_compare<unsigned long long, std::__1::pair<unsigned long long const, std::__1::shared_ptr<PCCache<PCHash128, OZMetalTextureCache::CacheData, PCSpinLock, std::__1::less<PCHash128>>>>, std::__1::less<unsigned long long>, true>, std::__1::allocator<std::__1::pair<unsigned long long const, std::__1::shared_ptr<PCCache<PCHash128, OZMetalTextureCache::CacheData, PCSpinLock, std::__1::less<PCHash128>>>>>>	1	0
Ozone	std::__1::unique_ptr<std::__1::set<OZSnap, std::__1::less<OZSnap>, std::__1::allocator<OZSnap>>, std::__1::default_delete<std::__1::set<OZSnap, std::__1::less<OZSnap>, std::__1::allocator<OZSnap>>>>	1	0
Ozone	std::__1::vector<OZOverlay*, std::__1::allocator<OZOverlay*>>	1	0
Ozone	std::__1::unique_ptr<OZFxPlugRenderContextSentinel, std::__1::default_delete<OZFxPlugRenderContextSentinel>>	1	0
Ozone	PCPtr<LiImageSource>	1	0
Ozone	OZObject::iterator_t<OZFootage, false, true, OZObject::defaultValidator> OZSceneNode	1	0
Ozone	PCThreadSpecific<HGRenderer*>	1	0
Ozone	operator<<(std::__1::basic_ostream<char, std::__1	1	0
Ozone	std::__1::vector<OZQuadraticPath*, std::__1::allocator<OZQuadraticPath*>>	1	0
Ozone	PCDynamicArray<PTTriangle>	1	0
Ozone	std::__1::vector<PTTriangle*, std::__1::allocator<PTTriangle*>>	1	0
Ozone	OZChannelAspectRatio	1	0
Ozone	void std::__1::__call_once_proxy[abi:nqe210106]<std::__1::tuple<OZChannelAspectRatio::createOZChannelAspectRatioInfo()	1	0
Ozone	void std::__1::__call_once_proxy[abi:nqe210106]<std::__1::tuple<OZChannelAspectRatio::createOZChannelAspectRatioImpl()	1	0
Ozone	OZObject::iterator_t<OZSceneNodeFile, true, true, OZObject::defaultValidator> OZScene	1	0
Ozone	OZObject::iterator_t<OZSegmentationMask, false, true, OZObject::defaultValidator> OZScene	1	0
Ozone	OZObject::iterator_t<OZImageMask, false, true, OZObject::defaultValidator> OZScene	1	0
Ozone	OZFootagePathInfo* std::__1::vector<OZFootagePathInfo, std::__1::allocator<OZFootagePathInfo>>	1	0
Ozone	std::__1::__split_buffer<OZFootagePathInfo, std::__1::allocator<OZFootagePathInfo>&>	1	0
Ozone	std::__1::pair<std::__1::__tree_iterator<std::__1::__value_type<PCString, OZScene::OZTemporaryFileInfo>, std::__1::__tree_node<std::__1::__value_type<PCString, OZScene::OZTemporaryFileInfo>, void*>*, long>, bool> std::__1::__tree<std::__1::__value_type<PCString, OZScene::OZTemporaryFileInfo>, std::__1::__map_value_compare<PCString, std::__1::pair<PCString const, OZScene::OZTemporaryFileInfo>, std::__1::less<PCString>, true>, std::__1::allocator<std::__1::pair<PCString const, OZScene::OZTemporaryFileInfo>>>::__emplace_unique_key_args<PCString, PCString const&, OZScene	1	0
Ozone	std::__1::unique_ptr<std::__1::__tree_node<std::__1::__value_type<PCString, OZScene::OZTemporaryFileInfo>, void*>, std::__1::__tree_node_destructor<std::__1::allocator<std::__1::__tree_node<std::__1::__value_type<PCString, OZScene::OZTemporaryFileInfo>, void*>>>>	1	0
Ozone	std::__1::vector<OZImageMask*, std::__1::allocator<OZImageMask*>>	1	0
Ozone	std::__1::vector<OZFootage*, std::__1::allocator<OZFootage*>>	1	0
Ozone	std::__1::__wrap_iter<OZImageMask**> std::__1::vector<OZImageMask*, std::__1::allocator<OZImageMask*>>::__insert_with_size[abi:nqe210106]<std::__1::__wrap_iter<OZImageMask**>, std::__1	1	0
Ozone	void std::__1::set<CMTime, std::__1::less<CMTime>, std::__1::allocator<CMTime>>::insert[abi:nqe210106]<std::__1::__tree_const_iterator<CMTime, std::__1	1	0
Ozone	std::__1::unique_ptr<PCURL, std::__1::default_delete<PCURL>>	1	0
Ozone	std::__1::vector<OZSegmentationUserFrame, std::__1::allocator<OZSegmentationUserFrame>>	1	0
Ozone	std::__1::pair<HGRef<HGNode>, int>* std::__1::vector<std::__1::pair<HGRef<HGNode>, int>, std::__1::allocator<std::__1::pair<HGRef<HGNode>, int>>>::__emplace_back_slow_path<std::__1	1	0
Ozone	std::__1::__split_buffer<std::__1::pair<HGRef<HGNode>, int>, std::__1::allocator<std::__1::pair<HGRef<HGNode>, int>>&>	1	0
Ozone	std::__1::__exception_guard_exceptions<std::__1::_AllocatorDestroyRangeReverse<std::__1::allocator<std::__1::pair<HGRef<HGNode>, int>>, std::__1::pair<HGRef<HGNode>, int>*>>	1	0
Ozone	std::__1::__tree<std::__1::__value_type<(anonymous namespace)::BitmapKey, (anonymous namespace)::SubPool>, std::__1::__map_value_compare<(anonymous namespace)::BitmapKey, std::__1::pair<(anonymous namespace)::BitmapKey const, (anonymous namespace)::SubPool>, std::__1::less<(anonymous namespace)::BitmapKey>, true>, std::__1::allocator<std::__1::pair<(anonymous namespace)::BitmapKey const, (anonymous namespace)::SubPool>>>	1	0
Ozone	std::__1::vector<PCBitmap*, std::__1::allocator<PCBitmap*>>	1	0
Ozone	void std::__1::__call_once_proxy[abi:nqe210106]<std::__1::tuple<OZChannelImageWithOptions::OZChannelImageWithOptions_frameImpl::getInstance()	1	0
Ozone	void std::__1::__call_once_proxy[abi:nqe210106]<std::__1::tuple<OZChannelImageWithOptions::OZChannelImageWithOptions_frameInfo::getInstance()	1	0
Ozone	PCUUID& std::__1::vector<PCUUID, std::__1::allocator<PCUUID>>	1	0
Ozone	std::__1::vector<PCUUID, std::__1::allocator<PCUUID>>	1	0
Ozone	std::__1::pair<std::__1::__tree_iterator<std::__1::__value_type<char const*, void*>, std::__1::__tree_node<std::__1::__value_type<char const*, void*>, void*>*, long>, bool> std::__1::__tree<std::__1::__value_type<char const*, void*>, std::__1::__map_value_compare<char const*, std::__1::pair<char const* const, void*>, OZRenderParams::LessThanStringFunctor, true>, std::__1::allocator<std::__1::pair<char const* const, void*>>>::__emplace_unique_key_args<char const*, std::__1::piecewise_construct_t const&, std::__1::tuple<char const* const&>, std::__1	1	0
Ozone	std::__1::__tree<OZLockingGroup::LockEntry, OZLockingGroup::LockEntryCompare, std::__1::allocator<OZLockingGroup::LockEntry>>	1	0
Ozone	std::__1::__tree<std::__1::__value_type<unsigned int, FFStreamVideo*>, std::__1::__map_value_compare<unsigned int, std::__1::pair<unsigned int const, FFStreamVideo*>, std::__1::less<unsigned int>, true>, std::__1::allocator<std::__1::pair<unsigned int const, FFStreamVideo*>>>	1	0
Ozone	std::__1::__tree<std::__1::__value_type<unsigned long, SCNNode*>, std::__1::__map_value_compare<unsigned long, std::__1::pair<unsigned long const, SCNNode*>, std::__1::less<unsigned long>, true>, std::__1::allocator<std::__1::pair<unsigned long const, SCNNode*>>>	1	0
Ozone	void std::__1::vector<double, std::__1::allocator<double>>	1	0
Ozone	OZLockingGroup::LockEntryCompare	1	0
Ozone	OZMaterialFresnelIF	1	0
Ozone	OZObject::iterator_t<OZFxGenerator, false, true, OZObject::defaultValidator> OZScene	1	0
Ozone	OZObject::iterator_t<OZImageGenerator, false, true, OZObject::defaultValidator> OZScene	1	0
Ozone	OZOpticalFlow::Private::AnalysisRequest	1	0
Ozone	std::__1::pair<PCHash128 const, LiTextureStoreToken>	1	0
Ozone	LiCubeTextureInfo	1	0
Ozone	LiGradientEnvCache::value_t	1	0
Ozone	std::__1::vector<OZMaterialLayerBase*, std::__1::allocator<OZMaterialLayerBase*>>	1	0
Ozone	PCThreadSpecific<OZDocument>	1	0
Ozone	std::__1::unique_ptr<OZLayerDistributor, std::__1::default_delete<OZLayerDistributor>>	1	0
Ozone	PCPtr<OZOrthoCamera>	1	0
Ozone	std::__1::vector<OZViewCameraType, std::__1::allocator<OZViewCameraType>>	1	0
Ozone	void std::__1::set<OZGuide, std::__1::less<OZGuide>, std::__1::allocator<OZGuide>>::insert[abi:nqe210106]<std::__1::__tree_const_iterator<OZGuide, std::__1	1	0
Ozone	std::__1::__tree_node_base<void*>*& std::__1::__tree<PCTimeRange, std::__1::less<PCTimeRange>, std::__1::allocator<PCTimeRange>>	1	0
Ozone	std::__1::pair<std::__1::__tree_iterator<std::__1::__value_type<CMTime, std::__1::pair<PCHash128, PCNSRef<objc_object*>>>, std::__1::__tree_node<std::__1::__value_type<CMTime, std::__1::pair<PCHash128, PCNSRef<objc_object*>>>, void*>*, long>, bool> std::__1::__tree<std::__1::__value_type<CMTime, std::__1::pair<PCHash128, PCNSRef<objc_object*>>>, std::__1::__map_value_compare<CMTime, std::__1::pair<CMTime const, std::__1::pair<PCHash128, PCNSRef<objc_object*>>>, std::__1::less<CMTime>, true>, std::__1::allocator<std::__1::pair<CMTime const, std::__1::pair<PCHash128, PCNSRef<objc_object*>>>>>::__emplace_unique_key_args<CMTime, std::__1::piecewise_construct_t const&, std::__1::tuple<CMTime const&>, std::__1	1	0
Ozone	std::__1::unique_ptr<std::__1::__tree_node<std::__1::__value_type<CMTime, std::__1::pair<PCHash128, PCNSRef<objc_object*>>>, void*>, std::__1::__tree_node_destructor<std::__1::allocator<std::__1::__tree_node<std::__1::__value_type<CMTime, std::__1::pair<PCHash128, PCNSRef<objc_object*>>>, void*>>>>	1	0
Ozone	std::__1::__tree<std::__1::__value_type<CMTime, std::__1::pair<PCHash128, PCNSRef<objc_object*>>>, std::__1::__map_value_compare<CMTime, std::__1::pair<CMTime const, std::__1::pair<PCHash128, PCNSRef<objc_object*>>>, std::__1::less<CMTime>, true>, std::__1::allocator<std::__1::pair<CMTime const, std::__1::pair<PCHash128, PCNSRef<objc_object*>>>>>	1	0
Ozone	HGSynchronizer	1	0
Ozone	std::__1::__bit_iterator<std::__1::vector<bool, std::__1::allocator<bool>>, false, 0> std::__1::__find[abi:nqe210106]<std::__1::vector<bool, std::__1::allocator<bool>>, false, bool, std::__1	1	0
Ozone	PMCinematicDescription	1	0
Ozone	OZOnScreenControlComponent* OZUIComponents	1	0
Ozone	PCURL* std::__1::vector<PCURL, std::__1::allocator<PCURL>>	1	0
Ozone	std::__1::__split_buffer<PCURL, std::__1::allocator<PCURL>&>	1	0
Ozone	OZDFRIdentifierCacheDestructor	1	0
Ozone	Li3DEngineScene	1	0
Ozone	SceneInfo	1	0
Ozone	std::__1::__tree<std::__1::__value_type<unsigned long long, PCNSRef<SCNRenderer*>>, std::__1::__map_value_compare<unsigned long long, std::__1::pair<unsigned long long const, PCNSRef<SCNRenderer*>>, std::__1::less<unsigned long long>, true>, std::__1::allocator<std::__1::pair<unsigned long long const, PCNSRef<SCNRenderer*>>>>	1	0
Ozone	std::__1::vector<TopSortElement, std::__1::allocator<TopSortElement>>	1	0
Ozone	void std::__1::__introsort<std::__1::_ClassicAlgPolicy, buildHierarchy(NSArray<NSString*>*, std::__1::vector<simd_float4x4, std::__1::allocator<simd_float4x4>> const&, std::__1::vector<simd_float4x4, std::__1::allocator<simd_float4x4>>&)	1	0
Ozone	void std::__1::__sort5[abi:nqe210106]<std::__1::_ClassicAlgPolicy, buildHierarchy(NSArray<NSString*>*, std::__1::vector<simd_float4x4, std::__1::allocator<simd_float4x4>> const&, std::__1::vector<simd_float4x4, std::__1::allocator<simd_float4x4>>&)	1	0
Ozone	bool std::__1::__insertion_sort_incomplete[abi:nqe210106]<std::__1::_ClassicAlgPolicy, buildHierarchy(NSArray<NSString*>*, std::__1::vector<simd_float4x4, std::__1::allocator<simd_float4x4>> const&, std::__1::vector<simd_float4x4, std::__1::allocator<simd_float4x4>>&)	1	0
Ozone	std::__1::vector<float vector[4], std::__1::allocator<float vector[4]>>	1	0
Ozone	void std::__1::vector<PCURL, std::__1::allocator<PCURL>>	1	0
Ozone	std::__1::__exception_guard_exceptions<std::__1::vector<PCURL, std::__1::allocator<PCURL>>::__destroy_vector>	1	0
Ozone	std::__1::vector<simd_float4x4, std::__1::allocator<simd_float4x4>>	1	0
Ozone	std::__1::vector<double vector[3], std::__1::allocator<double vector[3]>>	1	0
Ozone	void std::__1::vector<simd_float4x4, std::__1::allocator<simd_float4x4>>	1	0
Ozone	std::__1::__list_iterator<PCUUID, void*> std::__1::list<PCUUID, std::__1::allocator<PCUUID>>::__insert_with_sentinel[abi:nqe210106]<std::__1::__list_const_iterator<PCUUID, void*>, std::__1	1	0
Ozone	std::__1::unique_ptr<PCCache<PCHash128, OZMetalTextureCache::CacheData, PCSpinLock, std::__1::less<PCHash128>>, std::__1::default_delete<PCCache<PCHash128, OZMetalTextureCache::CacheData, PCSpinLock, std::__1::less<PCHash128>>>>	1	0
Ozone	PCCache<PCHash128, OZMetalTextureCache::CacheData, PCSpinLock, std::__1::less<PCHash128>>	1	0
Ozone	std::__1::__tree<std::__1::__value_type<PCHash128, PCCacheImpl<PCHash128, OZMetalTextureCache::CacheData, PCSpinLock, std::__1::less<PCHash128>>::Data>, std::__1::__map_value_compare<PCHash128, std::__1::pair<PCHash128 const, PCCacheImpl<PCHash128, OZMetalTextureCache::CacheData, PCSpinLock, std::__1::less<PCHash128>>::Data>, std::__1::less<PCHash128>, true>, std::__1::allocator<std::__1::pair<PCHash128 const, PCCacheImpl<PCHash128, OZMetalTextureCache::CacheData, PCSpinLock, std::__1::less<PCHash128>>::Data>>>	1	0
Ozone	std::__1::pair<std::__1::__tree_iterator<std::__1::__value_type<PCHash128, PCCacheImpl<PCHash128, OZMetalTextureCache::CacheData, PCSpinLock, std::__1::less<PCHash128>>::Data>, std::__1::__tree_node<std::__1::__value_type<PCHash128, PCCacheImpl<PCHash128, OZMetalTextureCache::CacheData, PCSpinLock, std::__1::less<PCHash128>>::Data>, void*>*, long>, bool> std::__1::__tree<std::__1::__value_type<PCHash128, PCCacheImpl<PCHash128, OZMetalTextureCache::CacheData, PCSpinLock, std::__1::less<PCHash128>>::Data>, std::__1::__map_value_compare<PCHash128, std::__1::pair<PCHash128 const, PCCacheImpl<PCHash128, OZMetalTextureCache::CacheData, PCSpinLock, std::__1::less<PCHash128>>::Data>, std::__1::less<PCHash128>, true>, std::__1::allocator<std::__1::pair<PCHash128 const, PCCacheImpl<PCHash128, OZMetalTextureCache::CacheData, PCSpinLock, std::__1::less<PCHash128>>::Data>>>::__emplace_unique_key_args<PCHash128, std::__1::pair<PCHash128 const, PCCacheImpl<PCHash128, OZMetalTextureCache::CacheData, PCSpinLock, std::__1::less<PCHash128>>	1	0
Ozone	std::__1::unique_ptr<std::__1::__tree_node<std::__1::__value_type<PCHash128, PCCacheImpl<PCHash128, OZMetalTextureCache::CacheData, PCSpinLock, std::__1::less<PCHash128>>::Data>, void*>, std::__1::__tree_node_destructor<std::__1::allocator<std::__1::__tree_node<std::__1::__value_type<PCHash128, PCCacheImpl<PCHash128, OZMetalTextureCache::CacheData, PCSpinLock, std::__1::less<PCHash128>>::Data>, void*>>>>	1	0
Ozone	OZObject::iterator_t<OZImageNode, false, true, OZExposeNodeValidator> OZScene	1	0
Ozone	OZObject::iterator_t<OZImageNode, false, false, OZExposeDrillingNodeValidator> OZSceneNode	1	0
Ozone	std::__1::vector<OZExposeObject*, std::__1::allocator<OZExposeObject*>>	1	0
Ozone	OZExposeDrillingNodeValidator	1	0
Ozone	OZFreeHandEvent	1	0
Ozone	void std::__1::vector<PCVector2<double>, std::__1::allocator<PCVector2<double>>>	1	0
Ozone	std::__1::pair<std::__1::__bit_iterator<std::__1::vector<bool, std::__1::allocator<bool>>, true, 0>, std::__1::__bit_iterator<std::__1::vector<bool, std::__1::allocator<bool>>, false, 0>> std::__1::__copy_backward_impl<std::__1::_ClassicAlgPolicy>	1	0
Ozone	std::__1::__bit_iterator<std::__1::vector<bool, std::__1::allocator<bool>>, false, 0> std::__1::__copy_backward_unaligned[abi:nqe210106]<std::__1::vector<bool, std::__1	1	0
Ozone	std::__1::__bit_iterator<std::__1::vector<bool, std::__1::allocator<bool>>, false, 0ul> std::__1::vector<bool, std::__1::allocator<bool>>::__insert_with_size[abi:nqe210106]<std::__1::__bit_iterator<std::__1::vector<bool, std::__1::allocator<bool>>, false, 0ul>, std::__1::__bit_iterator<std::__1::vector<bool, std::__1	1	0
Ozone	std::__1::list<OZShapeBehaviorVertexCacheEntry*, std::__1::allocator<OZShapeBehaviorVertexCacheEntry*>>* std::__1::vector<std::__1::list<OZShapeBehaviorVertexCacheEntry*, std::__1::allocator<OZShapeBehaviorVertexCacheEntry*>>, std::__1::allocator<std::__1::list<OZShapeBehaviorVertexCacheEntry*, std::__1::allocator<OZShapeBehaviorVertexCacheEntry*>>>>::__emplace_back_slow_path<std::__1::list<OZShapeBehaviorVertexCacheEntry*, std::__1	1	0
Ozone	std::__1::__split_buffer<std::__1::list<OZShapeBehaviorVertexCacheEntry*, std::__1::allocator<OZShapeBehaviorVertexCacheEntry*>>, std::__1::allocator<std::__1::list<OZShapeBehaviorVertexCacheEntry*, std::__1::allocator<OZShapeBehaviorVertexCacheEntry*>>>&>	1	0
Ozone	std::__1::vector<OZShapeBehaviorBakeEntry*, std::__1::allocator<OZShapeBehaviorBakeEntry*>>	1	0
Ozone	std::__1::vector<OZVelocityViewTrackballVertex, std::__1::allocator<OZVelocityViewTrackballVertex>>	1	0
Ozone	std::__1::vector<OZVelocityViewArrowVertex, std::__1::allocator<OZVelocityViewArrowVertex>>	1	0
Ozone	void std::__1::__call_once_proxy[abi:nqe210106]<std::__1::tuple<OZMotionPathBehavior::OZMotionPathBehavior_radiusImpl::getInstance()	1	0
Ozone	void std::__1::__call_once_proxy[abi:nqe210106]<std::__1::tuple<OZMotionPathBehavior::OZMotionPathBehavior_radiusInfo::getInstance()	1	0
Ozone	void std::__1::__call_once_proxy[abi:nqe210106]<std::__1::tuple<OZMotionPathBehavior::OZMotionPathBehavior_rectSizeImpl::getInstance()	1	0
Ozone	void std::__1::__call_once_proxy[abi:nqe210106]<std::__1::tuple<OZMotionPathBehavior::OZMotionPathBehavior_rectSizeInfo::getInstance()	1	0
Ozone	void std::__1::__call_once_proxy[abi:nqe210106]<std::__1::tuple<OZMotionPathBehavior::OZMotionPathBehavior_waveAmplitudeImpl::getInstance()	1	0
Ozone	void std::__1::__call_once_proxy[abi:nqe210106]<std::__1::tuple<OZMotionPathBehavior::OZMotionPathBehavior_waveAmplitudeInfo::getInstance()	1	0
Ozone	void std::__1::__call_once_proxy[abi:nqe210106]<std::__1::tuple<OZMotionPathBehavior::OZMotionPathBehavior_waveFrequencyImpl::getInstance()	1	0
Ozone	void std::__1::__call_once_proxy[abi:nqe210106]<std::__1::tuple<OZMotionPathBehavior::OZMotionPathBehavior_waveFrequencyInfo::getInstance()	1	0
Ozone	void std::__1::__call_once_proxy[abi:nqe210106]<std::__1::tuple<OZMotionPathBehavior::OZMotionPathBehavior_wavePhaseInfo::getInstance()	1	0
Ozone	void std::__1::__call_once_proxy[abi:nqe210106]<std::__1::tuple<OZMotionPathBehavior::OZMotionPathBehavior_waveDampingImpl::getInstance()	1	0
Ozone	void std::__1::__call_once_proxy[abi:nqe210106]<std::__1::tuple<OZMotionPathBehavior::OZMotionPathBehavior_waveDampingInfo::getInstance()	1	0
Ozone	void std::__1::__call_once_proxy[abi:nqe210106]<std::__1::tuple<OZMotionPathBehavior::OZMotionPathBehavior_offsetImpl::getInstance()	1	0
Ozone	void std::__1::__call_once_proxy[abi:nqe210106]<std::__1::tuple<OZMotionPathBehavior::OZMotionPathBehavior_frequencyImpl::getInstance()	1	0
Ozone	void std::__1::__call_once_proxy[abi:nqe210106]<std::__1::tuple<OZMotionPathBehavior::OZMotionPathBehavior_frequencyInfo::getInstance()	1	0
Ozone	void std::__1::__call_once_proxy[abi:nqe210106]<std::__1::tuple<OZMotionPathBehavior::OZMotionPathBehavior_endTimeOffsetChanImpl::getInstance()	1	0
Ozone	std::__1::vector<OZOnScreenControlComponent*, std::__1::allocator<OZOnScreenControlComponent*>>	1	0
Ozone	OZLibEntryFileInfo* std::__1::vector<OZLibEntryFileInfo, std::__1::allocator<OZLibEntryFileInfo>>	1	0
Ozone	std::__1::__split_buffer<OZLibEntryFileInfo, std::__1::allocator<OZLibEntryFileInfo>&>	1	0
Ozone	PCPtr<LiImageSource>* std::__1::vector<PCPtr<LiImageSource>, std::__1::allocator<PCPtr<LiImageSource>>>	1	0
Ozone	std::__1::vector<PCPtr<LiImageSource>, std::__1::allocator<PCPtr<LiImageSource>>>	1	0
Ozone	LiTriangle3<double>	1	0
Ozone	void std::__1::__call_once_proxy[abi:nqe210106]<std::__1::tuple<OZCamera::OZCamera_cameraTypeImpl::getInstance()	1	0
Ozone	void std::__1::__call_once_proxy[abi:nqe210106]<std::__1::tuple<OZCamera::OZCamera_angleOfViewImpl::getInstance()	1	0
Ozone	void std::__1::__call_once_proxy[abi:nqe210106]<std::__1::tuple<OZCamera::OZCamera_angleOfViewInfo::getInstance()	1	0
Ozone	void std::__1::__call_once_proxy[abi:nqe210106]<std::__1::tuple<OZCamera::OZCamera_nearPlaneImpl::getInstance()	1	0
Ozone	void std::__1::__call_once_proxy[abi:nqe210106]<std::__1::tuple<OZCamera::OZCamera_nearPlaneInfo::getInstance()	1	0
Ozone	void std::__1::__call_once_proxy[abi:nqe210106]<std::__1::tuple<OZCamera::OZCamera_farPlaneImpl::getInstance()	1	0
Ozone	void std::__1::__call_once_proxy[abi:nqe210106]<std::__1::tuple<OZCamera::OZCamera_farPlaneInfo::getInstance()	1	0
Ozone	void std::__1::__call_once_proxy[abi:nqe210106]<std::__1::tuple<OZCamera::OZCamera_nearFadeImpl::getInstance()	1	0
Ozone	void std::__1::__call_once_proxy[abi:nqe210106]<std::__1::tuple<OZCamera::OZCamera_nearFadeInfo::getInstance()	1	0
Ozone	void std::__1::__call_once_proxy[abi:nqe210106]<std::__1::tuple<OZCamera::OZCamera_farFadeImpl::getInstance()	1	0
Ozone	void std::__1::__call_once_proxy[abi:nqe210106]<std::__1::tuple<OZCamera::OZCamera_farFadeInfo::getInstance()	1	0
Ozone	void std::__1::__call_once_proxy[abi:nqe210106]<std::__1::tuple<OZCamera::OZCamera_apertureImpl::getInstance()	1	0
Ozone	void std::__1::__call_once_proxy[abi:nqe210106]<std::__1::tuple<OZCamera::OZCamera_apertureInfo::getInstance()	1	0
Ozone	void std::__1::__call_once_proxy[abi:nqe210106]<std::__1::tuple<OZCamera::OZCamera_dofOffsetInfo::getInstance()	1	0
Ozone	void std::__1::__call_once_proxy[abi:nqe210106]<std::__1::tuple<OZCamera::OZCamera_dofNearImpl::getInstance()	1	0
Ozone	void std::__1::__call_once_proxy[abi:nqe210106]<std::__1::tuple<OZCamera::OZCamera_dofNearInfo::getInstance()	1	0
Ozone	void std::__1::__call_once_proxy[abi:nqe210106]<std::__1::tuple<OZCamera::OZCamera_dofFarImpl::getInstance()	1	0
Ozone	void std::__1::__call_once_proxy[abi:nqe210106]<std::__1::tuple<OZCamera::OZCamera_dofFarInfo::getInstance()	1	0
Ozone	void std::__1::__call_once_proxy[abi:nqe210106]<std::__1::tuple<OZCamera::OZCamera_dofFilterImpl::getInstance()	1	0
Ozone	void std::__1::__call_once_proxy[abi:nqe210106]<std::__1::tuple<OZCamera::OZCamera_dofFilterShapeImpl::getInstance()	1	0
Ozone	void std::__1::__call_once_proxy[abi:nqe210106]<std::__1::tuple<OZCamera::OZCamera_dofFilterSidesImpl::getInstance()	1	0
Ozone	void std::__1::__call_once_proxy[abi:nqe210106]<std::__1::tuple<OZCamera::OZCamera_dofFilterSidesInfo::getInstance()	1	0
Ozone	void std::__1::__call_once_proxy[abi:nqe210106]<std::__1::tuple<OZCamera::OZCamera_dofDepthModeImpl::getInstance()	1	0
Ozone	std::__1::vector<LiTriangle3<double>*, std::__1::allocator<LiTriangle3<double>*>>	1	0
Ozone	std::__1::vector<RayHit*, std::__1::allocator<RayHit*>>	1	0
Ozone	void std::__1::__sort5[abi:nqe210106]<std::__1	1	0
Ozone	RayHit** std::__1::__partial_sort_impl[abi:nqe210106]<std::__1	1	0
Ozone	std::__1::vector<OZCamera*, std::__1::allocator<OZCamera*>>	1	0
Ozone	std::__1::vector<OZ3DEngineSceneElement*, std::__1::allocator<OZ3DEngineSceneElement*>>	1	0
Ozone	PCPtr<PCLightWrapOptions>& PCPtr<PCLightWrapOptions>	1	0
Ozone	PCPtr<PCBlendOptions>& PCPtr<PCBlendOptions>	1	0
Ozone	PCPtr<OZLiHePixelTransformFixer>& PCPtr<OZLiHePixelTransformFixer>	1	0
Ozone	HGRef<HGCVGLTextureFactory>	1	0
Ozone	PCThreadSpecific<OZFx3DAPIData>	1	0
Ozone	std::__1::__shared_ptr_emplace<Li3DEngineObjectData, std::__1::allocator<Li3DEngineObjectData>>::__shared_ptr_emplace[abi:nqe210106]<Li3DEngineScene*&, double const&, PCMatrix44Tmpl<float> const&, bool const&, PCWorkingColorVector const&, float const&, bool const&, PCBlendMode const&, LiLightSet const&, std::__1	1	0
Ozone	std::__1::pair<std::__1::__tree_iterator<std::__1::__value_type<PCString, bool>, std::__1::__tree_node<std::__1::__value_type<PCString, bool>, void*>*, long>, bool> std::__1::__tree<std::__1::__value_type<PCString, bool>, std::__1::__map_value_compare<PCString, std::__1::pair<PCString const, bool>, std::__1::less<PCString>, true>, std::__1::allocator<std::__1::pair<PCString const, bool>>>::__emplace_unique_key_args<PCString, std::__1::piecewise_construct_t const&, std::__1::tuple<PCString const&>, std::__1	1	0
Ozone	std::__1::pair<std::__1::__tree_iterator<std::__1::__value_type<PCString, bool>, std::__1::__tree_node<std::__1::__value_type<PCString, bool>, void*>*, long>, bool> std::__1::__tree<std::__1::__value_type<PCString, bool>, std::__1::__map_value_compare<PCString, std::__1::pair<PCString const, bool>, std::__1::less<PCString>, true>, std::__1::allocator<std::__1::pair<PCString const, bool>>>::__emplace_hint_unique_key_args<PCString, std::__1	1	0
Ozone	std::__1::__tree_node_base<void*>*& std::__1::__tree<std::__1::__value_type<PCString, bool>, std::__1::__map_value_compare<PCString, std::__1::pair<PCString const, bool>, std::__1::less<PCString>, true>, std::__1::allocator<std::__1::pair<PCString const, bool>>>	1	0
Ozone	void std::__1::__call_once_proxy[abi:nqe210106]<std::__1::tuple<OZLightingFolder::OZLightingFolder_channelShininessIndexImpl::getInstance()	1	0
Ozone	void std::__1::__call_once_proxy[abi:nqe210106]<std::__1::tuple<OZLightingFolder::OZLightingFolder_channelShininessIndexInfo::getInstance()	1	0
Ozone	void std::__1::__call_once_proxy[abi:nqe210106]<std::__1::tuple<OZLightingFolder_Factory::getInstance()	1	0
Ozone	void std::__1::__call_once_proxy[abi:nqe210106]<std::__1::tuple<OZFolderMaterialProperties::OZFolderMaterialProperties_channelShininessIndexImpl::getInstance()	1	0
Ozone	void std::__1::__call_once_proxy[abi:nqe210106]<std::__1::tuple<OZFolderMaterialProperties::OZFolderMaterialProperties_channelShininessIndexInfo::getInstance()	1	0
Ozone	OZGradient	1	0
Ozone	std::__1::__tree<std::__1::__value_type<unsigned long long, HGRef<HGMetalTexture>>, std::__1::__map_value_compare<unsigned long long, std::__1::pair<unsigned long long const, HGRef<HGMetalTexture>>, std::__1::less<unsigned long long>, true>, std::__1::allocator<std::__1::pair<unsigned long long const, HGRef<HGMetalTexture>>>>	1	0
Ozone	OZObject::iterator_t<OZProjectNode, true, false, OZObject::defaultValidator> OZScene	1	0
Ozone	OZObject::iterator_t<OZRig, false, true, OZObject::defaultValidator> OZScene	1	0
Ozone	std::__1::unique_ptr<OZPasteList, std::__1::default_delete<OZPasteList>>	1	0
Ozone	std::__1::vector<RetimingMath::IntervalSet<unsigned int>::Interval, std::__1::allocator<RetimingMath::IntervalSet<unsigned int>::Interval>>	1	0
Ozone	void std::__1::allocator<OZOpticalFlow::Private::JobImpl>::construct[abi:nqe210106]<OZOpticalFlow::Private::JobImpl, OZOpticalFlow::Private	1	0
Ozone	std::__1::__split_buffer<OZOpticalFlow::Private::JobImpl, std::__1::allocator<OZOpticalFlow::Private::JobImpl>&>	1	0
Ozone	OZOpticalFlow::Job* std::__1::vector<OZOpticalFlow::Job, std::__1::allocator<OZOpticalFlow::Job>>::__emplace_back_slow_path<OZOpticalFlow	1	0
Ozone	std::__1::__split_buffer<OZOpticalFlow::Job, std::__1::allocator<OZOpticalFlow::Job>&>	1	0
Ozone	std::__1::vector<OZOpticalFlow::Private::JobTimer::FieldInfo, std::__1::allocator<OZOpticalFlow::Private::JobTimer::FieldInfo>>	1	0
Ozone	std::__1::map<PCURL, std::__1::weak_ptr<OZOpticalFlow::CacheFile::Impl>, (anonymous namespace)::CompareURLs, std::__1::allocator<std::__1::pair<PCURL const, std::__1::weak_ptr<OZOpticalFlow::CacheFile::Impl>>>>	1	0
Ozone	void std::__1::vector<RetimingMath::IntervalSet<unsigned int>::Interval, std::__1::allocator<RetimingMath::IntervalSet<unsigned int>::Interval>>::__assign_with_size[abi:nqe210106]<RetimingMath::IntervalSet<unsigned int>::Interval*, RetimingMath::IntervalSet<unsigned int>	1	0
Ozone	std::__1::__tree<std::__1::__value_type<PCURL, std::__1::weak_ptr<OZOpticalFlow::CacheFile::Impl>>, std::__1::__map_value_compare<PCURL, std::__1::pair<PCURL const, std::__1::weak_ptr<OZOpticalFlow::CacheFile::Impl>>, (anonymous namespace)::CompareURLs, true>, std::__1::allocator<std::__1::pair<PCURL const, std::__1::weak_ptr<OZOpticalFlow::CacheFile::Impl>>>>	1	0
Ozone	std::__1::unique_ptr<std::__1::__tree_node<std::__1::__value_type<PCURL, std::__1::weak_ptr<OZOpticalFlow::CacheFile::Impl>>, void*>, std::__1::__tree_node_destructor<std::__1::allocator<std::__1::__tree_node<std::__1::__value_type<PCURL, std::__1::weak_ptr<OZOpticalFlow::CacheFile::Impl>>, void*>>>>	1	0
Ozone	std::__1::vector<RetimingMath::IntervalSet<double>::Interval, std::__1::allocator<RetimingMath::IntervalSet<double>::Interval>>	1	0
Ozone	std::__1::vector<OZRetimingBehavior*, std::__1::allocator<OZRetimingBehavior*>>	1	0
Ozone	OZOpticalFlow::operator<(OZOpticalFlow::JobID const&, OZOpticalFlow	1	0
Ozone	OZOpticalFlow::operator<=(OZOpticalFlow::JobID const&, OZOpticalFlow	1	0
Ozone	OZOpticalFlow::operator>(OZOpticalFlow::JobID const&, OZOpticalFlow	1	0
Ozone	OZOpticalFlow::operator>=(OZOpticalFlow::JobID const&, OZOpticalFlow	1	0
Ozone	OZOpticalFlow::Private::MotionEstimator::FrameOrder	1	0
Ozone	OZOpticalFlow::Private::VectorFieldInfo* std::__1::vector<OZOpticalFlow::Private::VectorFieldInfo, std::__1::allocator<OZOpticalFlow::Private::VectorFieldInfo>>::__emplace_back_slow_path<OZOpticalFlow::Private	1	0
Ozone	void std::__1::__call_once_proxy[abi:nqe210106]<std::__1::tuple<OZChannelRetimeFrame_Factory::getInstance()	1	0
Ozone	OZQuadraticSegment	1	0
Ozone	void std::__1::__call_once_proxy[abi:nqe210106]<std::__1::tuple<OZFolderElementShadows_Factory::getInstance()	1	0
Ozone	PCThreadSpecific<OZFxPixelTransformsAPIData>	1	0
Ozone	std::__1::__list_iterator<OZSceneNode*, void*> std::__1::list<OZSceneNode*, std::__1::allocator<OZSceneNode*>>::__insert_with_sentinel[abi:nqe210106]<std::__1::__list_const_iterator<OZSceneNode*, void*>, std::__1	1	0
Ozone	std::__1::vector<OZChannelObjectRootBase*, std::__1::allocator<OZChannelObjectRootBase*>>	1	0
Ozone	OZSceneArrangement::Element::operator<(OZSceneArrangement	1	0
Ozone	OZSceneArrangement::Element::operator>(OZSceneArrangement	1	0
Ozone	std::__1::map<unsigned long long, HGRef<HGMetalTexture>, std::__1::less<unsigned long long>, std::__1::allocator<std::__1::pair<unsigned long long const, HGRef<HGMetalTexture>>>>	1	0
Ozone	OZShapeOSCCurveSample* std::__1::vector<OZShapeOSCCurveSample, std::__1::allocator<OZShapeOSCCurveSample>>	1	0
Ozone	std::__1::vector<OZShapeOSCCurveSample, std::__1::allocator<OZShapeOSCCurveSample>>	1	0
Ozone	KilledPlugin	1	0
Ozone	std::__1::basic_string<char, std::__1::char_traits<char>, std::__1::allocator<char>>* std::__1::vector<std::__1::basic_string<char, std::__1::char_traits<char>, std::__1::allocator<char>>, std::__1::allocator<std::__1::basic_string<char, std::__1::char_traits<char>, std::__1::allocator<char>>>>::__emplace_back_slow_path<std::__1::basic_string<char, std::__1::char_traits<char>, std::__1	1	0
Ozone	std::__1::__split_buffer<std::__1::basic_string<char, std::__1::char_traits<char>, std::__1::allocator<char>>, std::__1::allocator<std::__1::basic_string<char, std::__1::char_traits<char>, std::__1::allocator<char>>>&>	1	0
Ozone	std::__1::pair<PCVector2<double>, PCVector2<double>>& std::__1::vector<std::__1::pair<PCVector2<double>, PCVector2<double>>, std::__1::allocator<std::__1::pair<PCVector2<double>, PCVector2<double>>>>::emplace_back<std::__1	1	0
Ozone	std::__1::vector<FFTextSearchResult, std::__1::allocator<FFTextSearchResult>>	1	0
Ozone	void std::__1::vector<FFTextSearchResult, std::__1::allocator<FFTextSearchResult>>	1	0
Ozone	std::__1::pair<PCString, std::__1::vector<PCString, std::__1::allocator<PCString>>>	1	0
Ozone	std::__1::__exception_guard_exceptions<std::__1::vector<PCString, std::__1::allocator<PCString>>::__destroy_vector>	1	0
Ozone	std::__1::pair<std::__1::__tree_iterator<std::__1::__value_type<PCString, std::__1::vector<PCString, std::__1::allocator<PCString>>>, std::__1::__tree_node<std::__1::__value_type<PCString, std::__1::vector<PCString, std::__1::allocator<PCString>>>, void*>*, long>, bool> std::__1::__tree<std::__1::__value_type<PCString, std::__1::vector<PCString, std::__1::allocator<PCString>>>, std::__1::__map_value_compare<PCString, std::__1::pair<PCString const, std::__1::vector<PCString, std::__1::allocator<PCString>>>, std::__1::less<PCString>, true>, std::__1::allocator<std::__1::pair<PCString const, std::__1::vector<PCString, std::__1::allocator<PCString>>>>>::__emplace_hint_unique_key_args<PCString, std::__1::pair<PCString, std::__1::vector<PCString, std::__1	1	0
Ozone	std::__1::__tree_node_base<void*>*& std::__1::__tree<std::__1::__value_type<PCString, std::__1::vector<PCString, std::__1::allocator<PCString>>>, std::__1::__map_value_compare<PCString, std::__1::pair<PCString const, std::__1::vector<PCString, std::__1::allocator<PCString>>>, std::__1::less<PCString>, true>, std::__1::allocator<std::__1::pair<PCString const, std::__1::vector<PCString, std::__1::allocator<PCString>>>>>	1	0
Ozone	std::__1::unique_ptr<std::__1::__tree_node<std::__1::__value_type<PCString, std::__1::vector<PCString, std::__1::allocator<PCString>>>, void*>, std::__1::__tree_node_destructor<std::__1::allocator<std::__1::__tree_node<std::__1::__value_type<PCString, std::__1::vector<PCString, std::__1::allocator<PCString>>>, void*>>>>	1	0
Ozone	void std::__1::__split_buffer<PCString, std::__1::allocator<PCString>&>	1	0
Ozone	std::__1::vector<OZPublishSettings::Entry*, std::__1::allocator<OZPublishSettings::Entry*>>	1	0
Ozone	PCThreadSpecific<OZFxLightingAPIData>	1	0
Ozone	void std::__1::__call_once_proxy[abi:nqe210106]<std::__1::tuple<OZChannelFolder_Factory::getInstance()	1	0
Ozone	OZObject::iterator_t<OZSceneNodeFile, false, true, OZObject::defaultValidator> OZSceneNode	1	0
Ozone	OZDropZoneTypeUndoParams* std::__1::vector<OZDropZoneTypeUndoParams, std::__1::allocator<OZDropZoneTypeUndoParams>>	1	0
Ozone	std::__1::__split_buffer<OZDropZoneTypeUndoParams, std::__1::allocator<OZDropZoneTypeUndoParams>&>	1	0
Ozone	std::__1::list<OZRigEditModeEntry, std::__1::allocator<OZRigEditModeEntry>>	1	0
Ozone	void std::__1::__call_once_proxy[abi:nqe210106]<std::__1::tuple<OZRigWidget::OZRigWidget_activeSnapshotIDChanImpl::getInstance()	1	0
Ozone	void std::__1::__call_once_proxy[abi:nqe210106]<std::__1::tuple<OZRigWidget::OZRigWidget_valueDoubleImpl::getInstance()	1	0
Ozone	void std::__1::__call_once_proxy[abi:nqe210106]<std::__1::tuple<OZRigWidget::OZRigWidget_valueDoubleInfo::getInstance()	1	0
Ozone	void std::__1::__call_once_proxy[abi:nqe210106]<std::__1::tuple<OZRigWidget::OZRigWidget_pSliderMinChanImpl::getInstance()	1	0
Ozone	void std::__1::__call_once_proxy[abi:nqe210106]<std::__1::tuple<OZRigWidget::OZRigWidget_pSliderMaxChanImpl::getInstance()	1	0
Ozone	void std::__1::__call_once_proxy[abi:nqe210106]<std::__1::tuple<OZRigWidget::OZRigWidget_valueAspectRatioImpl::getInstance()	1	0
Ozone	void std::__1::__call_once_proxy[abi:nqe210106]<std::__1::tuple<OZRigWidget::OZRigWidget_valueAspectRatioInfo::getInstance()	1	0
Ozone	std::__1::vector<OZRigSnapshot*, std::__1::allocator<OZRigSnapshot*>>	1	0
Ozone	OZRigSnapshot** std::__1::__partial_sort_impl[abi:nqe210106]<std::__1	1	0
Ozone	void std::__1::__call_once_proxy[abi:nqe210106]<std::__1::tuple<OZRigSnapshot::OZRigSnapshot_valueChanImpl::getInstance()	1	0
Ozone	void std::__1::__call_once_proxy[abi:nqe210106]<std::__1::tuple<OZRigSnapshot::OZRigSnapshot_interpolationChanImpl::getInstance()	1	0
Ozone	OZChannelBase** std::__1::__partial_sort_impl[abi:nqe210106]<std::__1	1	0
Ozone	std::__1::vector<OZLayerDistributor::Snapshot, std::__1::allocator<OZLayerDistributor::Snapshot>>	1	0
Ozone	std::__1::__wrap_iter<OZLayerDistributor::Snapshot*> std::__1::__stable_partition_impl<std::__1::_ClassicAlgPolicy, OZLayerDistributor::restoreSelectionToSavedState()::$_0&, std::__1::__wrap_iter<OZLayerDistributor::Snapshot*>, long, std::__1::pair<OZLayerDistributor	1	0
Ozone	void std::__1::__introsort<std::__1::_ClassicAlgPolicy, OZLayerDistributor::restoreSelectionToSavedState()::$_1&, OZLayerDistributor	1	0
Ozone	bool std::__1::__sort3[abi:nqe210106]<std::__1::_ClassicAlgPolicy, OZLayerDistributor::restoreSelectionToSavedState()::$_1&, OZLayerDistributor	1	0
Ozone	void std::__1::__sort4[abi:nqe210106]<std::__1::_ClassicAlgPolicy, OZLayerDistributor::restoreSelectionToSavedState()::$_1&, OZLayerDistributor	1	0
Ozone	void std::__1::__sort5[abi:nqe210106]<std::__1::_ClassicAlgPolicy, OZLayerDistributor::restoreSelectionToSavedState()::$_1&, OZLayerDistributor	1	0
Ozone	bool std::__1::__insertion_sort_incomplete[abi:nqe210106]<std::__1::_ClassicAlgPolicy, OZLayerDistributor::restoreSelectionToSavedState()::$_1&, OZLayerDistributor	1	0
Ozone	PCMetric::IntervalScope<32>	1	0
Ozone	PCMetric::IntervalScope<34>	1	0
Ozone	void std::__1::__tree<std::__1::__value_type<unsigned int, unsigned int>, std::__1::__map_value_compare<unsigned int, std::__1::pair<unsigned int const, unsigned int>, std::__1::less<unsigned int>, true>, std::__1::allocator<std::__1::pair<unsigned int const, unsigned int>>>::__assign_multi<std::__1::__tree_const_iterator<std::__1::__value_type<unsigned int, unsigned int>, std::__1::__tree_node<std::__1	1	0
Ozone	std::__1::__tree_iterator<std::__1::__value_type<unsigned int, unsigned int>, std::__1::__tree_node<std::__1::__value_type<unsigned int, unsigned int>, void*>*, long> std::__1::__tree<std::__1::__value_type<unsigned int, unsigned int>, std::__1::__map_value_compare<unsigned int, std::__1::pair<unsigned int const, unsigned int>, std::__1::less<unsigned int>, true>, std::__1::allocator<std::__1::pair<unsigned int const, unsigned int>>>::__emplace_hint_multi<std::__1	1	0
Ozone	std::__1::__list_iterator<OZObjectManipulator*, void*> std::__1::list<OZObjectManipulator*, std::__1::allocator<OZObjectManipulator*>>::__insert_with_sentinel[abi:nqe210106]<std::__1::__list_const_iterator<OZObjectManipulator*, void*>, std::__1	1	0
Ozone	std::__1::__tree<std::__1::__value_type<PCString, OZLibraryPresetsMapDatum>, std::__1::__map_value_compare<PCString, std::__1::pair<PCString const, OZLibraryPresetsMapDatum>, std::__1::less<PCString>, true>, std::__1::allocator<std::__1::pair<PCString const, OZLibraryPresetsMapDatum>>>	1	0
Ozone	std::__1::__tree_iterator<std::__1::__value_type<PCString, OZLibraryPresetsMapDatum>, std::__1::__tree_node<std::__1::__value_type<PCString, OZLibraryPresetsMapDatum>, void*>*, long> std::__1::__tree<std::__1::__value_type<PCString, OZLibraryPresetsMapDatum>, std::__1::__map_value_compare<PCString, std::__1::pair<PCString const, OZLibraryPresetsMapDatum>, std::__1::less<PCString>, true>, std::__1::allocator<std::__1::pair<PCString const, OZLibraryPresetsMapDatum>>>::__emplace_multi<std::__1	1	0
Ozone	std::__1::unique_ptr<std::__1::__tree_node<std::__1::__value_type<PCString, OZLibraryPresetsMapDatum>, void*>, std::__1::__tree_node_destructor<std::__1::allocator<std::__1::__tree_node<std::__1::__value_type<PCString, OZLibraryPresetsMapDatum>, void*>>>>	1	0
Ozone	LiErrorCompileFailedMaterial	1	0
Ozone	PCPtr<LiMaterial>& PCPtr<LiMaterial>	1	0
Ozone	OZChannelUint16	1	0
Ozone	void std::__1::__call_once_proxy[abi:nqe210106]<std::__1::tuple<OZChannelUint16::createOZChannelUint16Info()	1	0
Ozone	void std::__1::__call_once_proxy[abi:nqe210106]<std::__1::tuple<OZChannelUint16::createOZChannelUint16Impl()	1	0
Ozone	std::__1::unique_ptr<OZChannelRef, std::__1::default_delete<OZChannelRef>>	1	0
Ozone	void std::__1::__call_once_proxy[abi:nqe210106]<std::__1::tuple<OZLinkBehavior::OZLinkBehavior_applyModeChanImpl::getInstance()	1	0
Ozone	void std::__1::__call_once_proxy[abi:nqe210106]<std::__1::tuple<OZLinkBehavior::OZLinkBehavior_scaleChanImpl::getInstance()	1	0
Ozone	void std::__1::__call_once_proxy[abi:nqe210106]<std::__1::tuple<OZLinkBehavior::OZLinkBehavior_scaleChanInfo::getInstance()	1	0
Ozone	void std::__1::__call_once_proxy[abi:nqe210106]<std::__1::tuple<OZLinkBehavior::OZLinkBehavior_mixModeChanImpl::getInstance()	1	0
Ozone	void std::__1::__call_once_proxy[abi:nqe210106]<std::__1::tuple<OZLinkBehavior::OZLinkBehavior_easeRangeChanImpl::getInstance()	1	0
Ozone	void std::__1::__call_once_proxy[abi:nqe210106]<std::__1::tuple<OZLinkBehavior::OZLinkBehavior_easeRangeChanInfo::getInstance()	1	0
Ozone	void std::__1::__call_once_proxy[abi:nqe210106]<std::__1::tuple<OZLinkBehavior::OZLinkBehavior_customMixChanImpl::getInstance()	1	0
Ozone	void std::__1::__call_once_proxy[abi:nqe210106]<std::__1::tuple<OZLinkBehavior::OZLinkBehavior_customMixChanInfo::getInstance()	1	0
Ozone	void std::__1::__call_once_proxy[abi:nqe210106]<std::__1::tuple<OZLinkBehavior::OZLinkBehavior_applyLinkWhenChanImpl::getInstance()	1	0
Ozone	PMAudioDescription	1	0
Ozone	PCPtr<LiCamera>	1	0
Ozone	std::__1::unique_ptr<GLRenderer, std::__1::default_delete<GLRenderer>>	1	0
Ozone	PCVector4<double>& PCMatrix44Tmpl<double>	1	0
Ozone	OZShapeContour	1	0
Ozone	OZObject::iterator_t<OZSceneNodeFile, false, true, ozFootageNodeValidator> OZScene	1	0
Ozone	ozFootageNodeValidator	1	0
Ozone	std::__1::vector<std::__1::shared_ptr<HGComputeDevice const>, std::__1::allocator<std::__1::shared_ptr<HGComputeDevice const>>>	1	0
Ozone	std::__1::__exception_guard_exceptions<std::__1::vector<std::__1::shared_ptr<OZStyle>, std::__1::allocator<std::__1::shared_ptr<OZStyle>>>::__destroy_vector>	1	0
Ozone	std::__1::__exception_guard_exceptions<std::__1::vector<std::__1::shared_ptr<HGComputeDevice const>, std::__1::allocator<std::__1::shared_ptr<HGComputeDevice const>>>::__destroy_vector>	1	0
Ozone	std::__1::vector<objc_object*, std::__1::allocator<objc_object*>>	1	0
Ozone	void std::__1::vector<OZRigSnapshot*, std::__1::allocator<OZRigSnapshot*>>	1	0
Ozone	std::__1::__list_iterator<OZRigEditModeEntry, void*> std::__1::list<OZRigEditModeEntry, std::__1::allocator<OZRigEditModeEntry>>::__insert_with_sentinel[abi:nqe210106]<std::__1::__list_const_iterator<OZRigEditModeEntry, void*>, std::__1	1	0
Ozone	std::__1::vector<OZFxFilter*, std::__1::allocator<OZFxFilter*>>	1	0
Ozone	PCThreadSpecific<std::__1::stack<OZMETimeConverterData, std::__1::deque<OZMETimeConverterData, std::__1::allocator<OZMETimeConverterData>>>>	1	0
Ozone	std::__1::unique_ptr<PGPerThreadSetCurrentContextSentry, std::__1::default_delete<PGPerThreadSetCurrentContextSentry>>	1	0
Ozone	std::__1::__tree<std::__1::__value_type<_opaque_pthread_t*, std::__1::stack<OZFxPlugRenderContext*, std::__1::deque<OZFxPlugRenderContext*, std::__1::allocator<OZFxPlugRenderContext*>>>>, std::__1::__map_value_compare<_opaque_pthread_t*, std::__1::pair<_opaque_pthread_t* const, std::__1::stack<OZFxPlugRenderContext*, std::__1::deque<OZFxPlugRenderContext*, std::__1::allocator<OZFxPlugRenderContext*>>>>, std::__1::less<_opaque_pthread_t*>, true>, std::__1::allocator<std::__1::pair<_opaque_pthread_t* const, std::__1::stack<OZFxPlugRenderContext*, std::__1::deque<OZFxPlugRenderContext*, std::__1::allocator<OZFxPlugRenderContext*>>>>>>	1	0
Ozone	OZWatercolorPaintLayer	1	0
Ozone	PCPtr<DiffuseMaterialLayer>& PCPtr<DiffuseMaterialLayer>	1	0
Ozone	PCPtr<FresnelLayer>& PCPtr<FresnelLayer>	1	0
Ozone	PCManagedColorTemplate<(PCColorSpaceCache::ID)3>	1	0
Ozone	std::__1::__split_buffer<std::__1::pair<CMTime, std::__1::vector<CMTime, std::__1::allocator<CMTime>>>, std::__1::allocator<std::__1::pair<CMTime, std::__1::vector<CMTime, std::__1::allocator<CMTime>>>>&>	1	0
Ozone	std::__1::pair<CMTime, std::__1::vector<CMTime, std::__1::allocator<CMTime>>>* std::__1::vector<std::__1::pair<CMTime, std::__1::vector<CMTime, std::__1::allocator<CMTime>>>, std::__1::allocator<std::__1::pair<CMTime, std::__1::vector<CMTime, std::__1::allocator<CMTime>>>>>::__emplace_back_slow_path<std::__1::pair<CMTime, std::__1::vector<CMTime, std::__1	1	0
Ozone	unsigned long std::__1::__tree<CMTime, std::__1::less<CMTime>, std::__1::allocator<CMTime>>	1	0
Ozone	OZRenderStats	1	0
Ozone	PCMetric::IntervalScope<4>	1	0
Ozone	std::__1::shared_ptr<OZRenderResult> std::__1::allocate_shared[abi:nqe210106]<OZRenderResult, std::__1	1	0
Ozone	std::__1::unique_ptr<OZRenderResult, std::__1::default_delete<OZRenderResult>>	1	0
Ozone	std::__1::shared_ptr<PCBitmap_t<PCGrayPixel<ProCore::Private::PixelInfoTemplate<(PCPixelFormat::ChannelOrder)1>>>> std::__1::allocate_shared[abi:nqe210106]<PCBitmap_t<PCGrayPixel<ProCore::Private::PixelInfoTemplate<(PCPixelFormat::ChannelOrder)1>>>, std::__1::allocator<PCBitmap_t<PCGrayPixel<ProCore::Private::PixelInfoTemplate<(PCPixelFormat::ChannelOrder)1>>>>, std::__1::unique_ptr<FxBitmapRepHGBitmap, std::__1	1	0
Ozone	std::__1::shared_ptr<PCBitmap_t<PCGrayAlphaPixel<ProCore::Private::PixelInfoTemplate<(PCPixelFormat::ChannelOrder)2>>>> std::__1::allocate_shared[abi:nqe210106]<PCBitmap_t<PCGrayAlphaPixel<ProCore::Private::PixelInfoTemplate<(PCPixelFormat::ChannelOrder)2>>>, std::__1::allocator<PCBitmap_t<PCGrayAlphaPixel<ProCore::Private::PixelInfoTemplate<(PCPixelFormat::ChannelOrder)2>>>>, std::__1::unique_ptr<FxBitmapRepHGBitmap, std::__1	1	0
Ozone	std::__1::shared_ptr<PCBitmap_t<PCPixel4<ProCore::Private::PixelInfoTemplate<(PCPixelFormat::ChannelOrder)3>>>> std::__1::allocate_shared[abi:nqe210106]<PCBitmap_t<PCPixel4<ProCore::Private::PixelInfoTemplate<(PCPixelFormat::ChannelOrder)3>>>, std::__1::allocator<PCBitmap_t<PCPixel4<ProCore::Private::PixelInfoTemplate<(PCPixelFormat::ChannelOrder)3>>>>, std::__1::unique_ptr<FxBitmapRepHGBitmap, std::__1	1	0
Ozone	std::__1::shared_ptr<PCBitmap_t<PCPixel4<ProCore::Private::PixelInfoTemplate<(PCPixelFormat::ChannelOrder)4>>>> std::__1::allocate_shared[abi:nqe210106]<PCBitmap_t<PCPixel4<ProCore::Private::PixelInfoTemplate<(PCPixelFormat::ChannelOrder)4>>>, std::__1::allocator<PCBitmap_t<PCPixel4<ProCore::Private::PixelInfoTemplate<(PCPixelFormat::ChannelOrder)4>>>>, std::__1::unique_ptr<FxBitmapRepHGBitmap, std::__1	1	0
Ozone	std::__1::shared_ptr<PCBitmap_t<PCPixel4<ProCore::Private::PixelInfoTemplate<(PCPixelFormat::ChannelOrder)5>>>> std::__1::allocate_shared[abi:nqe210106]<PCBitmap_t<PCPixel4<ProCore::Private::PixelInfoTemplate<(PCPixelFormat::ChannelOrder)5>>>, std::__1::allocator<PCBitmap_t<PCPixel4<ProCore::Private::PixelInfoTemplate<(PCPixelFormat::ChannelOrder)5>>>>, std::__1::unique_ptr<FxBitmapRepHGBitmap, std::__1	1	0
Ozone	std::__1::shared_ptr<PCBitmap_t<PCPixel4<ProCore::Private::PixelInfoTemplate<(PCPixelFormat::ChannelOrder)6>>>> std::__1::allocate_shared[abi:nqe210106]<PCBitmap_t<PCPixel4<ProCore::Private::PixelInfoTemplate<(PCPixelFormat::ChannelOrder)6>>>, std::__1::allocator<PCBitmap_t<PCPixel4<ProCore::Private::PixelInfoTemplate<(PCPixelFormat::ChannelOrder)6>>>>, std::__1::unique_ptr<FxBitmapRepHGBitmap, std::__1	1	0
Ozone	std::__1::shared_ptr<PCBitmap_t<PCGrayPixel<ProCore::Private::PixelInfoTemplate<(PCPixelFormat::ChannelOrder)7>>>> std::__1::allocate_shared[abi:nqe210106]<PCBitmap_t<PCGrayPixel<ProCore::Private::PixelInfoTemplate<(PCPixelFormat::ChannelOrder)7>>>, std::__1::allocator<PCBitmap_t<PCGrayPixel<ProCore::Private::PixelInfoTemplate<(PCPixelFormat::ChannelOrder)7>>>>, std::__1::unique_ptr<FxBitmapRepHGBitmap, std::__1	1	0
Ozone	std::__1::shared_ptr<PCBitmap_t<PCGrayAlphaPixel<ProCore::Private::PixelInfoTemplate<(PCPixelFormat::ChannelOrder)8>>>> std::__1::allocate_shared[abi:nqe210106]<PCBitmap_t<PCGrayAlphaPixel<ProCore::Private::PixelInfoTemplate<(PCPixelFormat::ChannelOrder)8>>>, std::__1::allocator<PCBitmap_t<PCGrayAlphaPixel<ProCore::Private::PixelInfoTemplate<(PCPixelFormat::ChannelOrder)8>>>>, std::__1::unique_ptr<FxBitmapRepHGBitmap, std::__1	1	0
Ozone	std::__1::shared_ptr<PCBitmap_t<PCPixel4<ProCore::Private::PixelInfoTemplate<(PCPixelFormat::ChannelOrder)10>>>> std::__1::allocate_shared[abi:nqe210106]<PCBitmap_t<PCPixel4<ProCore::Private::PixelInfoTemplate<(PCPixelFormat::ChannelOrder)10>>>, std::__1::allocator<PCBitmap_t<PCPixel4<ProCore::Private::PixelInfoTemplate<(PCPixelFormat::ChannelOrder)10>>>>, std::__1::unique_ptr<FxBitmapRepHGBitmap, std::__1	1	0
Ozone	std::__1::shared_ptr<PCBitmap_t<PCPixel3<ProCore::Private::PixelInfoTemplate<(PCPixelFormat::ChannelOrder)9>>>> std::__1::allocate_shared[abi:nqe210106]<PCBitmap_t<PCPixel3<ProCore::Private::PixelInfoTemplate<(PCPixelFormat::ChannelOrder)9>>>, std::__1::allocator<PCBitmap_t<PCPixel3<ProCore::Private::PixelInfoTemplate<(PCPixelFormat::ChannelOrder)9>>>>, std::__1::unique_ptr<FxBitmapRepHGBitmap, std::__1	1	0
Ozone	std::__1::shared_ptr<PCBitmap_t<PCGrayPixel<ProCore::Private::PixelInfoTemplate<(PCPixelFormat::ChannelOrder)11>>>> std::__1::allocate_shared[abi:nqe210106]<PCBitmap_t<PCGrayPixel<ProCore::Private::PixelInfoTemplate<(PCPixelFormat::ChannelOrder)11>>>, std::__1::allocator<PCBitmap_t<PCGrayPixel<ProCore::Private::PixelInfoTemplate<(PCPixelFormat::ChannelOrder)11>>>>, std::__1::unique_ptr<FxBitmapRepHGBitmap, std::__1	1	0
Ozone	std::__1::shared_ptr<PCBitmap_t<PCGrayAlphaPixel<ProCore::Private::PixelInfoTemplate<(PCPixelFormat::ChannelOrder)12>>>> std::__1::allocate_shared[abi:nqe210106]<PCBitmap_t<PCGrayAlphaPixel<ProCore::Private::PixelInfoTemplate<(PCPixelFormat::ChannelOrder)12>>>, std::__1::allocator<PCBitmap_t<PCGrayAlphaPixel<ProCore::Private::PixelInfoTemplate<(PCPixelFormat::ChannelOrder)12>>>>, std::__1::unique_ptr<FxBitmapRepHGBitmap, std::__1	1	0
Ozone	std::__1::shared_ptr<PCBitmap_t<PCPixel4<ProCore::Private::PixelInfoTemplate<(PCPixelFormat::ChannelOrder)13>>>> std::__1::allocate_shared[abi:nqe210106]<PCBitmap_t<PCPixel4<ProCore::Private::PixelInfoTemplate<(PCPixelFormat::ChannelOrder)13>>>, std::__1::allocator<PCBitmap_t<PCPixel4<ProCore::Private::PixelInfoTemplate<(PCPixelFormat::ChannelOrder)13>>>>, std::__1::unique_ptr<FxBitmapRepHGBitmap, std::__1	1	0
Ozone	std::__1::shared_ptr<PCBitmap_t<PCGrayPixel<ProCore::Private::PixelInfoTemplate<(PCPixelFormat::ChannelOrder)14>>>> std::__1::allocate_shared[abi:nqe210106]<PCBitmap_t<PCGrayPixel<ProCore::Private::PixelInfoTemplate<(PCPixelFormat::ChannelOrder)14>>>, std::__1::allocator<PCBitmap_t<PCGrayPixel<ProCore::Private::PixelInfoTemplate<(PCPixelFormat::ChannelOrder)14>>>>, std::__1::unique_ptr<FxBitmapRepHGBitmap, std::__1	1	0
Ozone	std::__1::shared_ptr<PCBitmap_t<PCGrayAlphaPixel<ProCore::Private::PixelInfoTemplate<(PCPixelFormat::ChannelOrder)15>>>> std::__1::allocate_shared[abi:nqe210106]<PCBitmap_t<PCGrayAlphaPixel<ProCore::Private::PixelInfoTemplate<(PCPixelFormat::ChannelOrder)15>>>, std::__1::allocator<PCBitmap_t<PCGrayAlphaPixel<ProCore::Private::PixelInfoTemplate<(PCPixelFormat::ChannelOrder)15>>>>, std::__1::unique_ptr<FxBitmapRepHGBitmap, std::__1	1	0
Ozone	std::__1::shared_ptr<PCBitmap_t<PCPixel4<ProCore::Private::PixelInfoTemplate<(PCPixelFormat::ChannelOrder)16>>>> std::__1::allocate_shared[abi:nqe210106]<PCBitmap_t<PCPixel4<ProCore::Private::PixelInfoTemplate<(PCPixelFormat::ChannelOrder)16>>>, std::__1::allocator<PCBitmap_t<PCPixel4<ProCore::Private::PixelInfoTemplate<(PCPixelFormat::ChannelOrder)16>>>>, std::__1::unique_ptr<FxBitmapRepHGBitmap, std::__1	1	0
Ozone	std::__1::shared_ptr<PCBitmap_t<PCPixel4<ProCore::Private::PixelInfoTemplate<(PCPixelFormat::ChannelOrder)17>>>> std::__1::allocate_shared[abi:nqe210106]<PCBitmap_t<PCPixel4<ProCore::Private::PixelInfoTemplate<(PCPixelFormat::ChannelOrder)17>>>, std::__1::allocator<PCBitmap_t<PCPixel4<ProCore::Private::PixelInfoTemplate<(PCPixelFormat::ChannelOrder)17>>>>, std::__1::unique_ptr<FxBitmapRepHGBitmap, std::__1	1	0
Ozone	std::__1::shared_ptr<PGCVBitmap> std::__1::allocate_shared[abi:nqe210106]<PGCVBitmap, std::__1	1	0
Ozone	std::__1::__tree<std::__1::__value_type<PCString, std::__1::shared_ptr<OZFontFace>>, std::__1::__map_value_compare<PCString, std::__1::pair<PCString const, std::__1::shared_ptr<OZFontFace>>, std::__1::less<PCString>, true>, std::__1::allocator<std::__1::pair<PCString const, std::__1::shared_ptr<OZFontFace>>>>	1	0
Ozone	std::__1::pair<std::__1::__tree_iterator<std::__1::__value_type<PCString, std::__1::shared_ptr<OZFontFace>>, std::__1::__tree_node<std::__1::__value_type<PCString, std::__1::shared_ptr<OZFontFace>>, void*>*, long>, bool> std::__1::__tree<std::__1::__value_type<PCString, std::__1::shared_ptr<OZFontFace>>, std::__1::__map_value_compare<PCString, std::__1::pair<PCString const, std::__1::shared_ptr<OZFontFace>>, std::__1::less<PCString>, true>, std::__1::allocator<std::__1::pair<PCString const, std::__1::shared_ptr<OZFontFace>>>>::__emplace_unique_key_args<PCString, std::__1::piecewise_construct_t const&, std::__1::tuple<PCString const&>, std::__1	1	0
Ozone	std::__1::unique_ptr<std::__1::__tree_node<std::__1::__value_type<PCString, std::__1::shared_ptr<OZFontFace>>, void*>, std::__1::__tree_node_destructor<std::__1::allocator<std::__1::__tree_node<std::__1::__value_type<PCString, std::__1::shared_ptr<OZFontFace>>, void*>>>>	1	0
Ozone	std::__1::pair<std::__1::__tree_iterator<std::__1::__value_type<PCString, OZFontFamily*>, std::__1::__tree_node<std::__1::__value_type<PCString, OZFontFamily*>, void*>*, long>, bool> std::__1::__tree<std::__1::__value_type<PCString, OZFontFamily*>, std::__1::__map_value_compare<PCString, std::__1::pair<PCString const, OZFontFamily*>, std::__1::less<PCString>, true>, std::__1::allocator<std::__1::pair<PCString const, OZFontFamily*>>>::__emplace_unique_key_args<PCString, std::__1::piecewise_construct_t const&, std::__1::tuple<PCString const&>, std::__1	1	0
Ozone	std::__1::vector<std::__1::shared_ptr<OZFontFace>, std::__1::allocator<std::__1::shared_ptr<OZFontFace>>>	1	0
Ozone	std::__1::vector<OZFontCollection*, std::__1::allocator<OZFontCollection*>>	1	0
Ozone	void std::__1::map<unsigned int, CMTime, std::__1::less<unsigned int>, std::__1::allocator<std::__1::pair<unsigned int const, CMTime>>>::insert[abi:nqe210106]<std::__1::__map_const_iterator<std::__1::__tree_const_iterator<std::__1::__value_type<unsigned int, CMTime>, std::__1::__tree_node<std::__1	1	0
Ozone	std::__1::char_traits<char>	1	0
Ozone	std::__1::__non_trivial_if<true, std::__1::allocator<HGBinding>>	1	0
Ozone	std::__1::__non_trivial_if<true, std::__1::allocator<char>>	1	0
Ozone	unsigned long std::__1	1	0
Ozone	std::__1::allocator_traits<std::__1::allocator<HGBinding>>	1	0
Ozone	char const* std::__1	1	0
Ozone	std::__1::pointer_traits<char const*>	1	0
Ozone	void std::__1::__annotate_contiguous_container[abi:dee210106]<std::__1	1	0
Ozone	void std::__1	1	0
Ozone	HGBinding& std::__1::vector<HGBinding, std::__1::allocator<HGBinding>>	1	0
Ozone	void std::__1::vector<HGBinding, std::__1::allocator<HGBinding>>	1	0
Ozone	HGBinding* std::__1::vector<HGBinding, std::__1::allocator<HGBinding>>	1	0
Ozone	void std::__1::allocator<HGBinding>	1	0
Ozone	unsigned long std::__1::allocator_traits<std::__1::allocator<HGBinding>>::max_size[abi:dee210106]<std::__1	1	0
Ozone	std::__1::numeric_limits<long>	1	0
Ozone	unsigned long const& std::__1::min[abi:dee210106]<unsigned long, std::__1	1	0
Ozone	bool std::__1::__less<void, void>	1	0
Ozone	std::__1::__libcpp_numeric_limits<long, true>	1	0
Ozone	unsigned long const& std::__1::max[abi:dee210106]<unsigned long, std::__1	1	0
Ozone	std::__1::__allocation_result<std::__1::allocator_traits<std::__1::allocator<HGBinding>>::pointer> std::__1::__allocate_at_least[abi:dee210106]<std::__1	1	0
Ozone	void std::__1::__uninitialized_allocator_relocate[abi:dee210106]<std::__1	1	0
Ozone	std::__1::enable_if<is_move_constructible<HGBinding*>::value && is_move_assignable<HGBinding*>::value, void>::type std::__1	1	0
Ozone	std::__1::__exception_guard_exceptions<std::__1::_AllocatorDestroyRangeReverse<std::__1::allocator<HGBinding>, HGBinding*>> std::__1::__make_exception_guard[abi:dee210106]<std::__1::_AllocatorDestroyRangeReverse<std::__1	1	0
Ozone	void std::__1::__allocator_destroy[abi:dee210106]<std::__1	1	0
Ozone	void std::__1::__allocator_destroy[abi:dee210106]<std::__1::allocator<HGBinding>, std::__1::reverse_iterator<HGBinding*>, std::__1	1	0
Ozone	bool std::__1	1	0
Ozone	OZCurveSet	1	0
Ozone	OZAutoObjectTabController	1	0
Ozone	OZLayerFramedImageCell	1	0
Ozone	NSDictionary	1	0
Ozone	NSMutableDictionary	1	0
Ozone	OZProScroller	1	0
Ozone	OZEnableCell	1	0
Ozone	OZTimingVerticalSplitView	1	0
Ozone	AVAssetWriter	1	0
Ozone	AVAssetWriterInput	1	0
Ozone	OZDropMenuWindow	1	0
Ozone	OZToolbarSegmentedCell	1	0
Ozone	OZEnvironmentRotationController	1	0
Ozone	OZZoomScroller	1	0
Ozone	OZHUDBackground	1	0
Ozone	OZFootageViewerFilledView	1	0
Ozone	OZTBSearchFieldDelegate	1	0
Ozone	OZChanImageWithOptionsCtlr	1	0
Ozone	NSAttributedString	1	0
Ozone	OZChanFrameController	1	0
Ozone	OZCustomWidthLabeledParamController	1	0
Ozone	OZNonTruncatingFolderGroupController	1	0
Ozone	OZChanAudioTrackRefWithPickerController	1	0
Ozone	OZGeneratorHUDController	1	0
Ozone	OZAutoSceneNodeHUDController	1	0
Ozone	MDPSubmesh	1	0
Ozone	OZSingleChanBHController	1	0
Ozone	OZSegmentationSheetController	1	0
Ozone	OZPlugin	1	0
Ozone	OZ3DExtrusionPropertiesFolderGroupController	1	0
Ozone	OZTXStyleAttributeFolderGroupController	1	0
Ozone	PrivateFolderChannel	1	0
Ozone	OZSplineToolOptions	1	0
Ozone	OZBezierToolOptions	1	0
Ozone	OZBSplineToolOptions	1	0
Ozone	OZMaskSplineToolOptions	1	0
Ozone	OZBezierMaskToolOptions	1	0
Ozone	OZBSplineMaskToolOptions	1	0
Ozone	OZFreehandMaskToolOptions	1	0
Ozone	OZXYTranslate3DHUDButton	1	0
Ozone	OZXZTranslate3DHUDButton	1	0
Ozone	OZScale3DHUDButton	1	0
Ozone	OZChanEnumLayerController	1	0
Ozone	OZMoAnimIndicator	1	0
Ozone	OZMoLabelText	1	0
Ozone	OZSingleChanApplyToCtlr	1	0
Ozone	OZColorPopUpButton	1	0
Ozone	OZMiniCurveEditor	1	0
Ozone	OZCurveEditorCtrl	1	0
Ozone	OZMoCurveSetAnimated	1	0
Ozone	OZMoCurveSetModified	1	0
Ozone	OZColor	1	0
Ozone	OZMoChanPositionPercentCtlr	1	0
Ozone	OZCanvasTimingContainerView	1	0
Ozone	OZLayerListOutlineHeaderView	1	0
Ozone	OZChannelImageForImageWithOptionsController	1	0
Ozone	OZMaterialLayerSubtypeEnumController	1	0
Ozone	OZRigWidgetInspectorTabCtlr	1	0
Ozone	OZNavOutlineDateCell	1	0
Ozone	OZLibraryBaseHistoryEntry	1	0
Ozone	OZTimeDisplaySegmentedScrubber	1	0
Ozone	OZRigSliderMinCtlr	1	0
Ozone	OZRigSliderMaxCtlr	1	0
Ozone	OZPlaylineWindow	1	0
Ozone	OZProTCSegmentedControl	1	0
Ozone	OZMoShapeVerticesController	1	0
Ozone	OZProjectDARCtlr	1	0
Ozone	OZTBSegmentedCell	1	0
Ozone	OZSelectedObjectPreview	1	0
Ozone	OZRigWidgetHUDCtlr	1	0
Ozone	TMThemeHeader	1	0
Ozone	OZAudioTrackInspectorController	1	0
Ozone	OZCameraInspectorController	1	0
Ozone	OZMainContainerModuleDelegate	1	0
Ozone	OZEnableFolderLabelCtlr	1	0
Ozone	OZDistributeLayersTimecodeScrubberCell	1	0
Flexo	FFSynchronizable::WaitHelper	1	0
Flexo	HGNode	1	0
Flexo	std::__1::vector<OMHistoLumRegion, std::__1::allocator<OMHistoLumRegion>>	1	0
Flexo	std::length_error	1	0
Flexo	std	1	0
Flexo	std::__1::__tree<FFSVPriorityEnum, std::__1::less<FFSVPriorityEnum>, std::__1::allocator<FFSVPriorityEnum>>	1	0
Flexo	std::__1::__tree<FFPlayerThreadStateValue, std::__1::less<FFPlayerThreadStateValue>, std::__1::allocator<FFPlayerThreadStateValue>>	1	0
Flexo	std::__1::__tree<AudioComponentDescription, std::__1::less<AudioComponentDescription>, std::__1::allocator<AudioComponentDescription>>	1	0
Flexo	std::__1::__tree<FFMD5, std::__1::less<FFMD5>, std::__1::allocator<FFMD5>>	1	0
Flexo	std::__1::__tree<FFWorkerQueue::ReferenceMapInfo, std::__1::less<FFWorkerQueue::ReferenceMapInfo>, std::__1::allocator<FFWorkerQueue::ReferenceMapInfo>>	1	0
Flexo	std::__1::__tree<FFImageRepDeferredBlockImageAndState::DeferredBlockImageState, std::__1::less<FFImageRepDeferredBlockImageAndState::DeferredBlockImageState>, std::__1::allocator<FFImageRepDeferredBlockImageAndState::DeferredBlockImageState>>	1	0
Flexo	std::__1::__tree<std::__1::__value_type<qos_class_t, FFPrioritizedWorkQueue*>, std::__1::__map_value_compare<qos_class_t, std::__1::pair<qos_class_t const, FFPrioritizedWorkQueue*>, std::__1::less<qos_class_t>, true>, std::__1::allocator<std::__1::pair<qos_class_t const, FFPrioritizedWorkQueue*>>>	1	0
Flexo	std::__1::__tree<std::__1::__value_type<qos_class_t, NSObject<OS_dispatch_queue>*>, std::__1::__map_value_compare<qos_class_t, std::__1::pair<qos_class_t const, NSObject<OS_dispatch_queue>*>, std::__1::less<qos_class_t>, true>, std::__1::allocator<std::__1::pair<qos_class_t const, NSObject<OS_dispatch_queue>*>>>	1	0
Flexo	std::__1::__tree<std::__1::__value_type<FFSVQualityEnum, double>, std::__1::__map_value_compare<FFSVQualityEnum, std::__1::pair<FFSVQualityEnum const, double>, std::__1::less<FFSVQualityEnum>, true>, std::__1::allocator<std::__1::pair<FFSVQualityEnum const, double>>>	1	0
Flexo	std::__1::__tree<std::__1::__value_type<FFThermalStateEnum, double>, std::__1::__map_value_compare<FFThermalStateEnum, std::__1::pair<FFThermalStateEnum const, double>, std::__1::less<FFThermalStateEnum>, true>, std::__1::allocator<std::__1::pair<FFThermalStateEnum const, double>>>	1	0
Flexo	std::__1::__tree<std::__1::__value_type<HPMPictureMetadataKey, void const*>, std::__1::__map_value_compare<HPMPictureMetadataKey, std::__1::pair<HPMPictureMetadataKey const, void const*>, std::__1::less<HPMPictureMetadataKey>, true>, std::__1::allocator<std::__1::pair<HPMPictureMetadataKey const, void const*>>>	1	0
Flexo	std::__1::__tree<std::__1::__value_type<FFMD5, _opaque_pthread_t*>, std::__1::__map_value_compare<FFMD5, std::__1::pair<FFMD5 const, _opaque_pthread_t*>, std::__1::less<FFMD5>, true>, std::__1::allocator<std::__1::pair<FFMD5 const, _opaque_pthread_t*>>>	1	0
Flexo	std::__1::__tree<std::__1::__value_type<CMTime, FFMD5>, std::__1::__map_value_compare<CMTime, std::__1::pair<CMTime const, FFMD5>, std::__1::less<CMTime>, true>, std::__1::allocator<std::__1::pair<CMTime const, FFMD5>>>	1	0
Flexo	std::__1::__tree<std::__1::__value_type<CMTime, std::__1::vector<FFScheduleTokenVTDecode*, std::__1::allocator<FFScheduleTokenVTDecode*>>*>, std::__1::__map_value_compare<CMTime, std::__1::pair<CMTime const, std::__1::vector<FFScheduleTokenVTDecode*, std::__1::allocator<FFScheduleTokenVTDecode*>>*>, std::__1::less<CMTime>, true>, std::__1::allocator<std::__1::pair<CMTime const, std::__1::vector<FFScheduleTokenVTDecode*, std::__1::allocator<FFScheduleTokenVTDecode*>>*>>>	1	0
Flexo	std::__1::__tree<std::__1::__value_type<CMTime, int>, std::__1::__map_value_compare<CMTime, std::__1::pair<CMTime const, int>, std::__1::less<CMTime>, true>, std::__1::allocator<std::__1::pair<CMTime const, int>>>	1	0
Flexo	std::__1::__tree<std::__1::__value_type<std::__1::pair<id<MTLDevice>, MTLPixelFormat>, PainterPipelineStatesForDeviceAndMTLPixelFormat*>, std::__1::__map_value_compare<MTLPixelFormat, std::__1::pair<MTLPixelFormat const, PainterPipelineStatesForDeviceAndMTLPixelFormat>, std::__1::less<MTLPixelFormat>, true>, std::__1::allocator<MTLPixelFormat const>>	1	0
Flexo	std::__1::__tree<std::__1::__value_type<objc_object*, unsigned long>, std::__1::__map_value_compare<objc_object*, std::__1::pair<objc_object* const, unsigned long>, std::__1::less<objc_object*>, true>, std::__1::allocator<std::__1::pair<objc_object* const, unsigned long>>>	1	0
Flexo	std::__1::__tree<std::__1::__value_type<FFAnchoredObject*, FFAudioDuckingChannelMD5Info>, std::__1::__map_value_compare<FFAnchoredObject*, std::__1::pair<FFAnchoredObject* const, FFAudioDuckingChannelMD5Info>, std::__1::less<FFAnchoredObject*>, true>, std::__1::allocator<std::__1::pair<FFAnchoredObject* const, FFAudioDuckingChannelMD5Info>>>	1	0
Flexo	std::__1::__tree<std::__1::__value_type<FFAnchoredObject*, CMTime>, std::__1::__map_value_compare<FFAnchoredObject*, std::__1::pair<FFAnchoredObject* const, CMTime>, std::__1::less<FFAnchoredObject*>, true>, std::__1::allocator<std::__1::pair<FFAnchoredObject* const, CMTime>>>	1	0
Flexo	std::__1::__tree<std::__1::__value_type<FFAnchoredObject*, FFAudioEffectsBussAnchoredObjectDelegate*>, std::__1::__map_value_compare<FFAnchoredObject*, std::__1::pair<FFAnchoredObject* const, FFAudioEffectsBussAnchoredObjectDelegate*>, std::__1::less<FFAnchoredObject*>, true>, std::__1::allocator<std::__1::pair<FFAnchoredObject* const, FFAudioEffectsBussAnchoredObjectDelegate*>>>	1	0
Flexo	std::__1::__tree<std::__1::__value_type<_opaque_pthread_t*, FFStreamSharedHGNodeInfo*>, std::__1::__map_value_compare<_opaque_pthread_t*, std::__1::pair<_opaque_pthread_t* const, FFStreamSharedHGNodeInfo*>, std::__1::less<_opaque_pthread_t*>, true>, std::__1::allocator<std::__1::pair<_opaque_pthread_t* const, FFStreamSharedHGNodeInfo*>>>	1	0
Flexo	std::__1::__tree<std::__1::__value_type<ComponentInstanceRecord*, int>, std::__1::__map_value_compare<ComponentInstanceRecord*, std::__1::pair<ComponentInstanceRecord* const, int>, std::__1::less<ComponentInstanceRecord*>, true>, std::__1::allocator<std::__1::pair<ComponentInstanceRecord* const, int>>>	1	0
Flexo	std::__1::__tree<std::__1::__value_type<FFAudioGainChannelChaser*, void () block_pointer>, std::__1::__map_value_compare<FFAudioGainChannelChaser*, std::__1::pair<FFAudioGainChannelChaser* const, void () block_pointer>, std::__1::less<FFAudioGainChannelChaser*>, true>, std::__1::allocator<std::__1::pair<FFAudioGainChannelChaser* const, void () block_pointer>>>	1	0
Flexo	std::__1::__tree<std::__1::__value_type<FFVideoAnalysisCollatedItemFrame*, double>, std::__1::__map_value_compare<FFVideoAnalysisCollatedItemFrame*, std::__1::pair<FFVideoAnalysisCollatedItemFrame* const, double>, std::__1::less<FFVideoAnalysisCollatedItemFrame*>, true>, std::__1::allocator<std::__1::pair<FFVideoAnalysisCollatedItemFrame* const, double>>>	1	0
Flexo	std::__1::__tree<std::__1::__value_type<FFAsset*, id<FFRAWSettingsControllerMultiSelectable>>, std::__1::__map_value_compare<FFAsset*, std::__1::pair<FFAsset* const, objc_object<FFRAWSettingsControllerMultiSelectable>>, std::__1::less<FFAsset*>, true>, std::__1::allocator<FFAsset* const>>	1	0
Flexo	std::__1::__tree<std::__1::__value_type<NSString*, NSArray<NSString*>*>, std::__1::__map_value_compare<NSString*, std::__1::pair<NSString* const, NSArray<NSString*>*>, std::__1::less<NSString*>, true>, std::__1::allocator<std::__1::pair<NSString* const, NSArray<NSString*>*>>>	1	0
Flexo	std::__1::__tree<std::__1::__value_type<FFLibrary*, FFObjectCache*>, std::__1::__map_value_compare<FFLibrary*, std::__1::pair<FFLibrary* const, FFObjectCache*>, std::__1::less<FFLibrary*>, true>, std::__1::allocator<std::__1::pair<FFLibrary* const, FFObjectCache*>>>	1	0
Flexo	std::__1::__tree<std::__1::__value_type<FxDevice const*, CGSize>, std::__1::__map_value_compare<FxDevice const*, std::__1::pair<FxDevice const* const, CGSize>, std::__1::less<FxDevice const*>, true>, std::__1::allocator<std::__1::pair<FxDevice const* const, CGSize>>>	1	0
Flexo	std::__1::__tree<std::__1::__value_type<FxDevice const*, HGCVPixelBufferPool*>, std::__1::__map_value_compare<FxDevice const*, std::__1::pair<FxDevice const* const, HGCVPixelBufferPool*>, std::__1::less<FxDevice const*>, true>, std::__1::allocator<std::__1::pair<FxDevice const* const, HGCVPixelBufferPool*>>>	1	0
Flexo	std::__1::__tree<std::__1::__value_type<FxDevice const*, double>, std::__1::__map_value_compare<FxDevice const*, std::__1::pair<FxDevice const* const, double>, std::__1::less<FxDevice const*>, true>, std::__1::allocator<std::__1::pair<FxDevice const* const, double>>>	1	0
Flexo	std::__1::__tree<std::__1::__value_type<FxDevice const*, int>, std::__1::__map_value_compare<FxDevice const*, std::__1::pair<FxDevice const* const, int>, std::__1::less<FxDevice const*>, true>, std::__1::allocator<std::__1::pair<FxDevice const* const, int>>>	1	0
Flexo	std::__1::__tree<std::__1::__value_type<id<MTLDevice>, id<MTLLibrary>>, std::__1::__map_value_compare<objc_object<MTLDevice>, std::__1::pair<objc_object<MTLDevice> const, objc_object>, std::__1::less<objc_object<MTLDevice>>, true>, std::__1::allocator<std::__1::pair>>	1	0
Flexo	std::__1::__tree<std::__1::__value_type<void*, FFWorkerQueue::ReferenceMapInfo>, std::__1::__map_value_compare<void*, std::__1::pair<void* const, FFWorkerQueue::ReferenceMapInfo>, std::__1::less<void*>, true>, std::__1::allocator<std::__1::pair<void* const, FFWorkerQueue::ReferenceMapInfo>>>	1	0
Flexo	std::__1::__tree<std::__1::__value_type<void*, void (FFAudioEffectsBuss::Delegate*) block_pointer>, std::__1::__map_value_compare<void*, std::__1::pair<void* const, void (FFAudioEffectsBuss::Delegate*) block_pointer>, std::__1::less<void*>, true>, std::__1::allocator<std::__1::pair<void* const, void (FFAudioEffectsBuss::Delegate*) block_pointer>>>	1	0
Flexo	std::__1::__tree<std::__1::__value_type<double, cc::spatialclustering::datapoint_t<FFVideoAnalysisCollatedFace*, videoanalysis::collation::box_t>>, std::__1::__map_value_compare<double, std::__1::pair<double const, cc::spatialclustering::datapoint_t<FFVideoAnalysisCollatedFace*, videoanalysis::collation::box_t>>, std::__1::less<double>, true>, std::__1::allocator<std::__1::pair<double const, cc::spatialclustering::datapoint_t<FFVideoAnalysisCollatedFace*, videoanalysis::collation::box_t>>>>	1	0
Flexo	std::__1::__tree<std::__1::__value_type<int, AUCallbackGainStageCallback>, std::__1::__map_value_compare<int, std::__1::pair<int const, AUCallbackGainStageCallback>, std::__1::less<int>, true>, std::__1::allocator<std::__1::pair<int const, AUCallbackGainStageCallback>>>	1	0
Flexo	std::__1::__tree<std::__1::__value_type<int, std::__1::pair<NSString*, FFSource*>>, std::__1::__map_value_compare<int, std::__1::pair<int const, std::__1::pair<NSString*, FFSource*>>, std::__1::less<int>, true>, std::__1::allocator<std::__1::pair<int const, std::__1::pair<NSString*, FFSource*>>>>	1	0
Flexo	std::__1::__tree<std::__1::__value_type<int, std::__1::map<int, std::__1::multiset<FFVideoFormat*, VideoFormatRegistry::VideoFormatWidthCompare, std::__1::allocator<FFVideoFormat*>>*, std::__1::less<int>, std::__1::allocator<std::__1::pair<int const, std::__1::multiset<FFVideoFormat*, VideoFormatRegistry::VideoFormatWidthCompare, std::__1::allocator<FFVideoFormat*>>*>>>*>, std::__1::__map_value_compare<int, std::__1::pair<int const, std::__1::map<int, std::__1::multiset<FFVideoFormat*, VideoFormatRegistry::VideoFormatWidthCompare, std::__1::allocator<FFVideoFormat*>>*, std::__1::less<int>, std::__1::allocator<std::__1::pair<int const, std::__1::multiset<FFVideoFormat*, VideoFormatRegistry::VideoFormatWidthCompare, std::__1::allocator<FFVideoFormat*>>*>>>*>, std::__1::less<int>, true>, std::__1::allocator<std::__1::pair<int const, std::__1::map<int, std::__1::multiset<FFVideoFormat*, VideoFormatRegistry::VideoFormatWidthCompare, std::__1::allocator<FFVideoFormat*>>*, std::__1::less<int>, std::__1::allocator<std::__1::pair<int const, std::__1::multiset<FFVideoFormat*, VideoFormatRegistry::VideoFormatWidthCompare, std::__1::allocator<FFVideoFormat*>>*>>>*>>>	1	0
Flexo	std::__1::__tree<std::__1::__value_type<int, std::__1::multiset<FFVideoFormat*, VideoFormatRegistry::VideoFormatWidthCompare, std::__1::allocator<FFVideoFormat*>>*>, std::__1::__map_value_compare<int, std::__1::pair<int const, std::__1::multiset<FFVideoFormat*, VideoFormatRegistry::VideoFormatWidthCompare, std::__1::allocator<FFVideoFormat*>>*>, std::__1::less<int>, true>, std::__1::allocator<std::__1::pair<int const, std::__1::multiset<FFVideoFormat*, VideoFormatRegistry::VideoFormatWidthCompare, std::__1::allocator<FFVideoFormat*>>*>>>	1	0
Flexo	std::__1::__tree<std::__1::__value_type<unsigned int, FFPixelFormat*>, std::__1::__map_value_compare<unsigned int, std::__1::pair<unsigned int const, FFPixelFormat*>, std::__1::less<unsigned int>, true>, std::__1::allocator<std::__1::pair<unsigned int const, FFPixelFormat*>>>	1	0
Flexo	std::__1::__tree<std::__1::__value_type<unsigned int, CHChannelFolder*>, std::__1::__map_value_compare<unsigned int, std::__1::pair<unsigned int const, CHChannelFolder*>, std::__1::less<unsigned int>, true>, std::__1::allocator<std::__1::pair<unsigned int const, CHChannelFolder*>>>	1	0
Flexo	std::__1::__tree<std::__1::__value_type<unsigned int, FFAudioPlayerSourceInfo*>, std::__1::__map_value_compare<unsigned int, std::__1::pair<unsigned int const, FFAudioPlayerSourceInfo*>, std::__1::less<unsigned int>, true>, std::__1::allocator<std::__1::pair<unsigned int const, FFAudioPlayerSourceInfo*>>>	1	0
Flexo	std::__1::__tree<std::__1::__value_type<unsigned int, CHChannel*>, std::__1::__map_value_compare<unsigned int, std::__1::pair<unsigned int const, CHChannel*>, std::__1::less<unsigned int>, true>, std::__1::allocator<std::__1::pair<unsigned int const, CHChannel*>>>	1	0
Flexo	std::__1::__tree<std::__1::__value_type<unsigned int, __CFString const*>, std::__1::__map_value_compare<unsigned int, std::__1::pair<unsigned int const, __CFString const*>, std::__1::less<unsigned int>, true>, std::__1::allocator<std::__1::pair<unsigned int const, __CFString const*>>>	1	0
Flexo	std::__1::__tree<std::__1::__value_type<unsigned int, MXF::MXFEssenceContainer*>, std::__1::__map_value_compare<unsigned int, std::__1::pair<unsigned int const, MXF::MXFEssenceContainer*>, std::__1::less<unsigned int>, true>, std::__1::allocator<std::__1::pair<unsigned int const, MXF::MXFEssenceContainer*>>>	1	0
Flexo	std::__1::__tree<std::__1::__value_type<unsigned int, unsigned int>, std::__1::__map_value_compare<unsigned int, std::__1::pair<unsigned int const, unsigned int>, std::__1::less<unsigned int>, true>, std::__1::allocator<std::__1::pair<unsigned int const, unsigned int>>>	1	0
Flexo	std::__1::__tree<std::__1::__value_type<unsigned int, unsigned long>, std::__1::__map_value_compare<unsigned int, std::__1::pair<unsigned int const, unsigned long>, std::__1::less<unsigned int>, true>, std::__1::allocator<std::__1::pair<unsigned int const, unsigned long>>>	1	0
Flexo	std::__1::__tree<std::__1::__value_type<long, NSString*>, std::__1::__map_value_compare<long, std::__1::pair<long const, NSString*>, std::__1::less<long>, true>, std::__1::allocator<std::__1::pair<long const, NSString*>>>	1	0
Flexo	std::__1::__tree<std::__1::__value_type<unsigned long, cc::spatialclustering::datapoint_t<FFVideoAnalysisCollatedFace*, videoanalysis::collation::box_t>>, std::__1::__map_value_compare<unsigned long, std::__1::pair<unsigned long const, cc::spatialclustering::datapoint_t<FFVideoAnalysisCollatedFace*, videoanalysis::collation::box_t>>, std::__1::less<unsigned long>, true>, std::__1::allocator<std::__1::pair<unsigned long const, cc::spatialclustering::datapoint_t<FFVideoAnalysisCollatedFace*, videoanalysis::collation::box_t>>>>	1	0
Flexo	std::__1::__tree<std::__1::__value_type<unsigned long, double>, std::__1::__map_value_compare<unsigned long, std::__1::pair<unsigned long const, double>, std::__1::less<unsigned long>, true>, std::__1::allocator<std::__1::pair<unsigned long const, double>>>	1	0
Flexo	std::__1::__tree<std::__1::__value_type<unsigned long, float>, std::__1::__map_value_compare<unsigned long, std::__1::pair<unsigned long const, float>, std::__1::less<unsigned long>, true>, std::__1::allocator<std::__1::pair<unsigned long const, float>>>	1	0
Flexo	std::__1::__tree<std::__1::__value_type<unsigned long, unsigned long>, std::__1::__map_value_compare<unsigned long, std::__1::pair<unsigned long const, unsigned long>, std::__1::less<unsigned long>, true>, std::__1::allocator<std::__1::pair<unsigned long const, unsigned long>>>	1	0
Flexo	std::__1::__tree<std::__1::__value_type<long long, int>, std::__1::__map_value_compare<long long, std::__1::pair<long long const, int>, std::__1::less<long long>, true>, std::__1::allocator<std::__1::pair<long long const, int>>>	1	0
Flexo	std::__1::__tree<std::__1::__value_type<unsigned long long, NSData*>, std::__1::__map_value_compare<unsigned long long, std::__1::pair<unsigned long long const, NSData*>, std::__1::less<unsigned long long>, true>, std::__1::allocator<std::__1::pair<unsigned long long const, NSData*>>>	1	0
Flexo	std::__1::__tree<std::__1::__value_type<unsigned long long, PixelFormatListManager::PixelFormatLists*>, std::__1::__map_value_compare<unsigned long long, std::__1::pair<unsigned long long const, PixelFormatListManager::PixelFormatLists*>, std::__1::less<unsigned long long>, true>, std::__1::allocator<std::__1::pair<unsigned long long const, PixelFormatListManager::PixelFormatLists*>>>	1	0
Flexo	std::__1::__tree<FFAudioNode*, std::__1::less<FFAudioNode*>, std::__1::allocator<FFAudioNode*>>	1	0
Flexo	std::__1::__tree<FFVideoFormat*, VideoFormatRegistry::VideoFormatWidthCompare, std::__1::allocator<FFVideoFormat*>>	1	0
Flexo	std::__1::__tree<FFAudioEffectChain*, std::__1::less<FFAudioEffectChain*>, std::__1::allocator<FFAudioEffectChain*>>	1	0
Flexo	std::__1::__tree<opaqueCMSampleBuffer*, std::__1::less<opaqueCMSampleBuffer*>, std::__1::allocator<opaqueCMSampleBuffer*>>	1	0
Flexo	std::__1::__tree<FFAudioDynamicScopingWindow*, std::__1::less<FFAudioDynamicScopingWindow*>, std::__1::allocator<FFAudioDynamicScopingWindow*>>	1	0
Flexo	std::__1::__tree<FFAudioNodeConnection const*, std::__1::less<FFAudioNodeConnection const*>, std::__1::allocator<FFAudioNodeConnection const*>>	1	0
Flexo	std::__1::__tree<FxDevice const*, FxDeviceSortOrderFunctor, std::__1::allocator<FxDevice const*>>	1	0
Flexo	std::__1::__tree<void*, std::__1::less<void*>, std::__1::allocator<void*>>	1	0
Flexo	std::__1::__tree<int, std::__1::less<int>, std::__1::allocator<int>>	1	0
Flexo	void std::__1::__tree_balance_after_insert[abi:nqe210106]<std::__1	1	0
Flexo	std::__1::vector<OZChannelBase*, std::__1::allocator<OZChannelBase*>>	1	0
Flexo	std::__1::vector<Vec2f, std::__1::allocator<Vec2f>>	1	0
Flexo	PCSerializer	1	0
Flexo	void std::__1::__call_once_proxy[abi:nqe210106]<std::__1::tuple<FFOZActiveToolFolder_Factory::getInstance()	1	0
Flexo	void std::__1::__call_once_proxy[abi:nqe210106]<std::__1::tuple<FFOZAudioUnitEffectRootChannel_Factory::getInstance()	1	0
Flexo	OZChannel	1	0
Flexo	void std::__1::__call_once_proxy[abi:nqe210106]<std::__1::tuple<FFOZBlindDataCustomUIChannel_Factory::getInstance()	1	0
Flexo	void std::__1::__call_once_proxy[abi:nqe210106]<std::__1::tuple<(anonymous namespace)::FFOZColorCorrectionUIChannel_Factory::getInstance()	1	0
Flexo	void std::__1::__call_once_proxy[abi:nqe210106]<std::__1::tuple<FFOZMediaRefChannel_Factory::getInstance()	1	0
Flexo	void std::__1::__call_once_proxy[abi:nqe210106]<std::__1::tuple<OZCurveEnumSplineState::getInstance()	1	0
Flexo	void std::__1::__call_once_proxy[abi:nqe210106]<std::__1::tuple<FFOZRiggedChannelFolder_Factory::getInstance()	1	0
Flexo	void std::__1::__call_once_proxy[abi:nqe210106]<std::__1::tuple<FFOZVideoTrackerFolder_Factory::getInstance()	1	0
Flexo	auto_cfref<opaqueCMSampleBuffer*>	1	0
Flexo	std::__1::shared_ptr<FFStreamFlexMusicBuffer> std::__1::allocate_shared[abi:nqe210106]<FFStreamFlexMusicBuffer, std::__1	1	0
Flexo	Synchronizer	1	0
Flexo	std::__1::pair<FFAnchoredObject*, FFAudioDuckingClipInfo>	1	0
Flexo	FFAudioDuckingClipInfo	1	0
Flexo	std::__1::vector<FFAudioDuckingMasterRangeData*, std::__1::allocator<FFAudioDuckingMasterRangeData*>>	1	0
Flexo	std::__1::__tree<std::__1::__value_type<FFAnchoredObject*, std::__1::vector<FFAudioDuckingMasterRangeData*, std::__1::allocator<FFAudioDuckingMasterRangeData*>>>, std::__1::__map_value_compare<FFAnchoredObject*, std::__1::pair<FFAnchoredObject* const, std::__1::vector<FFAudioDuckingMasterRangeData*, std::__1::allocator<FFAudioDuckingMasterRangeData*>>>, std::__1::less<FFAnchoredObject*>, true>, std::__1::allocator<std::__1::pair<FFAnchoredObject* const, std::__1::vector<FFAudioDuckingMasterRangeData*, std::__1::allocator<FFAudioDuckingMasterRangeData*>>>>>	1	0
Flexo	std::__1::__tree<std::__1::__value_type<unsigned long, std::__1::vector<OZChannelBase*, std::__1::allocator<OZChannelBase*>>>, std::__1::__map_value_compare<unsigned long, std::__1::pair<unsigned long const, std::__1::vector<OZChannelBase*, std::__1::allocator<OZChannelBase*>>>, std::__1::less<unsigned long>, true>, std::__1::allocator<std::__1::pair<unsigned long const, std::__1::vector<OZChannelBase*, std::__1::allocator<OZChannelBase*>>>>>	1	0
Flexo	std::out_of_range	1	0
Flexo	std::__1::vector<std::__1::pair<CMTime, float>, std::__1::allocator<std::__1::pair<CMTime, float>>>	1	0
Flexo	std::__1::__tree<std::__1::__value_type<FFAnchoredObject*, FFAudioDuckingClipInfo>, std::__1::__map_value_compare<FFAnchoredObject*, std::__1::pair<FFAnchoredObject* const, FFAudioDuckingClipInfo>, std::__1::less<FFAnchoredObject*>, true>, std::__1::allocator<std::__1::pair<FFAnchoredObject* const, FFAudioDuckingClipInfo>>>	1	0
Flexo	std::__1::vector<FFAudioDuckingChannelData*, std::__1::allocator<FFAudioDuckingChannelData*>>	1	0
Flexo	std::__1::unique_ptr<FFAudioDuckingChannelData, std::__1::default_delete<FFAudioDuckingChannelData>>	1	0
Flexo	std::__1::pair<std::__1::__tree_iterator<std::__1::__value_type<FFAnchoredObject*, FFAudioDuckingClipInfo>, std::__1::__tree_node<std::__1::__value_type<FFAnchoredObject*, FFAudioDuckingClipInfo>, void*>*, long>, bool> std::__1::__tree<std::__1::__value_type<FFAnchoredObject*, FFAudioDuckingClipInfo>, std::__1::__map_value_compare<FFAnchoredObject*, std::__1::pair<FFAnchoredObject* const, FFAudioDuckingClipInfo>, std::__1::less<FFAnchoredObject*>, true>, std::__1::allocator<std::__1::pair<FFAnchoredObject* const, FFAudioDuckingClipInfo>>>::__emplace_unique_key_args<FFAnchoredObject*, std::__1	1	0
Flexo	std::__1::unique_ptr<std::__1::__tree_node<std::__1::__value_type<FFAnchoredObject*, FFAudioDuckingClipInfo>, void*>, std::__1::__tree_node_destructor<std::__1::allocator<std::__1::__tree_node<std::__1::__value_type<FFAnchoredObject*, FFAudioDuckingClipInfo>, void*>>>>	1	0
Flexo	FramesAndTimeInfo	1	0
Flexo	FFCinematicManagerDestructor	1	0
Flexo	FFSharedLockRAIIGuardLockAndUnlocker	1	0
Flexo	std::__1::set<AudioComponentDescription, std::__1::less<AudioComponentDescription>, std::__1::allocator<AudioComponentDescription>>	1	0
Flexo	std::__1::unique_ptr<FFLocker, std::__1::default_delete<FFLocker>>	1	0
Flexo	void std::__1::set<unsigned int, std::__1::less<unsigned int>, std::__1::allocator<unsigned int>>	1	0
Flexo	std::__1::__tree<OZChannelBase*, std::__1::less<OZChannelBase*>, std::__1::allocator<OZChannelBase*>>	1	0
Flexo	std::__1::__tree<unsigned int, std::__1::less<unsigned int>, std::__1::allocator<unsigned int>>	1	0
Flexo	std::__1::vector<ComponentInstanceRecord*, std::__1::allocator<ComponentInstanceRecord*>>	1	0
Flexo	void std::__1::vector<ComponentInstanceRecord*, std::__1::allocator<ComponentInstanceRecord*>>	1	0
Flexo	auto_cfref<__CFDictionary const*>	1	0
Flexo	std::__1::shared_ptr<FFSemaphore>	1	0
Flexo	std::__1::shared_ptr<FFAudioGraph>	1	0
Flexo	std::__1::shared_ptr<FFAudioBufferList>	1	0
Flexo	std::__1::shared_ptr<HGRAWRendererBase>	1	0
Flexo	std::__1::shared_ptr<FFAudioQueueBuffer>	1	0
Flexo	std::__1::shared_ptr<FFAudioInputAdapter>	1	0
Flexo	std::__1::shared_ptr<AudioBufferConverter>	1	0
Flexo	std::__1::shared_ptr<FFAudioPlaybackBuffer>	1	0
Flexo	std::__1::shared_ptr<FFAudioRetimingBuffer>	1	0
Flexo	std::__1::shared_ptr<FFAudioInputGraphAdapter>	1	0
Flexo	std::__1::shared_ptr<FFAudioInputCallbackAdapter>	1	0
Flexo	std::__1::shared_ptr<FFAudioPlaybackSkipStyleScrubBuffer>	1	0
Flexo	std::__1::shared_ptr<FFAudioPlaybackSkipStylePlaybackBuffer>	1	0
Flexo	std::__1::shared_ptr<FFAudioPlaybackSkipStyleStepPlaybackBuffer>	1	0
Flexo	std::__1::shared_ptr<HGComputeDevice const>	1	0
Flexo	std::__1::shared_ptr<HGGPUComputeDevice const>	1	0
Flexo	std::__1::shared_ptr<FFAudioSamplesCache::Block>	1	0
Flexo	std::__1::shared_ptr<FFAudioSamplesCache::Request>	1	0
Flexo	std::__1::shared_ptr<FFAudioSamplesCache::SubCache>	1	0
Flexo	std::__1::shared_ptr<ProResRaw::PluginParams>	1	0
Flexo	std::__1::shared_ptr<ProResRaw::PluginContextXpc>	1	0
Flexo	std::__1::shared_ptr<ProResRaw::PluginContextBase>	1	0
Flexo	std::__1::shared_ptr<ProResRaw::PluginHandlerBase>	1	0
Flexo	std::__1::shared_ptr<ProResRaw::PluginMetadataXpc>	1	0
Flexo	std::__1::shared_ptr<ProResRaw::PluginMetadataBase>	1	0
Flexo	std::__1::shared_ptr<ProResRaw::PluginMetalProcessorBase>	1	0
Flexo	std::__1::shared_ptr<ProResRaw::PluginSettingsContextXpc>	1	0
Flexo	std::__1::shared_ptr<ProResRaw::PluginSettingsController::PluginData>	1	0
Flexo	std::__1::shared_ptr<ProResRaw::PluginSettingsController>	1	0
Flexo	std::__1::shared_ptr<ProResRaw::PluginSettingsContextBase>	1	0
Flexo	std::__1::shared_ptr<ProResRaw::PluginSettingsSnapshotXpc>	1	0
Flexo	std::__1::shared_ptr<ProResRaw::PluginSettingsSnapshotBase>	1	0
Flexo	std::__1::shared_ptr<ProResRaw::PluginSettingsControllerBase>	1	0
Flexo	std::__1::pair<std::__1::shared_ptr<ProResRaw::PluginSettingsControllerBase> const, std::__1::pair<FFAsset*, NSObject*>>	1	0
Flexo	std::__1::unique_ptr<FFWithDisableUndoRegistration, std::__1::default_delete<FFWithDisableUndoRegistration>>	1	0
Flexo	std::__1::unique_ptr<FFAUEventHandlerMediator::HandlerMapInfo, std::__1::default_delete<FFAUEventHandlerMediator::HandlerMapInfo>>	1	0
Flexo	std::__1::__split_buffer<FFAudioUnitParameterInfo, std::__1::allocator<FFAudioUnitParameterInfo>&>	1	0
Flexo	std::__1::vector<FFAudioUnitParameterInfo, std::__1::allocator<FFAudioUnitParameterInfo>>	1	0
Flexo	std::__1::vector<AudioUnitEvent, std::__1::allocator<AudioUnitEvent>>	1	0
Flexo	void std::__1::__tree_remove[abi:nqe210106]<std::__1	1	0
Flexo	FFAudioUnitEffect_Initialize	1	0
Flexo	std::__1::__tree<std::__1::__value_type<AUChannelSupportCache::AUSpecifier, std::__1::vector<AUChannelInfo, std::__1::allocator<AUChannelInfo>>>, std::__1::__map_value_compare<AUChannelSupportCache::AUSpecifier, std::__1::pair<AUChannelSupportCache::AUSpecifier const, std::__1::vector<AUChannelInfo, std::__1::allocator<AUChannelInfo>>>, std::__1::less<AUChannelSupportCache::AUSpecifier>, true>, std::__1::allocator<std::__1::pair<AUChannelSupportCache::AUSpecifier const, std::__1::vector<AUChannelInfo, std::__1::allocator<AUChannelInfo>>>>>	1	0
Flexo	std::__1::vector<AUChannelInfo, std::__1::allocator<AUChannelInfo>>	1	0
Flexo	std::__1::pair<std::__1::__tree_iterator<std::__1::__value_type<AUChannelSupportCache::AUSpecifier, std::__1::vector<AUChannelInfo, std::__1::allocator<AUChannelInfo>>>, std::__1::__tree_node<std::__1::__value_type<AUChannelSupportCache::AUSpecifier, std::__1::vector<AUChannelInfo, std::__1::allocator<AUChannelInfo>>>, void*>*, long>, bool> std::__1::__tree<std::__1::__value_type<AUChannelSupportCache::AUSpecifier, std::__1::vector<AUChannelInfo, std::__1::allocator<AUChannelInfo>>>, std::__1::__map_value_compare<AUChannelSupportCache::AUSpecifier, std::__1::pair<AUChannelSupportCache::AUSpecifier const, std::__1::vector<AUChannelInfo, std::__1::allocator<AUChannelInfo>>>, std::__1::less<AUChannelSupportCache::AUSpecifier>, true>, std::__1::allocator<std::__1::pair<AUChannelSupportCache::AUSpecifier const, std::__1::vector<AUChannelInfo, std::__1::allocator<AUChannelInfo>>>>>::__emplace_unique_key_args<AUChannelSupportCache::AUSpecifier, AUChannelSupportCache::AUSpecifier, std::__1::vector<AUChannelInfo, std::__1	1	0
Flexo	std::__1::unique_ptr<std::__1::__tree_node<std::__1::__value_type<AUChannelSupportCache::AUSpecifier, std::__1::vector<AUChannelInfo, std::__1::allocator<AUChannelInfo>>>, void*>, std::__1::__tree_node_destructor<std::__1::allocator<std::__1::__tree_node<std::__1::__value_type<AUChannelSupportCache::AUSpecifier, std::__1::vector<AUChannelInfo, std::__1::allocator<AUChannelInfo>>>, void*>>>> std::__1::__tree<std::__1::__value_type<AUChannelSupportCache::AUSpecifier, std::__1::vector<AUChannelInfo, std::__1::allocator<AUChannelInfo>>>, std::__1::__map_value_compare<AUChannelSupportCache::AUSpecifier, std::__1::pair<AUChannelSupportCache::AUSpecifier const, std::__1::vector<AUChannelInfo, std::__1::allocator<AUChannelInfo>>>, std::__1::less<AUChannelSupportCache::AUSpecifier>, true>, std::__1::allocator<std::__1::pair<AUChannelSupportCache::AUSpecifier const, std::__1::vector<AUChannelInfo, std::__1::allocator<AUChannelInfo>>>>>::__construct_node<AUChannelSupportCache::AUSpecifier, std::__1::vector<AUChannelInfo, std::__1	1	0
Flexo	std::__1::unique_ptr<std::__1::__tree_node<std::__1::__value_type<AUChannelSupportCache::AUSpecifier, std::__1::vector<AUChannelInfo, std::__1::allocator<AUChannelInfo>>>, void*>, std::__1::__tree_node_destructor<std::__1::allocator<std::__1::__tree_node<std::__1::__value_type<AUChannelSupportCache::AUSpecifier, std::__1::vector<AUChannelInfo, std::__1::allocator<AUChannelInfo>>>, void*>>>>	1	0
Flexo	auto_cfref<__CFArray const*>	1	0
Flexo	std::__1::__exception_guard_exceptions<std::__1::_AllocatorDestroyRangeReverse<std::__1::allocator<FFAudioUnitParameterInfo>, FFAudioUnitParameterInfo*>>	1	0
Flexo	FxColorDescription	1	0
Flexo	bool PCMatrix44Tmpl<double>	1	0
Flexo	OZShapeRenderState	1	0
Flexo	PCColorSpaceHandle	1	0
Flexo	std::__1::list<MaskBaseSubSegmentationInfo, std::__1::allocator<MaskBaseSubSegmentationInfo>>	1	0
Flexo	PCCFRef<__CVBuffer*>	1	0
Flexo	PCCFRef<opaqueCMSampleBuffer*>	1	0
Flexo	PCCFRef<opaqueCMFormatDescription const*>	1	0
Flexo	std::__1::vector<float vector[3], std::__1::allocator<float vector[3]>>	1	0
Flexo	PCColor	1	0
Flexo	OZChannel2D	1	0
Flexo	OZChannelScale	1	0
Flexo	OZChannelShear	1	0
Flexo	PCLockSentry<PCMutex>	1	0
Flexo	OZChannelAngle	1	0
Flexo	void std::__1::__call_once_proxy[abi:nqe210106]<std::__1::tuple<OZChannelAngle::createOZChannelAngleInfo()	1	0
Flexo	void std::__1::__call_once_proxy[abi:nqe210106]<std::__1::tuple<OZChannelAngle::createOZChannelAngleImpl()	1	0
Flexo	void std::__1::__call_once_proxy[abi:nqe210106]<std::__1::tuple<OZCurveAngleSplineState::getInstance()	1	0
Flexo	void std::__1::__call_once_proxy[abi:nqe210106]<std::__1::tuple<FFOZShapeMaskFolder_Factory::getInstance()	1	0
Flexo	void std::__1::vector<PCVector2<double>, std::__1::allocator<PCVector2<double>>>	1	0
Flexo	std::__1::__tree<std::__1::__value_type<FFMD5, PCNSRef<PCWeakPointerValue<VAMLBackgroundMatting*>*>>, std::__1::__map_value_compare<FFMD5, std::__1::pair<FFMD5 const, PCNSRef<PCWeakPointerValue<VAMLBackgroundMatting*>*>>, std::__1::less<FFMD5>, true>, std::__1::allocator<std::__1::pair<FFMD5 const, PCNSRef<PCWeakPointerValue<VAMLBackgroundMatting*>*>>>>	1	0
Flexo	std::__1::__tree_iterator<std::__1::__value_type<FFMD5, PCNSRef<PCWeakPointerValue<VAMLBackgroundMatting*>*>>, std::__1::__tree_node<std::__1::__value_type<FFMD5, PCNSRef<PCWeakPointerValue<VAMLBackgroundMatting*>*>>, void*>*, long> std::__1::__tree<std::__1::__value_type<FFMD5, PCNSRef<PCWeakPointerValue<VAMLBackgroundMatting*>*>>, std::__1::__map_value_compare<FFMD5, std::__1::pair<FFMD5 const, PCNSRef<PCWeakPointerValue<VAMLBackgroundMatting*>*>>, std::__1::less<FFMD5>, true>, std::__1::allocator<std::__1::pair<FFMD5 const, PCNSRef<PCWeakPointerValue<VAMLBackgroundMatting*>*>>>>	1	0
Flexo	std::__1::__tree_node_base<void*>*& std::__1::__tree<std::__1::__value_type<FFMD5, PCNSRef<PCWeakPointerValue<VAMLBackgroundMatting*>*>>, std::__1::__map_value_compare<FFMD5, std::__1::pair<FFMD5 const, PCNSRef<PCWeakPointerValue<VAMLBackgroundMatting*>*>>, std::__1::less<FFMD5>, true>, std::__1::allocator<std::__1::pair<FFMD5 const, PCNSRef<PCWeakPointerValue<VAMLBackgroundMatting*>*>>>>	1	0
Flexo	std::__1::unique_ptr<FFThreadLocalCounterSupport, std::__1::default_delete<FFThreadLocalCounterSupport>>	1	0
Flexo	std::__1::__tree<std::__1::__value_type<FFMD5, PCNSRef<NSMutableArray<PCPair<PCWeakPointerValue<FFImage*>*, FFSVContext*>*>*>>, std::__1::__map_value_compare<FFMD5, std::__1::pair<FFMD5 const, PCNSRef<NSMutableArray<PCPair<PCWeakPointerValue<FFImage*>*, FFSVContext*>*>*>>, std::__1::less<FFMD5>, true>, std::__1::allocator<std::__1::pair<FFMD5 const, PCNSRef<NSMutableArray<PCPair<PCWeakPointerValue<FFImage*>*, FFSVContext*>*>*>>>>	1	0
Flexo	std::__1::list<std::__1::pair<FFSourceVideo*, void*>, std::__1::allocator<std::__1::pair<FFSourceVideo*, void*>>>	1	0
Flexo	std::__1::unique_ptr<FFEffectNodePlaceholderImagesCache::ManageInProgressRAII, std::__1::default_delete<FFEffectNodePlaceholderImagesCache::ManageInProgressRAII>>	1	0
Flexo	std::__1::less<FFMD5>	1	0
Flexo	std::__1::pair<std::__1::__tree_iterator<std::__1::__value_type<FFMD5, PCNSRef<NSMutableArray<PCPair<PCWeakPointerValue<FFImage*>*, FFSVContext*>*>*>>, std::__1::__tree_node<std::__1::__value_type<FFMD5, PCNSRef<NSMutableArray<PCPair<PCWeakPointerValue<FFImage*>*, FFSVContext*>*>*>>, void*>*, long>, bool> std::__1::__tree<std::__1::__value_type<FFMD5, PCNSRef<NSMutableArray<PCPair<PCWeakPointerValue<FFImage*>*, FFSVContext*>*>*>>, std::__1::__map_value_compare<FFMD5, std::__1::pair<FFMD5 const, PCNSRef<NSMutableArray<PCPair<PCWeakPointerValue<FFImage*>*, FFSVContext*>*>*>>, std::__1::less<FFMD5>, true>, std::__1::allocator<std::__1::pair<FFMD5 const, PCNSRef<NSMutableArray<PCPair<PCWeakPointerValue<FFImage*>*, FFSVContext*>*>*>>>>::__emplace_unique_key_args<FFMD5, std::__1::piecewise_construct_t const&, std::__1::tuple<FFMD5 const&>, std::__1	1	0
Flexo	std::__1::pair<std::__1::__tree_iterator<std::__1::__value_type<FFMD5, _opaque_pthread_t*>, std::__1::__tree_node<std::__1::__value_type<FFMD5, _opaque_pthread_t*>, void*>*, long>, bool> std::__1::__tree<std::__1::__value_type<FFMD5, _opaque_pthread_t*>, std::__1::__map_value_compare<FFMD5, std::__1::pair<FFMD5 const, _opaque_pthread_t*>, std::__1::less<FFMD5>, true>, std::__1::allocator<std::__1::pair<FFMD5 const, _opaque_pthread_t*>>>::__emplace_unique_key_args<FFMD5, std::__1::piecewise_construct_t const&, std::__1::tuple<FFMD5 const&>, std::__1	1	0
Flexo	FFEffectNodePlaceholderImagesCache::ManageInProgressRAII	1	0
Flexo	unsigned long std::__1::__tree<std::__1::__value_type<FFMD5, _opaque_pthread_t*>, std::__1::__map_value_compare<FFMD5, std::__1::pair<FFMD5 const, _opaque_pthread_t*>, std::__1::less<FFMD5>, true>, std::__1::allocator<std::__1::pair<FFMD5 const, _opaque_pthread_t*>>>	1	0
Flexo	std::__1::vector<objc_class*, std::__1::allocator<objc_class*>>	1	0
Flexo	std::__1::unique_ptr<FFNRRendererInfoManager, std::__1::default_delete<FFNRRendererInfoManager>>	1	0
Flexo	std::__1::unique_ptr<std::__1::vector<FFRetimingAudioSegment, std::__1::allocator<FFRetimingAudioSegment>>, std::__1::default_delete<std::__1::vector<FFRetimingAudioSegment, std::__1::allocator<FFRetimingAudioSegment>>>>	1	0
Flexo	std::__1::__tree<std::__1::__value_type<int, (anonymous namespace)::conversion_t>, std::__1::__map_value_compare<int, std::__1::pair<int const, (anonymous namespace)::conversion_t>, std::__1::less<int>, true>, std::__1::allocator<std::__1::pair<int const, (anonymous namespace)::conversion_t>>>	1	0
Flexo	std::__1::unique_ptr<std::__1::__tree_node<std::__1::__value_type<int, (anonymous namespace)::conversion_t>, void*>, std::__1::__tree_node_destructor<std::__1::allocator<std::__1::__tree_node<std::__1::__value_type<int, (anonymous namespace)::conversion_t>, void*>>>>	1	0
Flexo	std::__1::basic_ostream<char, std::__1::char_traits<char>>& std::__1::endl[abi:nqe210106]<char, std::__1	1	0
Flexo	std::__1::basic_ostream<char, std::__1::char_traits<char>>& std::__1::__put_character_sequence[abi:nqe210106]<char, std::__1	1	0
Flexo	std::__1::ostreambuf_iterator<char, std::__1::char_traits<char>> std::__1::__pad_and_output[abi:nqe210106]<char, std::__1	1	0
Flexo	std::__1::map<qos_class_t, NSObject<OS_dispatch_queue>*, std::__1::less<qos_class_t>, std::__1::allocator<std::__1::pair<qos_class_t const, NSObject<OS_dispatch_queue>*>>>	1	0
Flexo	std::__1::vector<std::__1::shared_ptr<HGComputeDevice const>, std::__1::allocator<std::__1::shared_ptr<HGComputeDevice const>>>	1	0
Flexo	NodeLocationWarningOnce	1	0
Flexo	std::__1::map<FxDevice const*, CGSize, std::__1::less<FxDevice const*>, std::__1::allocator<std::__1::pair<FxDevice const* const, CGSize>>>	1	0
Flexo	std::__1::map<FxDevice const*, double, std::__1::less<FxDevice const*>, std::__1::allocator<std::__1::pair<FxDevice const* const, double>>>	1	0
Flexo	std::__1::pair<std::__1::__tree_iterator<FxDevice const*, std::__1::__tree_node<FxDevice const*, void*>*, long>, bool> std::__1::__tree<FxDevice const*, FxDeviceSortOrderFunctor, std::__1::allocator<FxDevice const*>>	1	0
Flexo	std::__1::__list_imp<FFMediaCursorType, std::__1::allocator<FFMediaCursorType>>	1	0
Flexo	std::__1::__list_imp<_NSRange, std::__1::allocator<_NSRange>>	1	0
Flexo	std::__1::__list_imp<NSString*, std::__1::allocator<NSString*>>	1	0
Flexo	std::__1::__list_imp<void const*, std::__1::allocator<void const*>>	1	0
Flexo	std::__1::list<HPMChannelTagType, std::__1::allocator<HPMChannelTagType>>	1	0
Flexo	std::__1::list<_NSRange, std::__1::allocator<_NSRange>>	1	0
Flexo	std::__1::list<ProResRaw::SetCurrentValueResult, std::__1::allocator<ProResRaw::SetCurrentValueResult>>	1	0
Flexo	std::__1::list<MXFMedia*, std::__1::allocator<MXFMedia*>>	1	0
Flexo	std::__1::list<NSString*, std::__1::allocator<NSString*>>	1	0
Flexo	std::__1::list<FxDeviceSet const*, std::__1::allocator<FxDeviceSet const*>>	1	0
Flexo	std::__1::list<FxDevice const*, std::__1::allocator<FxDevice const*>>	1	0
Flexo	std::__1::list<MXF::MXObject const*, std::__1::allocator<MXF::MXObject const*>>	1	0
Flexo	std::__1::list<void const*, std::__1::allocator<void const*>>	1	0
Flexo	std::__1::list<MXF::MXFLUT*, std::__1::allocator<MXF::MXFLUT*>>	1	0
Flexo	std::__1::list<void*, std::__1::allocator<void*>>	1	0
Flexo	std::__1::list<unsigned int, std::__1::allocator<unsigned int>>	1	0
Flexo	std::__1::map<FxDevice const*, int, std::__1::less<FxDevice const*>, std::__1::allocator<std::__1::pair<FxDevice const* const, int>>>	1	0
Flexo	void std::__1::__tree<std::__1::__value_type<FxDevice const*, int>, std::__1::__map_value_compare<FxDevice const*, std::__1::pair<FxDevice const* const, int>, std::__1::less<FxDevice const*>, true>, std::__1::allocator<std::__1::pair<FxDevice const* const, int>>>::__assign_multi<std::__1::__tree_const_iterator<std::__1::__value_type<FxDevice const*, int>, std::__1::__tree_node<std::__1	1	0
Flexo	std::__1::__tree_iterator<std::__1::__value_type<FxDevice const*, int>, std::__1::__tree_node<std::__1::__value_type<FxDevice const*, int>, void*>*, long> std::__1::__tree<std::__1::__value_type<FxDevice const*, int>, std::__1::__map_value_compare<FxDevice const*, std::__1::pair<FxDevice const* const, int>, std::__1::less<FxDevice const*>, true>, std::__1::allocator<std::__1::pair<FxDevice const* const, int>>>::__emplace_hint_multi<std::__1	1	0
Flexo	std::__1::vector<int, std::__1::allocator<int>>	1	0
Flexo	std::__1::__list_iterator<FxDeviceSet const*, void*> std::__1::list<FxDeviceSet const*, std::__1::allocator<FxDeviceSet const*>>	1	0
Flexo	std::__1::set<FFImageRepDeferredBlockImageAndState::DeferredBlockImageState, std::__1::less<FFImageRepDeferredBlockImageAndState::DeferredBlockImageState>, std::__1::allocator<FFImageRepDeferredBlockImageAndState::DeferredBlockImageState>>	1	0
Flexo	std::__1::pair<FFImageRepDeferredBlockImageAndState::DeferredBlockImageState const, std::__1::set<FFImageRepDeferredBlockImageAndState::DeferredBlockImageState, std::__1::less<FFImageRepDeferredBlockImageAndState::DeferredBlockImageState>, std::__1::allocator<FFImageRepDeferredBlockImageAndState::DeferredBlockImageState>>>::pair[abi:nqe210106]<std::__1::__check_pair_construction<FFImageRepDeferredBlockImageAndState::DeferredBlockImageState const, std::__1::set<FFImageRepDeferredBlockImageAndState::DeferredBlockImageState, std::__1::less<FFImageRepDeferredBlockImageAndState::DeferredBlockImageState>, std::__1::allocator<FFImageRepDeferredBlockImageAndState	1	0
Flexo	std::__1::map<FxDevice const*, PCNSRef<NSObject<OS_dispatch_queue>*>, std::__1::less<FxDevice const*>, std::__1::allocator<std::__1::pair<FxDevice const* const, PCNSRef<NSObject<OS_dispatch_queue>*>>>>	1	0
Flexo	std::__1::__tree<std::__1::__value_type<FxDevice const*, PCNSRef<NSObject<OS_dispatch_queue>*>>, std::__1::__map_value_compare<FxDevice const*, std::__1::pair<FxDevice const* const, PCNSRef<NSObject<OS_dispatch_queue>*>>, std::__1::less<FxDevice const*>, true>, std::__1::allocator<std::__1::pair<FxDevice const* const, PCNSRef<NSObject<OS_dispatch_queue>*>>>>	1	0
Flexo	void std::__1::set<FFPlayerThreadStateValue, std::__1::less<FFPlayerThreadStateValue>, std::__1::allocator<FFPlayerThreadStateValue>>	1	0
Flexo	void std::__1::set<FFImageRepDeferredBlockImageAndState::DeferredBlockImageState, std::__1::less<FFImageRepDeferredBlockImageAndState::DeferredBlockImageState>, std::__1::allocator<FFImageRepDeferredBlockImageAndState::DeferredBlockImageState>>::insert[abi:nqe210106]<FFImageRepDeferredBlockImageAndState	1	0
Flexo	void std::__1::set<FFPlayerThreadStateValue, std::__1::less<FFPlayerThreadStateValue>, std::__1::allocator<FFPlayerThreadStateValue>>::insert[abi:nqe210106]<std::__1::__tree_const_iterator<FFPlayerThreadStateValue, std::__1	1	0
Flexo	void std::__1::set<FFImageRepDeferredBlockImageAndState::DeferredBlockImageState, std::__1::less<FFImageRepDeferredBlockImageAndState::DeferredBlockImageState>, std::__1::allocator<FFImageRepDeferredBlockImageAndState::DeferredBlockImageState>>::insert[abi:nqe210106]<std::__1::__tree_const_iterator<FFImageRepDeferredBlockImageAndState::DeferredBlockImageState, std::__1::__tree_node<FFImageRepDeferredBlockImageAndState	1	0
Flexo	std::__1::pair<std::__1::__tree_iterator<std::__1::__value_type<FFImageRepDeferredBlockImageAndState::DeferredBlockImageState, std::__1::set<FFImageRepDeferredBlockImageAndState::DeferredBlockImageState, std::__1::less<FFImageRepDeferredBlockImageAndState::DeferredBlockImageState>, std::__1::allocator<FFImageRepDeferredBlockImageAndState::DeferredBlockImageState>>>, std::__1::__tree_node<std::__1::__value_type<FFImageRepDeferredBlockImageAndState::DeferredBlockImageState, std::__1::set<FFImageRepDeferredBlockImageAndState::DeferredBlockImageState, std::__1::less<FFImageRepDeferredBlockImageAndState::DeferredBlockImageState>, std::__1::allocator<FFImageRepDeferredBlockImageAndState::DeferredBlockImageState>>>, void*>*, long>, bool> std::__1::__tree<std::__1::__value_type<FFImageRepDeferredBlockImageAndState::DeferredBlockImageState, std::__1::set<FFImageRepDeferredBlockImageAndState::DeferredBlockImageState, std::__1::less<FFImageRepDeferredBlockImageAndState::DeferredBlockImageState>, std::__1::allocator<FFImageRepDeferredBlockImageAndState::DeferredBlockImageState>>>, std::__1::__map_value_compare<FFImageRepDeferredBlockImageAndState::DeferredBlockImageState, std::__1::pair<FFImageRepDeferredBlockImageAndState::DeferredBlockImageState const, std::__1::set<FFImageRepDeferredBlockImageAndState::DeferredBlockImageState, std::__1::less<FFImageRepDeferredBlockImageAndState::DeferredBlockImageState>, std::__1::allocator<FFImageRepDeferredBlockImageAndState::DeferredBlockImageState>>>, std::__1::less<FFImageRepDeferredBlockImageAndState::DeferredBlockImageState>, true>, std::__1::allocator<std::__1::pair<FFImageRepDeferredBlockImageAndState::DeferredBlockImageState const, std::__1::set<FFImageRepDeferredBlockImageAndState::DeferredBlockImageState, std::__1::less<FFImageRepDeferredBlockImageAndState::DeferredBlockImageState>, std::__1::allocator<FFImageRepDeferredBlockImageAndState::DeferredBlockImageState>>>>>::__emplace_hint_unique_key_args<FFImageRepDeferredBlockImageAndState::DeferredBlockImageState, std::__1::pair<FFImageRepDeferredBlockImageAndState::DeferredBlockImageState const, std::__1::set<FFImageRepDeferredBlockImageAndState::DeferredBlockImageState, std::__1::less<FFImageRepDeferredBlockImageAndState::DeferredBlockImageState>, std::__1::allocator<FFImageRepDeferredBlockImageAndState	1	0
Flexo	std::__1::__tree_node_base<void*>*& std::__1::__tree<std::__1::__value_type<FFThermalStateEnum, double>, std::__1::__map_value_compare<FFThermalStateEnum, std::__1::pair<FFThermalStateEnum const, double>, std::__1::less<FFThermalStateEnum>, true>, std::__1::allocator<std::__1::pair<FFThermalStateEnum const, double>>>	1	0
Flexo	std::__1::__tree_node_base<void*>*& std::__1::__tree<std::__1::__value_type<FFPlayerThreadStateValue, std::__1::set<FFPlayerThreadStateValue, std::__1::less<FFPlayerThreadStateValue>, std::__1::allocator<FFPlayerThreadStateValue>>>, std::__1::__map_value_compare<FFPlayerThreadStateValue, std::__1::pair<FFPlayerThreadStateValue const, std::__1::set<FFPlayerThreadStateValue, std::__1::less<FFPlayerThreadStateValue>, std::__1::allocator<FFPlayerThreadStateValue>>>, std::__1::less<FFPlayerThreadStateValue>, true>, std::__1::allocator<std::__1::pair<FFPlayerThreadStateValue const, std::__1::set<FFPlayerThreadStateValue, std::__1::less<FFPlayerThreadStateValue>, std::__1::allocator<FFPlayerThreadStateValue>>>>>	1	0
Flexo	std::__1::__tree_node_base<void*>*& std::__1::__tree<std::__1::__value_type<FFImageRepDeferredBlockImageAndState::DeferredBlockImageState, std::__1::set<FFImageRepDeferredBlockImageAndState::DeferredBlockImageState, std::__1::less<FFImageRepDeferredBlockImageAndState::DeferredBlockImageState>, std::__1::allocator<FFImageRepDeferredBlockImageAndState::DeferredBlockImageState>>>, std::__1::__map_value_compare<FFImageRepDeferredBlockImageAndState::DeferredBlockImageState, std::__1::pair<FFImageRepDeferredBlockImageAndState::DeferredBlockImageState const, std::__1::set<FFImageRepDeferredBlockImageAndState::DeferredBlockImageState, std::__1::less<FFImageRepDeferredBlockImageAndState::DeferredBlockImageState>, std::__1::allocator<FFImageRepDeferredBlockImageAndState::DeferredBlockImageState>>>, std::__1::less<FFImageRepDeferredBlockImageAndState::DeferredBlockImageState>, true>, std::__1::allocator<std::__1::pair<FFImageRepDeferredBlockImageAndState::DeferredBlockImageState const, std::__1::set<FFImageRepDeferredBlockImageAndState::DeferredBlockImageState, std::__1::less<FFImageRepDeferredBlockImageAndState::DeferredBlockImageState>, std::__1::allocator<FFImageRepDeferredBlockImageAndState::DeferredBlockImageState>>>>>::__find_equal<FFImageRepDeferredBlockImageAndState	1	0
Flexo	std::__1::unique_ptr<std::__1::__tree_node<std::__1::__value_type<FFPlayerThreadStateValue, std::__1::set<FFPlayerThreadStateValue, std::__1::less<FFPlayerThreadStateValue>, std::__1::allocator<FFPlayerThreadStateValue>>>, void*>, std::__1::__tree_node_destructor<std::__1::allocator<std::__1::__tree_node<std::__1::__value_type<FFPlayerThreadStateValue, std::__1::set<FFPlayerThreadStateValue, std::__1::less<FFPlayerThreadStateValue>, std::__1::allocator<FFPlayerThreadStateValue>>>, void*>>>>	1	0
Flexo	std::__1::unique_ptr<std::__1::__tree_node<std::__1::__value_type<FFImageRepDeferredBlockImageAndState::DeferredBlockImageState, std::__1::set<FFImageRepDeferredBlockImageAndState::DeferredBlockImageState, std::__1::less<FFImageRepDeferredBlockImageAndState::DeferredBlockImageState>, std::__1::allocator<FFImageRepDeferredBlockImageAndState::DeferredBlockImageState>>>, void*>, std::__1::__tree_node_destructor<std::__1::allocator<std::__1::__tree_node<std::__1::__value_type<FFImageRepDeferredBlockImageAndState::DeferredBlockImageState, std::__1::set<FFImageRepDeferredBlockImageAndState::DeferredBlockImageState, std::__1::less<FFImageRepDeferredBlockImageAndState::DeferredBlockImageState>, std::__1::allocator<FFImageRepDeferredBlockImageAndState::DeferredBlockImageState>>>, void*>>>>	1	0
Flexo	std::__1::__tree<std::__1::__value_type<FFImageRepDeferredBlockImageAndState::DeferredBlockImageState, std::__1::set<FFImageRepDeferredBlockImageAndState::DeferredBlockImageState, std::__1::less<FFImageRepDeferredBlockImageAndState::DeferredBlockImageState>, std::__1::allocator<FFImageRepDeferredBlockImageAndState::DeferredBlockImageState>>>, std::__1::__map_value_compare<FFImageRepDeferredBlockImageAndState::DeferredBlockImageState, std::__1::pair<FFImageRepDeferredBlockImageAndState::DeferredBlockImageState const, std::__1::set<FFImageRepDeferredBlockImageAndState::DeferredBlockImageState, std::__1::less<FFImageRepDeferredBlockImageAndState::DeferredBlockImageState>, std::__1::allocator<FFImageRepDeferredBlockImageAndState::DeferredBlockImageState>>>, std::__1::less<FFImageRepDeferredBlockImageAndState::DeferredBlockImageState>, true>, std::__1::allocator<std::__1::pair<FFImageRepDeferredBlockImageAndState::DeferredBlockImageState const, std::__1::set<FFImageRepDeferredBlockImageAndState::DeferredBlockImageState, std::__1::less<FFImageRepDeferredBlockImageAndState::DeferredBlockImageState>, std::__1::allocator<FFImageRepDeferredBlockImageAndState::DeferredBlockImageState>>>>>	1	0
Flexo	FFScopedContextSmashChecker	1	0
Flexo	Log3DLUTParams	1	0
Flexo	PCCFRef<__CFDictionary*>	1	0
Flexo	std::__1::__tree<std::__1::__value_type<long long, std::__1::shared_ptr<FFAudioSamplesCache::Block>>, std::__1::__map_value_compare<long long, std::__1::pair<long long const, std::__1::shared_ptr<FFAudioSamplesCache::Block>>, std::__1::less<long long>, true>, std::__1::allocator<std::__1::pair<long long const, std::__1::shared_ptr<FFAudioSamplesCache::Block>>>>	1	0
Flexo	std::__1::__tree<std::__1::__value_type<unsigned long long, std::__1::shared_ptr<ProResRaw::PluginMetalProcessorBase>>, std::__1::__map_value_compare<unsigned long long, std::__1::pair<unsigned long long const, std::__1::shared_ptr<ProResRaw::PluginMetalProcessorBase>>, std::__1::less<unsigned long long>, true>, std::__1::allocator<std::__1::pair<unsigned long long const, std::__1::shared_ptr<ProResRaw::PluginMetalProcessorBase>>>>	1	0
Flexo	std::__1::pair<unsigned long long const, std::__1::shared_ptr<ProResRaw::PluginMetalProcessorBase>>	1	0
Flexo	HGColorConform::GDCParameters	1	0
Flexo	std::__1::vector<unsigned char const*, std::__1::allocator<unsigned char const*>>	1	0
Flexo	std::__1::vector<ReferenceWBFactorPair, std::__1::allocator<ReferenceWBFactorPair>>	1	0
Flexo	WBDataParser<(WBDataType)0>	1	0
Flexo	WBDataParser<(WBDataType)1>	1	0
Flexo	std::__1::vector<ReferenceCTM, std::__1::allocator<ReferenceCTM>>	1	0
Flexo	HGVTRAWProcessorRendererBase	1	0
Flexo	HGSourceNodePreloadList	1	0
Flexo	std::__1::vector<CMTimeRange, std::__1::allocator<CMTimeRange>>	1	0
Flexo	std::__1::__wrap_iter<CMTimeRange*> std::__1::vector<CMTimeRange, std::__1::allocator<CMTimeRange>>	1	0
Flexo	void std::__1::vector<CMTimeRange, std::__1::allocator<CMTimeRange>>	1	0
Flexo	std::__1::vector<FFMD5, std::__1::allocator<FFMD5>>	1	0
Flexo	std::__1::pair<FFAudioPanAdvancedSettingChannelKey, std::__1::vector<OZChannelBase*, std::__1::allocator<OZChannelBase*>>>	1	0
Flexo	std::__1::__tree<std::__1::__value_type<FFAudioPanAdvancedSettingChannelKey, std::__1::vector<OZChannelBase*, std::__1::allocator<OZChannelBase*>>>, std::__1::__map_value_compare<FFAudioPanAdvancedSettingChannelKey, std::__1::pair<FFAudioPanAdvancedSettingChannelKey const, std::__1::vector<OZChannelBase*, std::__1::allocator<OZChannelBase*>>>, std::__1::less<FFAudioPanAdvancedSettingChannelKey>, true>, std::__1::allocator<std::__1::pair<FFAudioPanAdvancedSettingChannelKey const, std::__1::vector<OZChannelBase*, std::__1::allocator<OZChannelBase*>>>>>	1	0
Flexo	FFAudioPanAdvancedSettingChannelKey* std::__1::vector<FFAudioPanAdvancedSettingChannelKey, std::__1::allocator<FFAudioPanAdvancedSettingChannelKey>>	1	0
Flexo	std::__1::__split_buffer<FFAudioPanAdvancedSettingChannelKey, std::__1::allocator<FFAudioPanAdvancedSettingChannelKey>&>	1	0
Flexo	std::__1::__exception_guard_exceptions<std::__1::_AllocatorDestroyRangeReverse<std::__1::allocator<FFAudioPanAdvancedSettingChannelKey>, FFAudioPanAdvancedSettingChannelKey*>>	1	0
Flexo	std::__1::unique_ptr<std::__1::__tree_node<std::__1::__value_type<FFAudioPanAdvancedSettingChannelKey, std::__1::vector<OZChannelBase*, std::__1::allocator<OZChannelBase*>>>, void*>, std::__1::__tree_node_destructor<std::__1::allocator<std::__1::__tree_node<std::__1::__value_type<FFAudioPanAdvancedSettingChannelKey, std::__1::vector<OZChannelBase*, std::__1::allocator<OZChannelBase*>>>, void*>>>>	1	0
Flexo	std::__1::unique_ptr<FlushManager, std::__1::default_delete<FlushManager>>	1	0
Flexo	std::__1::pair<std::__1::__tree_iterator<std::__1::__value_type<CMTime, FFMD5>, std::__1::__tree_node<std::__1::__value_type<CMTime, FFMD5>, void*>*, long>, bool> std::__1::__tree<std::__1::__value_type<CMTime, FFMD5>, std::__1::__map_value_compare<CMTime, std::__1::pair<CMTime const, FFMD5>, std::__1::less<CMTime>, true>, std::__1::allocator<std::__1::pair<CMTime const, FFMD5>>>::__emplace_unique_key_args<CMTime, std::__1	1	0
Flexo	unsigned long std::__1::__tree<CMTime, std::__1::less<CMTime>, std::__1::allocator<CMTime>>	1	0
Flexo	unsigned long std::__1::__tree<std::__1::__value_type<CMTime, FFMD5>, std::__1::__map_value_compare<CMTime, std::__1::pair<CMTime const, FFMD5>, std::__1::less<CMTime>, true>, std::__1::allocator<std::__1::pair<CMTime const, FFMD5>>>	1	0
Flexo	std::__1::vector<FFVideoScopesRenderer<histogram_state_t, 4ul>::Compute, std::__1::allocator<FFVideoScopesRenderer<histogram_state_t, 4ul>::Compute>>::__destroy_vector	1	0
Flexo	std::__1::map<long, NSString*, std::__1::less<long>, std::__1::allocator<std::__1::pair<long const, NSString*>>>	1	0
Flexo	auto FFVideoScopesRenderer<histogram_state_t, 4ul>	1	0
Flexo	FFVideoScopesRenderer<histogram_state_t, 4ul>::Compute	1	0
Flexo	FFVideoScopesRenderer<histogram_state_t, 4ul>::Compute* std::__1::vector<FFVideoScopesRenderer<histogram_state_t, 4ul>::Compute, std::__1::allocator<FFVideoScopesRenderer<histogram_state_t, 4ul>::Compute>>::__emplace_back_slow_path<FFVideoScopesRenderer<histogram_state_t, 4ul>	1	0
Flexo	std::__1::vector<FFVideoScopesRenderer<histogram_state_t, 4ul>::Compute, std::__1::allocator<FFVideoScopesRenderer<histogram_state_t, 4ul>::Compute>>	1	0
Flexo	void std::__1::__uninitialized_allocator_relocate[abi:nqe210106]<std::__1::allocator<FFVideoScopesRenderer<histogram_state_t, 4ul>::Compute>, FFVideoScopesRenderer<histogram_state_t, 4ul>	1	0
Flexo	std::__1::__exception_guard_exceptions<std::__1::_AllocatorDestroyRangeReverse<std::__1::allocator<FFVideoScopesRenderer<histogram_state_t, 4ul>::Compute>, FFVideoScopesRenderer<histogram_state_t, 4ul>::Compute*>>	1	0
Flexo	std::__1::__split_buffer<FFVideoScopesRenderer<histogram_state_t, 4ul>::Compute, std::__1::allocator<FFVideoScopesRenderer<histogram_state_t, 4ul>::Compute>&>	1	0
Flexo	std::__1::__split_buffer<PCNSRef<id<MTLBuffer>>, std::__1::allocator<id<MTLBuffer>>&>	1	0
Flexo	std::__1::__exception_guard_exceptions<std::__1::_AllocatorDestroyRangeReverse<std::__1::allocator<PCNSRef<id<MTLBuffer>>>, id<MTLBuffer>*>>	1	0
Flexo	std::__1::vector<unsigned long, std::__1::allocator<unsigned long>>	1	0
Flexo	std::__1::vector<FFVideoScopesRenderer<vectorscope_state_t, 2ul>::Compute, std::__1::allocator<FFVideoScopesRenderer<vectorscope_state_t, 2ul>::Compute>>::__destroy_vector	1	0
Flexo	id<MTLBuffer>* std::__1::vector<PCNSRef<id<MTLBuffer>>, std::__1::allocator<id<MTLBuffer>>>	1	0
Flexo	std::__1::vector<FFVideoScopesRenderer<waveform_state_t, 3ul>::Compute, std::__1::allocator<FFVideoScopesRenderer<waveform_state_t, 3ul>::Compute>>::__destroy_vector	1	0
Flexo	std::__1::vector<ProResRaw::PluginDescriptor, std::__1::allocator<ProResRaw::PluginDescriptor>>::__destroy_vector	1	0
Flexo	std::__1::__split_buffer<ProResRaw::PluginDescriptor, std::__1::allocator<ProResRaw::PluginDescriptor>&>	1	0
Flexo	std::__1::tuple<std::__1::shared_ptr<ProResRaw::PluginContextXpc>, std::__1::shared_ptr<ProResRaw::PluginMetadataXpc>>	1	0
Flexo	std::__1::tuple<std::__1::shared_ptr<ProResRaw::PluginMetadataXpc>, std::__1::shared_ptr<ProResRaw::PluginContextXpc>>	1	0
Flexo	std::__1::tuple<std::__1::shared_ptr<ProResRaw::PluginMetalProcessorXpc>, std::__1::shared_ptr<ProResRaw::PluginSettingsSnapshotXpc>>	1	0
Flexo	std::__1::shared_ptr<ProResRaw::PluginContextXpc> std::__1::allocate_shared[abi:nqe210106]<ProResRaw::PluginContextXpc, std::__1::allocator<ProResRaw	1	0
Flexo	std::__1::__shared_ptr_emplace<ProResRaw::PluginMetadataXpc, std::__1::allocator<ProResRaw::PluginMetadataXpc>>::__shared_ptr_emplace[abi:nqe210106]<std::__1::basic_string<char, std::__1::char_traits<char>, std::__1::allocator<char>>&, NSDictionary*, std::__1::allocator<ProResRaw	1	0
Flexo	void std::__1::allocator<ProResRaw::PluginSettingsContextXpc>::construct[abi:nqe210106]<ProResRaw::PluginSettingsContextXpc, std::__1::basic_string<char, std::__1::char_traits<char>, std::__1::allocator<char>>, std::__1::shared_ptr<ProResRaw::PluginContextXpc>&, std::__1::shared_ptr<ProResRaw	1	0
Flexo	void std::__1::allocator<ProResRaw::PluginSettingsSnapshotXpc>::construct[abi:nqe210106]<ProResRaw::PluginSettingsSnapshotXpc, std::__1::basic_string<char, std::__1::char_traits<char>, std::__1::allocator<char>>, std::__1::shared_ptr<ProResRaw	1	0
Flexo	std::__1::shared_ptr<ProResRaw::PluginMetalProcessorXpc> std::__1::allocate_shared[abi:nqe210106]<ProResRaw::PluginMetalProcessorXpc, std::__1::allocator<ProResRaw::PluginMetalProcessorXpc>, std::__1::basic_string<char, std::__1::char_traits<char>, std::__1	1	0
Flexo	std::__1::__list_imp<std::__1::shared_ptr<ProResRaw::PluginSettingsControllerBase>, std::__1::allocator<std::__1::shared_ptr<ProResRaw::PluginSettingsControllerBase>>>	1	0
Flexo	std::__1::list<std::__1::shared_ptr<ProResRaw::PluginSettingsController>, std::__1::allocator<std::__1::shared_ptr<ProResRaw::PluginSettingsController>>>	1	0
Flexo	std::__1::list<std::__1::shared_ptr<ProResRaw::PluginSettingsControllerBase>, std::__1::allocator<std::__1::shared_ptr<ProResRaw::PluginSettingsControllerBase>>>	1	0
Flexo	std::__1::list<PCNSRef<NSDictionary*>, std::__1::allocator<PCNSRef<NSDictionary*>>>	1	0
Flexo	std::__1::list<std::__1::tuple<std::__1::basic_string<char, std::__1::char_traits<char>, std::__1::allocator<char>>, ProResRaw::MultiSettingsCompatibility>, std::__1::allocator<std::__1::tuple<std::__1::basic_string<char, std::__1::char_traits<char>, std::__1::allocator<char>>, ProResRaw::MultiSettingsCompatibility>>>	1	0
Flexo	std::__1::list<PCNSRef<NSArray*>, std::__1::allocator<PCNSRef<NSArray*>>>	1	0
Flexo	void std::__1::__introsort<std::__1::_ClassicAlgPolicy, std::__1::__less<void, void>&, ProResRaw	1	0
Flexo	bool std::__1::__sort3[abi:nqe210106]<std::__1::_ClassicAlgPolicy, std::__1::__less<void, void>&, ProResRaw	1	0
Flexo	void std::__1::__sort4[abi:nqe210106]<std::__1::_ClassicAlgPolicy, std::__1::__less<void, void>&, ProResRaw	1	0
Flexo	void std::__1::__sort5[abi:nqe210106]<std::__1::_ClassicAlgPolicy, std::__1::__less<void, void>&, ProResRaw	1	0
Flexo	void std::__1::__insertion_sort[abi:nqe210106]<std::__1::_ClassicAlgPolicy, std::__1::__less<void, void>&, ProResRaw	1	0
Flexo	void std::__1::__insertion_sort_unguarded[abi:nqe210106]<std::__1::_ClassicAlgPolicy, std::__1::__less<void, void>&, ProResRaw	1	0
Flexo	ProResRaw::PluginDescriptor* std::__1::__partition_with_equals_on_left[abi:nqe210106]<std::__1::_ClassicAlgPolicy, ProResRaw::PluginDescriptor*, std::__1	1	0
Flexo	std::__1::pair<ProResRaw::PluginDescriptor*, bool> std::__1::__partition_with_equals_on_right[abi:nqe210106]<std::__1::_ClassicAlgPolicy, ProResRaw::PluginDescriptor*, std::__1	1	0
Flexo	bool std::__1::__insertion_sort_incomplete[abi:nqe210106]<std::__1::_ClassicAlgPolicy, std::__1::__less<void, void>&, ProResRaw	1	0
Flexo	bool std::__1::__tuple_less<4ul>	1	0
Flexo	bool std::__1::__tuple_less<3ul>	1	0
Flexo	std::__1::enable_if<is_move_constructible<ProResRaw::PluginDescriptor>::value && is_move_assignable<ProResRaw::PluginDescriptor>::value, void>::type std::__1::swap[abi:nqe210106]<ProResRaw	1	0
Flexo	void std::__1::__sift_down[abi:nqe210106]<std::__1::_ClassicAlgPolicy, std::__1::__less<void, void>&, ProResRaw	1	0
Flexo	void std::__1::__pop_heap[abi:nqe210106]<std::__1::_ClassicAlgPolicy, std::__1::__less<void, void>, ProResRaw	1	0
Flexo	ProResRaw::PluginDescriptor* std::__1::__floyd_sift_down[abi:nqe210106]<std::__1::_ClassicAlgPolicy, std::__1::__less<void, void>&, ProResRaw	1	0
Flexo	void std::__1::__sift_up[abi:nqe210106]<std::__1::_ClassicAlgPolicy, std::__1::__less<void, void>&, ProResRaw	1	0
Flexo	std::__1::__set_intersection_result<std::__1::__wrap_iter<ProResRaw::PluginDescriptor*>, std::__1::__wrap_iter<ProResRaw::PluginDescriptor*>, std::__1::back_insert_iterator<std::__1::vector<ProResRaw::PluginDescriptor, std::__1::allocator<ProResRaw::PluginDescriptor>>>> std::__1::__set_intersection[abi:nqe210106]<std::__1::_ClassicAlgPolicy, std::__1::__less<void, void>, std::__1::__wrap_iter<ProResRaw::PluginDescriptor*>, std::__1::__wrap_iter<ProResRaw::PluginDescriptor*>, std::__1::__wrap_iter<ProResRaw::PluginDescriptor*>, std::__1::__wrap_iter<ProResRaw::PluginDescriptor*>, std::__1::back_insert_iterator<std::__1::vector<ProResRaw::PluginDescriptor, std::__1::allocator<ProResRaw	1	0
Flexo	std::__1::__wrap_iter<ProResRaw::PluginDescriptor*> std::__1::__lower_bound_onesided[abi:nqe210106]<std::__1::_ClassicAlgPolicy, std::__1::__wrap_iter<ProResRaw::PluginDescriptor*>, std::__1::__wrap_iter<ProResRaw::PluginDescriptor*>, ProResRaw::PluginDescriptor, std::__1::__identity const, std::__1	1	0
Flexo	std::__1::__list_imp<PCNSRef<NSDictionary*>, std::__1::allocator<PCNSRef<NSDictionary*>>>	1	0
Flexo	std::__1::__tree<std::__1::__value_type<std::__1::basic_string<char, std::__1::char_traits<char>, std::__1::allocator<char>>, std::__1::shared_ptr<ProResRaw::PluginSettingsController::PluginData>>, std::__1::__map_value_compare<std::__1::basic_string<char, std::__1::char_traits<char>, std::__1::allocator<char>>, std::__1::pair<std::__1::basic_string<char, std::__1::char_traits<char>, std::__1::allocator<char>> const, std::__1::shared_ptr<ProResRaw::PluginSettingsController::PluginData>>, std::__1::less<std::__1::basic_string<char, std::__1::char_traits<char>, std::__1::allocator<char>>>, true>, std::__1::allocator<std::__1::pair<std::__1::basic_string<char, std::__1::char_traits<char>, std::__1::allocator<char>> const, std::__1::shared_ptr<ProResRaw::PluginSettingsController::PluginData>>>>	1	0
Flexo	ProResRaw::PluginDescriptor* std::__1::__uninitialized_allocator_copy_impl[abi:nqe210106]<std::__1::allocator<ProResRaw::PluginDescriptor>, ProResRaw::PluginDescriptor const*, ProResRaw::PluginDescriptor const*, ProResRaw	1	0
Flexo	std::__1::__exception_guard_exceptions<std::__1::_AllocatorDestroyRangeReverse<std::__1::allocator<ProResRaw::PluginDescriptor>, ProResRaw::PluginDescriptor*>>	1	0
Flexo	std::__1::__tree<std::__1::shared_ptr<FFAudioInputAdapter>, std::__1::less<std::__1::shared_ptr<FFAudioInputAdapter>>, std::__1::allocator<std::__1::shared_ptr<FFAudioInputAdapter>>>	1	0
Flexo	std::__1::__tree<std::__1::shared_ptr<FFAudioSamplesCache::Block>, std::__1::less<std::__1::shared_ptr<FFAudioSamplesCache::Block>>, std::__1::allocator<std::__1::shared_ptr<FFAudioSamplesCache::Block>>>	1	0
Flexo	std::__1::__tree<std::__1::__value_type<std::__1::shared_ptr<FFAudioSamplesCache::Block>, unsigned long long>, std::__1::__map_value_compare<std::__1::shared_ptr<FFAudioSamplesCache::Block>, std::__1::pair<std::__1::shared_ptr<FFAudioSamplesCache::Block> const, unsigned long long>, std::__1::less<std::__1::shared_ptr<FFAudioSamplesCache::Block>>, true>, std::__1::allocator<std::__1::pair<std::__1::shared_ptr<FFAudioSamplesCache::Block> const, unsigned long long>>>	1	0
Flexo	std::__1::__tree<std::__1::__value_type<std::__1::shared_ptr<ProResRaw::PluginSettingsControllerBase>, std::__1::pair<FFAsset*, NSObject*>>, std::__1::__map_value_compare<std::__1::shared_ptr<ProResRaw::PluginSettingsControllerBase>, std::__1::pair<std::__1::shared_ptr<ProResRaw::PluginSettingsControllerBase> const, std::__1::pair<FFAsset*, NSObject*>>, std::__1::less<std::__1::shared_ptr<ProResRaw::PluginSettingsControllerBase>>, true>, std::__1::allocator<std::__1::pair<std::__1::shared_ptr<ProResRaw::PluginSettingsControllerBase> const, std::__1::pair<FFAsset*, NSObject*>>>>	1	0
Flexo	std::__1::__tree_iterator<std::__1::__value_type<std::__1::basic_string<char, std::__1::char_traits<char>, std::__1::allocator<char>>, std::__1::shared_ptr<ProResRaw::PluginSettingsController::PluginData>>, std::__1::__tree_node<std::__1::__value_type<std::__1::basic_string<char, std::__1::char_traits<char>, std::__1::allocator<char>>, std::__1::shared_ptr<ProResRaw::PluginSettingsController::PluginData>>, void*>*, long> std::__1::__tree<std::__1::__value_type<std::__1::basic_string<char, std::__1::char_traits<char>, std::__1::allocator<char>>, std::__1::shared_ptr<ProResRaw::PluginSettingsController::PluginData>>, std::__1::__map_value_compare<std::__1::basic_string<char, std::__1::char_traits<char>, std::__1::allocator<char>>, std::__1::pair<std::__1::basic_string<char, std::__1::char_traits<char>, std::__1::allocator<char>> const, std::__1::shared_ptr<ProResRaw::PluginSettingsController::PluginData>>, std::__1::less<std::__1::basic_string<char, std::__1::char_traits<char>, std::__1::allocator<char>>>, true>, std::__1::allocator<std::__1::pair<std::__1::basic_string<char, std::__1::char_traits<char>, std::__1::allocator<char>> const, std::__1::shared_ptr<ProResRaw::PluginSettingsController::PluginData>>>>::find<std::__1::basic_string<char, std::__1::char_traits<char>, std::__1	1	0
Flexo	std::__1::__tree_iterator<std::__1::__value_type<std::__1::basic_string<char, std::__1::char_traits<char>, std::__1::allocator<char>>, FFAudioPlayerMeteringHook*>, std::__1::__tree_node<std::__1::__value_type<std::__1::basic_string<char, std::__1::char_traits<char>, std::__1::allocator<char>>, FFAudioPlayerMeteringHook*>, void*>*, long> std::__1::__tree<std::__1::__value_type<std::__1::basic_string<char, std::__1::char_traits<char>, std::__1::allocator<char>>, FFAudioPlayerMeteringHook*>, std::__1::__map_value_compare<std::__1::basic_string<char, std::__1::char_traits<char>, std::__1::allocator<char>>, std::__1::pair<std::__1::basic_string<char, std::__1::char_traits<char>, std::__1::allocator<char>> const, FFAudioPlayerMeteringHook*>, std::__1::less<std::__1::basic_string<char, std::__1::char_traits<char>, std::__1::allocator<char>>>, true>, std::__1::allocator<std::__1::pair<std::__1::basic_string<char, std::__1::char_traits<char>, std::__1::allocator<char>> const, FFAudioPlayerMeteringHook*>>>::find<std::__1::basic_string<char, std::__1::char_traits<char>, std::__1	1	0
Flexo	std::__1::__tree_iterator<std::__1::basic_string<char, std::__1::char_traits<char>, std::__1::allocator<char>>, std::__1::__tree_node<std::__1::basic_string<char, std::__1::char_traits<char>, std::__1::allocator<char>>, void*>*, long> std::__1::__tree<std::__1::basic_string<char, std::__1::char_traits<char>, std::__1::allocator<char>>, std::__1::less<std::__1::basic_string<char, std::__1::char_traits<char>, std::__1::allocator<char>>>, std::__1::allocator<std::__1::basic_string<char, std::__1::char_traits<char>, std::__1::allocator<char>>>>::find<std::__1::basic_string<char, std::__1::char_traits<char>, std::__1	1	0
Flexo	void std::__1::allocator<ProResRaw::PluginParams>::construct[abi:nqe210106]<ProResRaw::PluginParams, std::__1::shared_ptr<ProResRaw::PluginHandlerBase>&, ProResRaw::PluginDescriptor&, std::__1::shared_ptr<ProResRaw	1	0
Flexo	std::__1::pair<std::__1::__tree_iterator<std::__1::__value_type<std::__1::basic_string<char, std::__1::char_traits<char>, std::__1::allocator<char>>, std::__1::shared_ptr<ProResRaw::PluginSettingsController::PluginData>>, std::__1::__tree_node<std::__1::__value_type<std::__1::basic_string<char, std::__1::char_traits<char>, std::__1::allocator<char>>, std::__1::shared_ptr<ProResRaw::PluginSettingsController::PluginData>>, void*>*, long>, bool> std::__1::__tree<std::__1::__value_type<std::__1::basic_string<char, std::__1::char_traits<char>, std::__1::allocator<char>>, std::__1::shared_ptr<ProResRaw::PluginSettingsController::PluginData>>, std::__1::__map_value_compare<std::__1::basic_string<char, std::__1::char_traits<char>, std::__1::allocator<char>>, std::__1::pair<std::__1::basic_string<char, std::__1::char_traits<char>, std::__1::allocator<char>> const, std::__1::shared_ptr<ProResRaw::PluginSettingsController::PluginData>>, std::__1::less<std::__1::basic_string<char, std::__1::char_traits<char>, std::__1::allocator<char>>>, true>, std::__1::allocator<std::__1::pair<std::__1::basic_string<char, std::__1::char_traits<char>, std::__1::allocator<char>> const, std::__1::shared_ptr<ProResRaw::PluginSettingsController::PluginData>>>>::__emplace_unique_key_args<std::__1::basic_string<char, std::__1::char_traits<char>, std::__1::allocator<char>>, std::__1::piecewise_construct_t const&, std::__1::tuple<std::__1::basic_string<char, std::__1::char_traits<char>, std::__1::allocator<char>> const&>, std::__1	1	0
Flexo	std::__1::unique_ptr<std::__1::__tree_node<std::__1::__value_type<std::__1::basic_string<char, std::__1::char_traits<char>, std::__1::allocator<char>>, std::__1::shared_ptr<ProResRaw::PluginSettingsController::PluginData>>, void*>, std::__1::__tree_node_destructor<std::__1::allocator<std::__1::__tree_node<std::__1::__value_type<std::__1::basic_string<char, std::__1::char_traits<char>, std::__1::allocator<char>>, std::__1::shared_ptr<ProResRaw::PluginSettingsController::PluginData>>, void*>>>>	1	0
Flexo	std::__1::list<PCNSRef<NSString*>, std::__1::allocator<PCNSRef<NSString*>>>	1	0
Flexo	std::__1::__tree<std::__1::__value_type<std::__1::basic_string<char, std::__1::char_traits<char>, std::__1::allocator<char>>, FFAudioPlayerMeteringHook*>, std::__1::__map_value_compare<std::__1::basic_string<char, std::__1::char_traits<char>, std::__1::allocator<char>>, std::__1::pair<std::__1::basic_string<char, std::__1::char_traits<char>, std::__1::allocator<char>> const, FFAudioPlayerMeteringHook*>, std::__1::less<std::__1::basic_string<char, std::__1::char_traits<char>, std::__1::allocator<char>>>, true>, std::__1::allocator<std::__1::pair<std::__1::basic_string<char, std::__1::char_traits<char>, std::__1::allocator<char>> const, FFAudioPlayerMeteringHook*>>>	1	0
Flexo	std::__1::__tree<std::__1::basic_string<char, std::__1::char_traits<char>, std::__1::allocator<char>>, std::__1::less<std::__1::basic_string<char, std::__1::char_traits<char>, std::__1::allocator<char>>>, std::__1::allocator<std::__1::basic_string<char, std::__1::char_traits<char>, std::__1::allocator<char>>>>	1	0
Flexo	std::__1::pair<std::__1::__tree_iterator<std::__1::basic_string<char, std::__1::char_traits<char>, std::__1::allocator<char>>, std::__1::__tree_node<std::__1::basic_string<char, std::__1::char_traits<char>, std::__1::allocator<char>>, void*>*, long>, bool> std::__1::__tree<std::__1::basic_string<char, std::__1::char_traits<char>, std::__1::allocator<char>>, std::__1::less<std::__1::basic_string<char, std::__1::char_traits<char>, std::__1::allocator<char>>>, std::__1::allocator<std::__1::basic_string<char, std::__1::char_traits<char>, std::__1::allocator<char>>>>::__emplace_unique_key_args<std::__1::basic_string<char, std::__1::char_traits<char>, std::__1::allocator<char>>, std::__1::basic_string<char, std::__1::char_traits<char>, std::__1	1	0
Flexo	std::__1::unique_ptr<std::__1::__tree_node<std::__1::basic_string<char, std::__1::char_traits<char>, std::__1::allocator<char>>, void*>, std::__1::__tree_node_destructor<std::__1::allocator<std::__1::__tree_node<std::__1::basic_string<char, std::__1::char_traits<char>, std::__1::allocator<char>>, void*>>>>	1	0
Flexo	std::__1::enable_if<std::is_convertible<NSSet*, objc_object*>::value, PCNSRef<NSSet*>>	1	0
Flexo	PCNSRef<NSSet*>	1	0
Flexo	OZChannelParameterComponent* OZUIComponents	1	0
Flexo	std::__1::vector<FFTextSearchResult, std::__1::allocator<FFTextSearchResult>>	1	0
Flexo	std::__1::vector<FFTextSearchResult, std::__1::allocator<FFTextSearchResult>>* std::__1::vector<std::__1::vector<FFTextSearchResult, std::__1::allocator<FFTextSearchResult>>, std::__1::allocator<std::__1::vector<FFTextSearchResult, std::__1::allocator<FFTextSearchResult>>>>::__emplace_back_slow_path<std::__1::vector<FFTextSearchResult, std::__1	1	0
Flexo	std::__1::__split_buffer<std::__1::vector<FFTextSearchResult, std::__1::allocator<FFTextSearchResult>>, std::__1::allocator<std::__1::vector<FFTextSearchResult, std::__1::allocator<FFTextSearchResult>>>&>	1	0
Flexo	std::__1::__split_buffer<std::__1::vector<cc::spatialclustering::datapoint_t<FFVideoAnalysisCollatedFace*, videoanalysis::collation::box_t>, std::__1::allocator<cc::spatialclustering::datapoint_t<FFVideoAnalysisCollatedFace*, videoanalysis::collation::box_t>>>, std::__1::allocator<std::__1::vector<cc::spatialclustering::datapoint_t<FFVideoAnalysisCollatedFace*, videoanalysis::collation::box_t>, std::__1::allocator<cc::spatialclustering::datapoint_t<FFVideoAnalysisCollatedFace*, videoanalysis::collation::box_t>>>>&>	1	0
Flexo	void std::__1::vector<FFTextSearchResult, std::__1::allocator<FFTextSearchResult>>	1	0
Flexo	void std::__1::map<FFAsset*, id<FFRAWSettingsControllerMultiSelectable>, std::__1::less<FFAsset*>, std::__1::allocator<std::__1::pair<FFAsset* const, objc_object<FFRAWSettingsControllerMultiSelectable>>>>::insert[abi:nqe210106]<std::__1::__map_const_iterator<std::__1::__tree_const_iterator<std::__1::__value_type<FFAsset*, objc_object<FFRAWSettingsControllerMultiSelectable>>, std::__1::__tree_node<std::__1	1	0
Flexo	std::__1::__tree_node_base<void*>*& std::__1::__tree<std::__1::__value_type<FFAsset*, id<FFRAWSettingsControllerMultiSelectable>>, std::__1::__map_value_compare<FFAsset*, std::__1::pair<FFAsset* const, objc_object<FFRAWSettingsControllerMultiSelectable>>, std::__1::less<FFAsset*>, true>, std::__1::allocator<FFAsset* const>>	1	0
Flexo	void std::__1::vector<cc::rgb_t<float>, std::__1::allocator<cc::rgb_t<float>>>::__assign_with_size[abi:nqe210106]<cc::rgb_t<float>*, cc	1	0
Flexo	int PCPrincipalComponentAnalysisCompute<cc::rgb_t<float>, std::__1::vector<cc::rgb_t<float>, std::__1::allocator<cc	1	0
Flexo	std::__1::__wrap_iter<cc::rgb_t<float>*> std::__1::vector<cc::rgb_t<float>, std::__1::allocator<cc::rgb_t<float>>>::__insert_with_size[abi:nqe210106]<std::__1::__wrap_iter<cc::rgb_t<float>*>, std::__1::__wrap_iter<cc	1	0
Flexo	PCRay3<double>	1	0
Flexo	PCPtr<POVertexAsset>& PCPtr<POVertexAsset>	1	0
Flexo	std::__1::pair<PCVector2<double>, PCVector2<double>>& std::__1::vector<std::__1::pair<PCVector2<double>, PCVector2<double>>, std::__1::allocator<std::__1::pair<PCVector2<double>, PCVector2<double>>>>::emplace_back<std::__1	1	0
Flexo	std::__1::vector<std::__1::pair<PCVector2<double>, PCVector2<double>>, std::__1::allocator<std::__1::pair<PCVector2<double>, PCVector2<double>>>>	1	0
Flexo	std::__1::pair<std::__1::__bit_iterator<std::__1::vector<bool, std::__1::allocator<bool>>, false, 0>, std::__1::__bit_iterator<std::__1::vector<bool, std::__1::allocator<bool>>, false, 0>> std::__1::__copy_impl	1	0
Flexo	std::__1::pair<std::__1::__bit_iterator<std::__1::vector<bool, std::__1::allocator<bool>>, true, 0>, std::__1::__bit_iterator<std::__1::vector<bool, std::__1::allocator<bool>>, false, 0>> std::__1::__copy_impl	1	0
Flexo	FFPMRInstrumentFactory	1	0
Flexo	std::__1::vector<FFPMRInstrument*, std::__1::allocator<FFPMRInstrument*>>	1	0
Flexo	std::__1::basic_ofstream<char, std::__1::char_traits<char>>	1	0
Flexo	std::__1::basic_istream<char, std::__1::char_traits<char>>& std::__1::operator>>[abi:nqe210106]<char, std::__1::char_traits<char>, std::__1::allocator<char>>(std::__1::basic_istream<char, std::__1::char_traits<char>>&, std::__1::basic_string<char, std::__1::char_traits<char>, std::__1	1	0
Flexo	FFPMRContextSingleton	1	0
Flexo	auto_cfref<OpaqueCMClock*>	1	0
Flexo	auto_cfref<OpaqueCMTimebase*>	1	0
Flexo	FFAudioNodeConnection	1	0
Flexo	void std::__1::shared_ptr<FFAudioPlaybackBuffer>	1	0
Flexo	FFAudioGraph::SuspendUpdatesGuard	1	0
Flexo	std::__1::shared_ptr<FFAudioPlaybackSkipStylePlaybackBuffer> std::__1::allocate_shared[abi:nqe210106]<FFAudioPlaybackSkipStylePlaybackBuffer, std::__1	1	0
Flexo	std::__1::unique_ptr<FFAudioGraph, std::__1::default_delete<FFAudioGraph>>	1	0
Flexo	std::__1::unique_ptr<FFWorkerQueue, std::__1::default_delete<FFWorkerQueue>>	1	0
Flexo	std::__1::vector<FFAudioPlaybackSkipStyleBuffer::BufferSlice*, std::__1::allocator<FFAudioPlaybackSkipStyleBuffer::BufferSlice*>>	1	0
Flexo	std::__1::shared_ptr<FFAudioPlaybackScrubBuffer> std::__1::allocate_shared[abi:nqe210106]<FFAudioPlaybackScrubBuffer, std::__1	1	0
Flexo	std::__1::pair<std::__1::__tree_iterator<std::__1::__value_type<std::__1::basic_string<char, std::__1::char_traits<char>, std::__1::allocator<char>>, FFAudioPlayerMeteringHook*>, std::__1::__tree_node<std::__1::__value_type<std::__1::basic_string<char, std::__1::char_traits<char>, std::__1::allocator<char>>, FFAudioPlayerMeteringHook*>, void*>*, long>, bool> std::__1::__tree<std::__1::__value_type<std::__1::basic_string<char, std::__1::char_traits<char>, std::__1::allocator<char>>, FFAudioPlayerMeteringHook*>, std::__1::__map_value_compare<std::__1::basic_string<char, std::__1::char_traits<char>, std::__1::allocator<char>>, std::__1::pair<std::__1::basic_string<char, std::__1::char_traits<char>, std::__1::allocator<char>> const, FFAudioPlayerMeteringHook*>, std::__1::less<std::__1::basic_string<char, std::__1::char_traits<char>, std::__1::allocator<char>>>, true>, std::__1::allocator<std::__1::pair<std::__1::basic_string<char, std::__1::char_traits<char>, std::__1::allocator<char>> const, FFAudioPlayerMeteringHook*>>>::__emplace_unique_key_args<std::__1::basic_string<char, std::__1::char_traits<char>, std::__1::allocator<char>>, std::__1::piecewise_construct_t const&, std::__1::tuple<std::__1::basic_string<char, std::__1::char_traits<char>, std::__1::allocator<char>>&&>, std::__1	1	0
Flexo	std::__1::shared_ptr<FFAudioRetimingBuffer> std::__1::allocate_shared[abi:nqe210106]<FFAudioRetimingBuffer, std::__1	1	0
Flexo	void std::__1::vector<FFRetimingAudioSegment, std::__1::allocator<FFRetimingAudioSegment>>::__assign_with_size[abi:nqe210106]<std::__1::__wrap_iter<FFRetimingAudioSegment const*>, std::__1	1	0
Flexo	void std::__1::vector<FFAudioScrubBallisticsMgr::UserPositionEvent, std::__1::allocator<FFAudioScrubBallisticsMgr::UserPositionEvent>>::__assign_with_size[abi:nqe210106]<FFAudioScrubBallisticsMgr::UserPositionEvent*, FFAudioScrubBallisticsMgr	1	0
Flexo	void std::__1::__introsort<std::__1::_ClassicAlgPolicy, bool (FFAudioScrubBallisticsMgr::UserPositionEvent const&, FFAudioScrubBallisticsMgr::UserPositionEvent const&) block_pointer&, FFAudioScrubBallisticsMgr	1	0
Flexo	void std::__1::__sort4[abi:nqe210106]<std::__1::_ClassicAlgPolicy, bool (FFAudioScrubBallisticsMgr::UserPositionEvent const&, FFAudioScrubBallisticsMgr::UserPositionEvent const&) block_pointer&, FFAudioScrubBallisticsMgr	1	0
Flexo	FFAudioScrubBallisticsMgr::UserPositionEvent* std::__1::__partition_with_equals_on_left[abi:nqe210106]<std::__1::_ClassicAlgPolicy, FFAudioScrubBallisticsMgr::UserPositionEvent*, bool (FFAudioScrubBallisticsMgr::UserPositionEvent const&, FFAudioScrubBallisticsMgr	1	0
Flexo	std::__1::pair<FFAudioScrubBallisticsMgr::UserPositionEvent*, bool> std::__1::__partition_with_equals_on_right[abi:nqe210106]<std::__1::_ClassicAlgPolicy, FFAudioScrubBallisticsMgr::UserPositionEvent*, bool (FFAudioScrubBallisticsMgr::UserPositionEvent const&, FFAudioScrubBallisticsMgr	1	0
Flexo	bool std::__1::__insertion_sort_incomplete[abi:nqe210106]<std::__1::_ClassicAlgPolicy, bool (FFAudioScrubBallisticsMgr::UserPositionEvent const&, FFAudioScrubBallisticsMgr::UserPositionEvent const&) block_pointer&, FFAudioScrubBallisticsMgr	1	0
Flexo	FFAudioScrubBallisticsMgr::UserPositionEvent* std::__1::__partial_sort_impl[abi:nqe210106]<std::__1::_ClassicAlgPolicy, bool (FFAudioScrubBallisticsMgr::UserPositionEvent const&, FFAudioScrubBallisticsMgr::UserPositionEvent const&) block_pointer&, FFAudioScrubBallisticsMgr::UserPositionEvent*, FFAudioScrubBallisticsMgr	1	0
Flexo	std::__1::unique_ptr<FFAudioScrubBallisticsMgr, std::__1::default_delete<FFAudioScrubBallisticsMgr>>	1	0
Flexo	std::__1::unique_ptr<FFAudioPlaybackScrubBuffer, std::__1::default_delete<FFAudioPlaybackScrubBuffer>>	1	0
Flexo	std::__1::shared_ptr<FFAudioPlaybackSkipStyleScrubBuffer> std::__1::allocate_shared[abi:nqe210106]<FFAudioPlaybackSkipStyleScrubBuffer, std::__1	1	0
Flexo	std::__1::shared_ptr<FFAudioPlaybackSkipStyleStepPlaybackBuffer> std::__1::allocate_shared[abi:nqe210106]<FFAudioPlaybackSkipStyleStepPlaybackBuffer, std::__1	1	0
Flexo	void std::__1::set<opaqueCMSampleBuffer*, std::__1::less<opaqueCMSampleBuffer*>, std::__1::allocator<opaqueCMSampleBuffer*>>::insert[abi:nqe210106]<std::__1	1	0
Flexo	auto_cfref<opaqueCMFormatDescription const*>	1	0
Flexo	std::__1::vector<opaqueCMSampleBuffer*, std::__1::allocator<opaqueCMSampleBuffer*>>	1	0
Flexo	std::__1::vector<AudioStreamPacketDescription, std::__1::allocator<AudioStreamPacketDescription>>	1	0
Flexo	void std::__1::vector<AudioChannelDescription, std::__1::allocator<AudioChannelDescription>>	1	0
Flexo	std::__1::vector<AudioChannelDescription, std::__1::allocator<AudioChannelDescription>>	1	0
Flexo	std::__1::vector<FFScheduledReadAudioFile::ScheduledTrackEdit, std::__1::allocator<FFScheduledReadAudioFile::ScheduledTrackEdit>>	1	0
Flexo	std::__1::vector<FFScheduledReadAudioFile::TrackEdit, std::__1::allocator<FFScheduledReadAudioFile::TrackEdit>>	1	0
Flexo	void std::__1::vector<FFScheduledReadAudioFile::TrackEdit, std::__1::allocator<FFScheduledReadAudioFile::TrackEdit>>::__assign_with_size[abi:nqe210106]<FFScheduledReadAudioFile::TrackEdit*, FFScheduledReadAudioFile	1	0
Flexo	std::__1::unique_ptr<FFAudioRecorderPreRecordRingBuffer, std::__1::default_delete<FFAudioRecorderPreRecordRingBuffer>>	1	0
Flexo	std::__1::unique_ptr<CARingBuffer, std::__1::default_delete<CARingBuffer>>	1	0
Flexo	std::__1::vector<std::__1::unique_ptr<std::__1::atomic<float>, std::__1::default_delete<std::__1::atomic<float>>>, std::__1::allocator<std::__1::unique_ptr<std::__1::atomic<float>, std::__1::default_delete<std::__1::atomic<float>>>>>	1	0
Flexo	std::__1::unique_ptr<FFAudioGraph::AudioUnitUninitializer, std::__1::default_delete<FFAudioGraph::AudioUnitUninitializer>> std::__1::make_unique[abi:nqe210106]<FFAudioGraph	1	0
Flexo	std::__1::unique_ptr<FFAudioGraph::AudioUnitUninitializer, std::__1::default_delete<FFAudioGraph::AudioUnitUninitializer>>	1	0
Flexo	std::__1::multiset<std::__1::shared_ptr<FFAudioInputAdapter>, std::__1::less<std::__1::shared_ptr<FFAudioInputAdapter>>, std::__1::allocator<std::__1::shared_ptr<FFAudioInputAdapter>>>	1	0
Flexo	FFAudioGraph::FormatChangeGuard	1	0
Flexo	void std::__1::__tree<std::__1::__value_type<unsigned int, FFAudioNodeConnection>, std::__1::__map_value_compare<unsigned int, std::__1::pair<unsigned int const, FFAudioNodeConnection>, std::__1::less<unsigned int>, true>, std::__1::allocator<std::__1::pair<unsigned int const, FFAudioNodeConnection>>>::__assign_multi<std::__1::__tree_const_iterator<std::__1::__value_type<unsigned int, FFAudioNodeConnection>, std::__1::__tree_node<std::__1	1	0
Flexo	std::__1::__tree_iterator<std::__1::__value_type<unsigned int, FFAudioNodeConnection>, std::__1::__tree_node<std::__1::__value_type<unsigned int, FFAudioNodeConnection>, void*>*, long> std::__1::__tree<std::__1::__value_type<unsigned int, FFAudioNodeConnection>, std::__1::__map_value_compare<unsigned int, std::__1::pair<unsigned int const, FFAudioNodeConnection>, std::__1::less<unsigned int>, true>, std::__1::allocator<std::__1::pair<unsigned int const, FFAudioNodeConnection>>>::__emplace_hint_multi<std::__1	1	0
Flexo	std::__1::__tree<std::__1::__value_type<unsigned int, FFAudioNodeConnection>, std::__1::__map_value_compare<unsigned int, std::__1::pair<unsigned int const, FFAudioNodeConnection>, std::__1::less<unsigned int>, true>, std::__1::allocator<std::__1::pair<unsigned int const, FFAudioNodeConnection>>>	1	0
Flexo	void std::__1::__tree<std::__1::shared_ptr<FFAudioInputAdapter>, std::__1::less<std::__1::shared_ptr<FFAudioInputAdapter>>, std::__1::allocator<std::__1::shared_ptr<FFAudioInputAdapter>>>::__assign_multi<std::__1::__tree_const_iterator<std::__1::shared_ptr<FFAudioInputAdapter>, std::__1::__tree_node<std::__1	1	0
Flexo	std::__1::__tree_iterator<std::__1::shared_ptr<FFAudioInputAdapter>, std::__1::__tree_node<std::__1::shared_ptr<FFAudioInputAdapter>, void*>*, long> std::__1::__tree<std::__1::shared_ptr<FFAudioInputAdapter>, std::__1::less<std::__1::shared_ptr<FFAudioInputAdapter>>, std::__1::allocator<std::__1::shared_ptr<FFAudioInputAdapter>>>::__emplace_hint_multi<std::__1	1	0
Flexo	std::__1::vector<FFAudioGraphDeferredDeletionObject*, std::__1::allocator<FFAudioGraphDeferredDeletionObject*>>	1	0
Flexo	void std::__1::map<unsigned int, FFAudioNodeConnection, std::__1::less<unsigned int>, std::__1::allocator<std::__1::pair<unsigned int const, FFAudioNodeConnection>>>::insert[abi:nqe210106]<std::__1::__map_const_iterator<std::__1::__tree_const_iterator<std::__1::__value_type<unsigned int, FFAudioNodeConnection>, std::__1::__tree_node<std::__1	1	0
Flexo	std::__1::__tree_node_base<void*>*& std::__1::__tree<std::__1::__value_type<unsigned int, FFAudioNodeConnection>, std::__1::__map_value_compare<unsigned int, std::__1::pair<unsigned int const, FFAudioNodeConnection>, std::__1::less<unsigned int>, true>, std::__1::allocator<std::__1::pair<unsigned int const, FFAudioNodeConnection>>>	1	0
Flexo	std::__1::vector<FFAudioRenderHook*, std::__1::allocator<FFAudioRenderHook*>>	1	0
Flexo	std::__1::unique_ptr<FFSynchronizer, std::__1::default_delete<FFSynchronizer>>	1	0
Flexo	std::__1::pair<std::__1::__hash_iterator<std::__1::__hash_node<std::__1::__hash_value_type<unsigned int, FFDCDViewCache::CacheEntry*>, void*>*>, bool> std::__1::__hash_table<std::__1::__hash_value_type<unsigned int, FFDCDViewCache::CacheEntry*>, std::__1::__unordered_map_hasher<unsigned int, std::__1::pair<unsigned int const, FFDCDViewCache::CacheEntry*>, std::__1::hash<unsigned int>, std::__1::equal_to<unsigned int>, true>, std::__1::__unordered_map_equal<unsigned int, std::__1::pair<unsigned int const, FFDCDViewCache::CacheEntry*>, std::__1::equal_to<unsigned int>, std::__1::hash<unsigned int>, true>, std::__1::allocator<std::__1::pair<unsigned int const, FFDCDViewCache::CacheEntry*>>>::__emplace_unique_key_args<unsigned int, std::__1::piecewise_construct_t const&, std::__1::tuple<unsigned int const&>, std::__1	1	0
Flexo	void std::__1::__hash_table<std::__1::__hash_value_type<FFCameraModeProperty, std::__1::vector<NSString*, std::__1::allocator<NSString*>>>, std::__1::__unordered_map_hasher<FFCameraModeProperty, std::__1::pair<FFCameraModeProperty const, std::__1::vector<NSString*, std::__1::allocator<NSString*>>>, std::__1::hash<FFCameraModeProperty>, std::__1::equal_to<FFCameraModeProperty>, true>, std::__1::__unordered_map_equal<FFCameraModeProperty, std::__1::pair<FFCameraModeProperty const, std::__1::vector<NSString*, std::__1::allocator<NSString*>>>, std::__1::equal_to<FFCameraModeProperty>, std::__1::hash<FFCameraModeProperty>, true>, std::__1::allocator<std::__1::pair<FFCameraModeProperty const, std::__1::vector<NSString*, std::__1::allocator<NSString*>>>>>	1	0
Flexo	void std::__1::__hash_table<std::__1::__hash_value_type<std::__1::basic_string<char, std::__1::char_traits<char>, std::__1::allocator<char>>, FFREDSettings*>, std::__1::__unordered_map_hasher<std::__1::basic_string<char, std::__1::char_traits<char>, std::__1::allocator<char>>, std::__1::pair<std::__1::basic_string<char, std::__1::char_traits<char>, std::__1::allocator<char>> const, FFREDSettings*>, std::__1::hash<std::__1::basic_string<char, std::__1::char_traits<char>, std::__1::allocator<char>>>, std::__1::equal_to<std::__1::basic_string<char, std::__1::char_traits<char>, std::__1::allocator<char>>>, true>, std::__1::__unordered_map_equal<std::__1::basic_string<char, std::__1::char_traits<char>, std::__1::allocator<char>>, std::__1::pair<std::__1::basic_string<char, std::__1::char_traits<char>, std::__1::allocator<char>> const, FFREDSettings*>, std::__1::equal_to<std::__1::basic_string<char, std::__1::char_traits<char>, std::__1::allocator<char>>>, std::__1::hash<std::__1::basic_string<char, std::__1::char_traits<char>, std::__1::allocator<char>>>, true>, std::__1::allocator<std::__1::pair<std::__1::basic_string<char, std::__1::char_traits<char>, std::__1::allocator<char>> const, FFREDSettings*>>>	1	0
Flexo	void std::__1::__hash_table<std::__1::__hash_value_type<objc_object*, Observers::List>, std::__1::__unordered_map_hasher<objc_object*, std::__1::pair<objc_object* const, Observers::List>, std::__1::hash<objc_object*>, std::__1::equal_to<objc_object*>, true>, std::__1::__unordered_map_equal<objc_object*, std::__1::pair<objc_object* const, Observers::List>, std::__1::equal_to<objc_object*>, std::__1::hash<objc_object*>, true>, std::__1::allocator<std::__1::pair<objc_object* const, Observers::List>>>	1	0
Flexo	void std::__1::__hash_table<std::__1::__hash_value_type<NSString*, FFCameraModeProperty>, std::__1::__unordered_map_hasher<NSString*, std::__1::pair<NSString* const, FFCameraModeProperty>, std::__1::hash<NSString*>, std::__1::equal_to<NSString*>, true>, std::__1::__unordered_map_equal<NSString*, std::__1::pair<NSString* const, FFCameraModeProperty>, std::__1::equal_to<NSString*>, std::__1::hash<NSString*>, true>, std::__1::allocator<std::__1::pair<NSString* const, FFCameraModeProperty>>>	1	0
Flexo	void std::__1::__hash_table<std::__1::__hash_value_type<NSString*, std::__1::vector<NSString*, std::__1::allocator<NSString*>>>, std::__1::__unordered_map_hasher<NSString*, std::__1::pair<NSString* const, std::__1::vector<NSString*, std::__1::allocator<NSString*>>>, std::__1::hash<NSString*>, std::__1::equal_to<NSString*>, true>, std::__1::__unordered_map_equal<NSString*, std::__1::pair<NSString* const, std::__1::vector<NSString*, std::__1::allocator<NSString*>>>, std::__1::equal_to<NSString*>, std::__1::hash<NSString*>, true>, std::__1::allocator<std::__1::pair<NSString* const, std::__1::vector<NSString*, std::__1::allocator<NSString*>>>>>	1	0
Flexo	void std::__1::__hash_table<std::__1::__hash_value_type<void*, unsigned int>, std::__1::__unordered_map_hasher<void*, std::__1::pair<void* const, unsigned int>, std::__1::hash<void*>, std::__1::equal_to<void*>, true>, std::__1::__unordered_map_equal<void*, std::__1::pair<void* const, unsigned int>, std::__1::equal_to<void*>, std::__1::hash<void*>, true>, std::__1::allocator<std::__1::pair<void* const, unsigned int>>>	1	0
Flexo	void std::__1::__hash_table<std::__1::__hash_value_type<unsigned int, FFDCDViewCache::CacheEntry*>, std::__1::__unordered_map_hasher<unsigned int, std::__1::pair<unsigned int const, FFDCDViewCache::CacheEntry*>, std::__1::hash<unsigned int>, std::__1::equal_to<unsigned int>, true>, std::__1::__unordered_map_equal<unsigned int, std::__1::pair<unsigned int const, FFDCDViewCache::CacheEntry*>, std::__1::equal_to<unsigned int>, std::__1::hash<unsigned int>, true>, std::__1::allocator<std::__1::pair<unsigned int const, FFDCDViewCache::CacheEntry*>>>	1	0
Flexo	void std::__1::__hash_table<objc_class*, std::__1::hash<objc_class*>, std::__1::equal_to<objc_class*>, std::__1::allocator<objc_class*>>	1	0
Flexo	void std::__1::__hash_table<void*, std::__1::hash<void*>, std::__1::equal_to<void*>, std::__1::allocator<void*>>	1	0
Flexo	std::__1::__hash_table<std::__1::__hash_value_type<std::__1::basic_string<char, std::__1::char_traits<char>, std::__1::allocator<char>>, FFREDSettings*>, std::__1::__unordered_map_hasher<std::__1::basic_string<char, std::__1::char_traits<char>, std::__1::allocator<char>>, std::__1::pair<std::__1::basic_string<char, std::__1::char_traits<char>, std::__1::allocator<char>> const, FFREDSettings*>, std::__1::hash<std::__1::basic_string<char, std::__1::char_traits<char>, std::__1::allocator<char>>>, std::__1::equal_to<std::__1::basic_string<char, std::__1::char_traits<char>, std::__1::allocator<char>>>, true>, std::__1::__unordered_map_equal<std::__1::basic_string<char, std::__1::char_traits<char>, std::__1::allocator<char>>, std::__1::pair<std::__1::basic_string<char, std::__1::char_traits<char>, std::__1::allocator<char>> const, FFREDSettings*>, std::__1::equal_to<std::__1::basic_string<char, std::__1::char_traits<char>, std::__1::allocator<char>>>, std::__1::hash<std::__1::basic_string<char, std::__1::char_traits<char>, std::__1::allocator<char>>>, true>, std::__1::allocator<std::__1::pair<std::__1::basic_string<char, std::__1::char_traits<char>, std::__1::allocator<char>> const, FFREDSettings*>>>	1	0
Flexo	std::__1::__hash_table<std::__1::__hash_value_type<objc_object*, Observers::List>, std::__1::__unordered_map_hasher<objc_object*, std::__1::pair<objc_object* const, Observers::List>, std::__1::hash<objc_object*>, std::__1::equal_to<objc_object*>, true>, std::__1::__unordered_map_equal<objc_object*, std::__1::pair<objc_object* const, Observers::List>, std::__1::equal_to<objc_object*>, std::__1::hash<objc_object*>, true>, std::__1::allocator<std::__1::pair<objc_object* const, Observers::List>>>	1	0
Flexo	std::__1::__hash_table<std::__1::__hash_value_type<void*, unsigned int>, std::__1::__unordered_map_hasher<void*, std::__1::pair<void* const, unsigned int>, std::__1::hash<void*>, std::__1::equal_to<void*>, true>, std::__1::__unordered_map_equal<void*, std::__1::pair<void* const, unsigned int>, std::__1::equal_to<void*>, std::__1::hash<void*>, true>, std::__1::allocator<std::__1::pair<void* const, unsigned int>>>	1	0
Flexo	std::__1::__hash_table<std::__1::__hash_value_type<unsigned int, FFDCDViewCache::CacheEntry*>, std::__1::__unordered_map_hasher<unsigned int, std::__1::pair<unsigned int const, FFDCDViewCache::CacheEntry*>, std::__1::hash<unsigned int>, std::__1::equal_to<unsigned int>, true>, std::__1::__unordered_map_equal<unsigned int, std::__1::pair<unsigned int const, FFDCDViewCache::CacheEntry*>, std::__1::equal_to<unsigned int>, std::__1::hash<unsigned int>, true>, std::__1::allocator<std::__1::pair<unsigned int const, FFDCDViewCache::CacheEntry*>>>	1	0
Flexo	std::__1::__hash_table<void*, std::__1::hash<void*>, std::__1::equal_to<void*>, std::__1::allocator<void*>>	1	0
Flexo	FFSynchronizerForDestVideoDisplay_DestLock	1	0
Flexo	FFRecentAverageInterval	1	0
Flexo	void std::__1::__split_buffer<FFVTDecompressionSession::DecodeRecord*, std::__1::allocator<FFVTDecompressionSession::DecodeRecord*>>::emplace_front<FFVTDecompressionSession	1	0
Flexo	void std::__1::__split_buffer<std::__1::shared_ptr<FFAudioSamplesCache::Request>*, std::__1::allocator<std::__1::shared_ptr<FFAudioSamplesCache::Request>*>>::emplace_front<std::__1::shared_ptr<FFAudioSamplesCache	1	0
Flexo	std::__1::list<FFDestVideoDisplay*, std::__1::allocator<FFDestVideoDisplay*>>	1	0
Flexo	std::__1::list<_CGLContextObject*, std::__1::allocator<_CGLContextObject*>>	1	0
Flexo	std::__1::map<id<MTLDevice>, id<MTLLibrary>, std::__1::less<objc_object<MTLDevice>>, std::__1::allocator<std::__1::pair<objc_object<MTLDevice> const, objc_object>>>	1	0
Flexo	std::__1::map<std::__1::pair<id<MTLDevice>, MTLPixelFormat>, PainterPipelineStatesForDeviceAndMTLPixelFormat*, std::__1::less<MTLPixelFormat>, std::__1::allocator<std::__1::pair<MTLPixelFormat const, PainterPipelineStatesForDeviceAndMTLPixelFormat>>>	1	0
Flexo	std::__1::map<FxDevice const*, HGCVPixelBufferPool*, std::__1::less<FxDevice const*>, std::__1::allocator<std::__1::pair<FxDevice const* const, HGCVPixelBufferPool*>>>	1	0
Flexo	std::__1::pair<std::__1::__tree_iterator<std::__1::__value_type<PCString, unsigned int>, std::__1::__tree_node<std::__1::__value_type<PCString, unsigned int>, void*>*, long>, bool> std::__1::__tree<std::__1::__value_type<PCString, unsigned int>, std::__1::__map_value_compare<PCString, std::__1::pair<PCString const, unsigned int>, std::__1::less<PCString>, true>, std::__1::allocator<std::__1::pair<PCString const, unsigned int>>>::__emplace_hint_unique_key_args<PCString, std::__1	1	0
Flexo	std::__1::__tree_node_base<void*>*& std::__1::__tree<std::__1::__value_type<PCString, unsigned int>, std::__1::__map_value_compare<PCString, std::__1::pair<PCString const, unsigned int>, std::__1::less<PCString>, true>, std::__1::allocator<std::__1::pair<PCString const, unsigned int>>>	1	0
Flexo	std::__1::unique_ptr<std::__1::__tree_node<std::__1::__value_type<PCString, unsigned int>, void*>, std::__1::__tree_node_destructor<std::__1::allocator<std::__1::__tree_node<std::__1::__value_type<PCString, unsigned int>, void*>>>>	1	0
Flexo	std::__1::pair<std::__1::__tree_iterator<std::__1::__value_type<PCString, unsigned int>, std::__1::__tree_node<std::__1::__value_type<PCString, unsigned int>, void*>*, long>, bool> std::__1::__tree<std::__1::__value_type<PCString, unsigned int>, std::__1::__map_value_compare<PCString, std::__1::pair<PCString const, unsigned int>, std::__1::less<PCString>, true>, std::__1::allocator<std::__1::pair<PCString const, unsigned int>>>::__emplace_unique_key_args<PCString, std::__1::piecewise_construct_t const&, std::__1::tuple<PCString const&>, std::__1	1	0
Flexo	std::__1::unordered_set<void*, std::__1::hash<void*>, std::__1::equal_to<void*>, std::__1::allocator<void*>>	1	0
Flexo	std::__1::unique_ptr<DisablePrioritizedWritesRAII, std::__1::default_delete<DisablePrioritizedWritesRAII>>	1	0
Flexo	FFPlaybackReportingSequenceInfo	1	0
Flexo	std::__1::unique_lock<FFPlayerLockable>	1	0
Flexo	std::__1::pair<std::__1::__hash_iterator<std::__1::__hash_node<void*, void*>*>, bool> std::__1::__hash_table<void*, std::__1::hash<void*>, std::__1::equal_to<void*>, std::__1::allocator<void*>>	1	0
Flexo	std::__1::__hash_iterator<std::__1::__hash_node<std::__1::__hash_value_type<objc_object*, Observers::List>, void*>*> std::__1::__hash_table<std::__1::__hash_value_type<objc_object*, Observers::List>, std::__1::__unordered_map_hasher<objc_object*, std::__1::pair<objc_object* const, Observers::List>, std::__1::hash<objc_object*>, std::__1::equal_to<objc_object*>, true>, std::__1::__unordered_map_equal<objc_object*, std::__1::pair<objc_object* const, Observers::List>, std::__1::equal_to<objc_object*>, std::__1::hash<objc_object*>, true>, std::__1::allocator<std::__1::pair<objc_object* const, Observers::List>>>	1	0
Flexo	std::__1::__hash_iterator<std::__1::__hash_node<std::__1::__hash_value_type<void*, unsigned int>, void*>*> std::__1::__hash_table<std::__1::__hash_value_type<void*, unsigned int>, std::__1::__unordered_map_hasher<void*, std::__1::pair<void* const, unsigned int>, std::__1::hash<void*>, std::__1::equal_to<void*>, true>, std::__1::__unordered_map_equal<void*, std::__1::pair<void* const, unsigned int>, std::__1::equal_to<void*>, std::__1::hash<void*>, true>, std::__1::allocator<std::__1::pair<void* const, unsigned int>>>	1	0
Flexo	std::__1::__hash_iterator<std::__1::__hash_node<objc_class*, void*>*> std::__1::__hash_table<objc_class*, std::__1::hash<objc_class*>, std::__1::equal_to<objc_class*>, std::__1::allocator<objc_class*>>	1	0
Flexo	std::__1::__hash_iterator<std::__1::__hash_node<void*, void*>*> std::__1::__hash_table<void*, std::__1::hash<void*>, std::__1::equal_to<void*>, std::__1::allocator<void*>>	1	0
Flexo	void std::__1::__tree<std::__1::__value_type<PCString, unsigned int>, std::__1::__map_value_compare<PCString, std::__1::pair<PCString const, unsigned int>, std::__1::less<PCString>, true>, std::__1::allocator<std::__1::pair<PCString const, unsigned int>>>::__assign_multi<std::__1::__tree_const_iterator<std::__1::__value_type<PCString, unsigned int>, std::__1::__tree_node<std::__1	1	0
Flexo	std::__1::__tree<std::__1::__value_type<PCString, unsigned int>, std::__1::__map_value_compare<PCString, std::__1::pair<PCString const, unsigned int>, std::__1::less<PCString>, true>, std::__1::allocator<std::__1::pair<PCString const, unsigned int>>>::_DetachedTreeCache	1	0
Flexo	std::__1::__tree_iterator<std::__1::__value_type<PCString, unsigned int>, std::__1::__tree_node<std::__1::__value_type<PCString, unsigned int>, void*>*, long> std::__1::__tree<std::__1::__value_type<PCString, unsigned int>, std::__1::__map_value_compare<PCString, std::__1::pair<PCString const, unsigned int>, std::__1::less<PCString>, true>, std::__1::allocator<std::__1::pair<PCString const, unsigned int>>>::__emplace_hint_multi<std::__1	1	0
Flexo	FFPlayerStopLockAndResumeAfterQualityChange	1	0
Flexo	std::__1::__list_iterator<CMTime, void*> std::__1::list<CMTime, std::__1::allocator<CMTime>>::__insert_with_sentinel[abi:nqe210106]<std::__1::__wrap_iter<CMTime*>, std::__1	1	0
Flexo	std::__1::unique_ptr<ProhibitFFSharedLockRAII, std::__1::default_delete<ProhibitFFSharedLockRAII>>	1	0
Flexo	std::__1::set<FFPlayerThreadStateValue, std::__1::less<FFPlayerThreadStateValue>, std::__1::allocator<FFPlayerThreadStateValue>>	1	0
Flexo	std::__1::map<FFPlayerThreadStateValue, std::__1::set<FFPlayerThreadStateValue, std::__1::less<FFPlayerThreadStateValue>, std::__1::allocator<FFPlayerThreadStateValue>>, std::__1::less<FFPlayerThreadStateValue>, std::__1::allocator<std::__1::pair<FFPlayerThreadStateValue const, std::__1::set<FFPlayerThreadStateValue, std::__1::less<FFPlayerThreadStateValue>, std::__1::allocator<FFPlayerThreadStateValue>>>>>	1	0
Flexo	std::__1::pair<std::__1::__tree_iterator<std::__1::__value_type<FFPlayerThreadStateValue, std::__1::set<FFPlayerThreadStateValue, std::__1::less<FFPlayerThreadStateValue>, std::__1::allocator<FFPlayerThreadStateValue>>>, std::__1::__tree_node<std::__1::__value_type<FFPlayerThreadStateValue, std::__1::set<FFPlayerThreadStateValue, std::__1::less<FFPlayerThreadStateValue>, std::__1::allocator<FFPlayerThreadStateValue>>>, void*>*, long>, bool> std::__1::__tree<std::__1::__value_type<FFPlayerThreadStateValue, std::__1::set<FFPlayerThreadStateValue, std::__1::less<FFPlayerThreadStateValue>, std::__1::allocator<FFPlayerThreadStateValue>>>, std::__1::__map_value_compare<FFPlayerThreadStateValue, std::__1::pair<FFPlayerThreadStateValue const, std::__1::set<FFPlayerThreadStateValue, std::__1::less<FFPlayerThreadStateValue>, std::__1::allocator<FFPlayerThreadStateValue>>>, std::__1::less<FFPlayerThreadStateValue>, true>, std::__1::allocator<std::__1::pair<FFPlayerThreadStateValue const, std::__1::set<FFPlayerThreadStateValue, std::__1::less<FFPlayerThreadStateValue>, std::__1::allocator<FFPlayerThreadStateValue>>>>>::__emplace_hint_unique_key_args<FFPlayerThreadStateValue, std::__1::pair<FFPlayerThreadStateValue const, std::__1::set<FFPlayerThreadStateValue, std::__1::less<FFPlayerThreadStateValue>, std::__1	1	0
Flexo	std::__1::__tree<std::__1::__value_type<FFPlayerThreadStateValue, std::__1::set<FFPlayerThreadStateValue, std::__1::less<FFPlayerThreadStateValue>, std::__1::allocator<FFPlayerThreadStateValue>>>, std::__1::__map_value_compare<FFPlayerThreadStateValue, std::__1::pair<FFPlayerThreadStateValue const, std::__1::set<FFPlayerThreadStateValue, std::__1::less<FFPlayerThreadStateValue>, std::__1::allocator<FFPlayerThreadStateValue>>>, std::__1::less<FFPlayerThreadStateValue>, true>, std::__1::allocator<std::__1::pair<FFPlayerThreadStateValue const, std::__1::set<FFPlayerThreadStateValue, std::__1::less<FFPlayerThreadStateValue>, std::__1::allocator<FFPlayerThreadStateValue>>>>>	1	0
Flexo	FFVideoViewLockOrderEnforcement	1	0
Flexo	BWF_Parser::ChunkList	1	0
Flexo	std::__1::vector<BWF_Parser::ChunkInfo, std::__1::allocator<BWF_Parser::ChunkInfo>>	1	0
Flexo	void std::__1::shared_ptr<FFScheduledReadAudioFile>	1	0
Flexo	HPMEditCursor	1	0
Flexo	PCH264Parser	1	0
Flexo	DecodedFrameCache::DecodedFrameRecord	1	0
Flexo	std::__1::list<CacheRecord, std::__1::allocator<CacheRecord>>	1	0
Flexo	std::__1::pair<std::__1::__tree_iterator<std::__1::__value_type<CMTime, int>, std::__1::__tree_node<std::__1::__value_type<CMTime, int>, void*>*, long>, bool> std::__1::__tree<std::__1::__value_type<CMTime, int>, std::__1::__map_value_compare<CMTime, std::__1::pair<CMTime const, int>, std::__1::less<CMTime>, true>, std::__1::allocator<std::__1::pair<CMTime const, int>>>::__emplace_unique_key_args<CMTime, std::__1::piecewise_construct_t const&, std::__1::tuple<CMTime const&>, std::__1	1	0
Flexo	std::__1::pair<std::__1::__tree_iterator<CMTime, std::__1::__tree_node<CMTime, void*>*, long>, bool> std::__1::__tree<CMTime, std::__1::less<CMTime>, std::__1::allocator<CMTime>>	1	0
Flexo	std::__1::pair<std::__1::__tree_iterator<std::__1::__value_type<CMTime, std::__1::vector<FFScheduleTokenVTDecode*, std::__1::allocator<FFScheduleTokenVTDecode*>>*>, std::__1::__tree_node<std::__1::__value_type<CMTime, std::__1::vector<FFScheduleTokenVTDecode*, std::__1::allocator<FFScheduleTokenVTDecode*>>*>, void*>*, long>, bool> std::__1::__tree<std::__1::__value_type<CMTime, std::__1::vector<FFScheduleTokenVTDecode*, std::__1::allocator<FFScheduleTokenVTDecode*>>*>, std::__1::__map_value_compare<CMTime, std::__1::pair<CMTime const, std::__1::vector<FFScheduleTokenVTDecode*, std::__1::allocator<FFScheduleTokenVTDecode*>>*>, std::__1::less<CMTime>, true>, std::__1::allocator<std::__1::pair<CMTime const, std::__1::vector<FFScheduleTokenVTDecode*, std::__1::allocator<FFScheduleTokenVTDecode*>>*>>>::__emplace_unique_key_args<CMTime, std::__1::piecewise_construct_t const&, std::__1::tuple<CMTime const&>, std::__1	1	0
Flexo	std::__1::vector<FFScheduleTokenVTDecode*, std::__1::allocator<FFScheduleTokenVTDecode*>>	1	0
Flexo	FFAVFCompositionAudioCursor* FFAVFCompositionMediaReader	1	0
Flexo	FFAVFCompositionTimecodeCursor* FFAVFCompositionMediaReader	1	0
Flexo	FFAVFCompositionVideoCursor* FFAVFCompositionMediaReader	1	0
Flexo	std::__1::vector<NSArray*, std::__1::allocator<NSArray*>>	1	0
Flexo	std::__1::vector<CMTimeMapping, std::__1::allocator<CMTimeMapping>>	1	0
Flexo	std::__1::vector<unsigned char, std::__1::allocator<unsigned char>>	1	0
Flexo	std::__1::vector<NALUnitEntry, std::__1::allocator<NALUnitEntry>>	1	0
Flexo	std::__1::vector<FFMediaReader*, std::__1::allocator<FFMediaReader*>>	1	0
Flexo	std::__1::vector<FFMXFTrackEntry, std::__1::allocator<FFMXFTrackEntry>>	1	0
Flexo	std::__1::list<FFMXFVideoCursor::createSampleBuffer(FFMediaReaderRequestMode, CMTime, FFPrerollBatch*) const::nalUnitEntry, std::__1::allocator<FFMXFVideoCursor::createSampleBuffer(FFMediaReaderRequestMode, CMTime, FFPrerollBatch*) const::nalUnitEntry>>	1	0
Flexo	PCCFRef<CGColorSpace*>	1	0
Flexo	std::__1::unique_ptr<FFLockerWithCallbacks, std::__1::default_delete<FFLockerWithCallbacks>>	1	0
Flexo	FFLockerWithCallbacks::Callbacks	1	0
Flexo	std::__1::__function::__value_func<void ()>	1	0
Flexo	std::__1::unordered_map<std::__1::basic_string<char, std::__1::char_traits<char>, std::__1::allocator<char>>, FFREDSettings*, std::__1::hash<std::__1::basic_string<char, std::__1::char_traits<char>, std::__1::allocator<char>>>, std::__1::equal_to<std::__1::basic_string<char, std::__1::char_traits<char>, std::__1::allocator<char>>>, std::__1::allocator<std::__1::pair<std::__1::basic_string<char, std::__1::char_traits<char>, std::__1::allocator<char>> const, FFREDSettings*>>>	1	0
Flexo	std::__1::__hash_iterator<std::__1::__hash_node<std::__1::__hash_value_type<std::__1::basic_string<char, std::__1::char_traits<char>, std::__1::allocator<char>>, FFREDSettings*>, void*>*> std::__1::__hash_table<std::__1::__hash_value_type<std::__1::basic_string<char, std::__1::char_traits<char>, std::__1::allocator<char>>, FFREDSettings*>, std::__1::__unordered_map_hasher<std::__1::basic_string<char, std::__1::char_traits<char>, std::__1::allocator<char>>, std::__1::pair<std::__1::basic_string<char, std::__1::char_traits<char>, std::__1::allocator<char>> const, FFREDSettings*>, std::__1::hash<std::__1::basic_string<char, std::__1::char_traits<char>, std::__1::allocator<char>>>, std::__1::equal_to<std::__1::basic_string<char, std::__1::char_traits<char>, std::__1::allocator<char>>>, true>, std::__1::__unordered_map_equal<std::__1::basic_string<char, std::__1::char_traits<char>, std::__1::allocator<char>>, std::__1::pair<std::__1::basic_string<char, std::__1::char_traits<char>, std::__1::allocator<char>> const, FFREDSettings*>, std::__1::equal_to<std::__1::basic_string<char, std::__1::char_traits<char>, std::__1::allocator<char>>>, std::__1::hash<std::__1::basic_string<char, std::__1::char_traits<char>, std::__1::allocator<char>>>, true>, std::__1::allocator<std::__1::pair<std::__1::basic_string<char, std::__1::char_traits<char>, std::__1::allocator<char>> const, FFREDSettings*>>>::find<std::__1::basic_string<char, std::__1::char_traits<char>, std::__1	1	0
Flexo	std::__1::__murmur2_or_cityhash<unsigned long, 64ul>	1	0
Flexo	std::__1::pair<std::__1::__hash_iterator<std::__1::__hash_node<std::__1::__hash_value_type<std::__1::basic_string<char, std::__1::char_traits<char>, std::__1::allocator<char>>, FFREDSettings*>, void*>*>, bool> std::__1::__hash_table<std::__1::__hash_value_type<std::__1::basic_string<char, std::__1::char_traits<char>, std::__1::allocator<char>>, FFREDSettings*>, std::__1::__unordered_map_hasher<std::__1::basic_string<char, std::__1::char_traits<char>, std::__1::allocator<char>>, std::__1::pair<std::__1::basic_string<char, std::__1::char_traits<char>, std::__1::allocator<char>> const, FFREDSettings*>, std::__1::hash<std::__1::basic_string<char, std::__1::char_traits<char>, std::__1::allocator<char>>>, std::__1::equal_to<std::__1::basic_string<char, std::__1::char_traits<char>, std::__1::allocator<char>>>, true>, std::__1::__unordered_map_equal<std::__1::basic_string<char, std::__1::char_traits<char>, std::__1::allocator<char>>, std::__1::pair<std::__1::basic_string<char, std::__1::char_traits<char>, std::__1::allocator<char>> const, FFREDSettings*>, std::__1::equal_to<std::__1::basic_string<char, std::__1::char_traits<char>, std::__1::allocator<char>>>, std::__1::hash<std::__1::basic_string<char, std::__1::char_traits<char>, std::__1::allocator<char>>>, true>, std::__1::allocator<std::__1::pair<std::__1::basic_string<char, std::__1::char_traits<char>, std::__1::allocator<char>> const, FFREDSettings*>>>::__emplace_unique_key_args<std::__1::basic_string<char, std::__1::char_traits<char>, std::__1::allocator<char>>, std::__1::piecewise_construct_t const&, std::__1::tuple<std::__1::basic_string<char, std::__1::char_traits<char>, std::__1::allocator<char>> const&>, std::__1	1	0
Flexo	std::__1::unique_ptr<std::__1::__hash_node<std::__1::__hash_value_type<std::__1::basic_string<char, std::__1::char_traits<char>, std::__1::allocator<char>>, FFREDSettings*>, void*>, std::__1::__hash_node_destructor<std::__1::allocator<std::__1::__hash_node<std::__1::__hash_value_type<std::__1::basic_string<char, std::__1::char_traits<char>, std::__1::allocator<char>>, FFREDSettings*>, void*>>>>	1	0
Flexo	FFSoundDesignerIISupport	1	0
Flexo	CoreMediaMovieReader_Intra* FFVideoDecoder	1	0
Flexo	CoreMediaMovieReader_LongGOP* FFVideoDecoder	1	0
Flexo	std::__1::vector<FFVideoDecoder*, std::__1::allocator<FFVideoDecoder*>>	1	0
Flexo	std::__1::__split_buffer<FFVTDecompressionSession::DecodeRecord, std::__1::allocator<FFVTDecompressionSession::DecodeRecord>&>	1	0
Flexo	void std::__1::__uninitialized_allocator_relocate[abi:nqe210106]<std::__1::allocator<FFVTDecompressionSession::DecodeRecord>, FFVTDecompressionSession	1	0
Flexo	std::__1::__exception_guard_exceptions<std::__1::_AllocatorDestroyRangeReverse<std::__1::allocator<FFVTDecompressionSession::DecodeRecord>, FFVTDecompressionSession::DecodeRecord*>>	1	0
Flexo	FFVTDecompressionSession::DecodeRecord* std::__1::vector<FFVTDecompressionSession::DecodeRecord, std::__1::allocator<FFVTDecompressionSession::DecodeRecord>>::__emplace_back_slow_path<FFVTDecompressionSession	1	0
Flexo	std::__1::pair<std::__1::__deque_iterator<FFVTDecompressionSession::DecodeRecord, FFVTDecompressionSession::DecodeRecord*, FFVTDecompressionSession::DecodeRecord&, FFVTDecompressionSession::DecodeRecord**, long, 46l>, std::__1::__deque_iterator<FFVTDecompressionSession::DecodeRecord, FFVTDecompressionSession::DecodeRecord*, FFVTDecompressionSession::DecodeRecord&, FFVTDecompressionSession::DecodeRecord**, long, 46l>> std::__1::__move_backward_impl<std::__1::_ClassicAlgPolicy>	1	0
Flexo	std::__1::__move_impl<std::__1::_ClassicAlgPolicy>::_MoveSegment<std::__1::__deque_iterator<FFVTDecompressionSession::DecodeRecord, FFVTDecompressionSession::DecodeRecord*, FFVTDecompressionSession::DecodeRecord&, FFVTDecompressionSession::DecodeRecord**, long, 46l>, std::__1::__deque_iterator<FFVTDecompressionSession::DecodeRecord, FFVTDecompressionSession::DecodeRecord*, FFVTDecompressionSession::DecodeRecord&, FFVTDecompressionSession::DecodeRecord**, long, 46l>>	1	0
Flexo	PCCFRef<OpaqueVTDecompressionSession*>	1	0
Flexo	std::__1::unique_ptr<CoreMediaMovieReader_Query, std::__1::default_delete<CoreMediaMovieReader_Query>>	1	0
Flexo	std::__1::list<FFAudioSourceScope, std::__1::allocator<FFAudioSourceScope>>	1	0
Flexo	void insert_sorted<std::__1::vector<FFAudioStreamScope*, std::__1	1	0
Flexo	std::__1::__tree<std::__1::__value_type<FFAnchoredObject*, FFAudioSourceScope>, std::__1::__map_value_compare<FFAnchoredObject*, std::__1::pair<FFAnchoredObject* const, FFAudioSourceScope>, std::__1::less<FFAnchoredObject*>, true>, std::__1::allocator<std::__1::pair<FFAnchoredObject* const, FFAudioSourceScope>>>	1	0
Flexo	std::__1::__tree_iterator<std::__1::__value_type<FFAnchoredObject*, FFAudioSourceScope>, std::__1::__tree_node<std::__1::__value_type<FFAnchoredObject*, FFAudioSourceScope>, void*>*, long> std::__1::__tree<std::__1::__value_type<FFAnchoredObject*, FFAudioSourceScope>, std::__1::__map_value_compare<FFAnchoredObject*, std::__1::pair<FFAnchoredObject* const, FFAudioSourceScope>, std::__1::less<FFAnchoredObject*>, true>, std::__1::allocator<std::__1::pair<FFAnchoredObject* const, FFAudioSourceScope>>>::__emplace_multi<std::__1	1	0
Flexo	std::__1::unique_ptr<std::__1::__tree_node<std::__1::__value_type<FFAnchoredObject*, FFAudioSourceScope>, void*>, std::__1::__tree_node_destructor<std::__1::allocator<std::__1::__tree_node<std::__1::__value_type<FFAnchoredObject*, FFAudioSourceScope>, void*>>>>	1	0
Flexo	std::__1::vector<FFAudioDynamicScopingWindow*, std::__1::allocator<FFAudioDynamicScopingWindow*>>	1	0
Flexo	std::__1::vector<FFAudioGainChannelChaser*, std::__1::allocator<FFAudioGainChannelChaser*>>	1	0
Flexo	std::__1::vector<FFAudioEffectsBuss::EffectStackChain::Element*, std::__1::allocator<FFAudioEffectsBuss::EffectStackChain::Element*>>	1	0
Flexo	std::__1::unique_ptr<FFAudioDynamicScopingWindow::LivePreroller, std::__1::default_delete<FFAudioDynamicScopingWindow::LivePreroller>>	1	0
Flexo	void std::__1::vector<FFAudioDynamicScopingWindow*, std::__1::allocator<FFAudioDynamicScopingWindow*>>	1	0
Flexo	void std::__1::set<FFAudioDynamicScopingWindow*, std::__1::less<FFAudioDynamicScopingWindow*>, std::__1::allocator<FFAudioDynamicScopingWindow*>>::insert[abi:nqe210106]<std::__1::__tree_const_iterator<FFAudioDynamicScopingWindow*, std::__1	1	0
Flexo	void std::__1::set<void*, std::__1::less<void*>, std::__1::allocator<void*>>::insert[abi:nqe210106]<std::__1::__tree_const_iterator<void*, std::__1	1	0
Flexo	void std::__1::vector<FFAudioStreamScope*, std::__1::allocator<FFAudioStreamScope*>>	1	0
Flexo	std::__1::unique_ptr<PEObjectSegmentedVideoStreamUtils::SegmentMD5InfoCacheItem, std::__1::default_delete<PEObjectSegmentedVideoStreamUtils::SegmentMD5InfoCacheItem>>	1	0
Flexo	std::__1::unique_ptr<PEObjectSegmentedVideoStreamUtils::SegmentSourceCacheItem, std::__1::default_delete<PEObjectSegmentedVideoStreamUtils::SegmentSourceCacheItem>>	1	0
Flexo	std::__1::__list_imp<std::__1::unique_ptr<PEObjectSegmentedVideoStreamUtils::SegmentSourceCacheItem, std::__1::default_delete<PEObjectSegmentedVideoStreamUtils::SegmentSourceCacheItem>>, std::__1::allocator<std::__1::unique_ptr<PEObjectSegmentedVideoStreamUtils::SegmentSourceCacheItem, std::__1::default_delete<PEObjectSegmentedVideoStreamUtils::SegmentSourceCacheItem>>>>	1	0
Flexo	std::__1::vector<FFAnchoredObjectSegmentedVideoStream*, std::__1::allocator<FFAnchoredObjectSegmentedVideoStream*>>	1	0
Flexo	PEObjectSegmentedVideoStreamUtils::SegmentMD5InfoCacheItem::MatchTimeSDandContextSpatialTemporal	1	0
Flexo	PEObjectSegmentedVideoStreamUtils::SegmentStreamCacheItem::MatchTimeAndContext	1	0
Flexo	std::__1::map<FFLibrary*, FFObjectCache*, std::__1::less<FFLibrary*>, std::__1::allocator<std::__1::pair<FFLibrary* const, FFObjectCache*>>>	1	0
Flexo	std::__1::vector<FFStreamVideoStreamSharer*, std::__1::allocator<FFStreamVideoStreamSharer*>>	1	0
Flexo	std::__1::__tree_node_base<void*>*& std::__1::__tree<FFMD5, std::__1::less<FFMD5>, std::__1::allocator<FFMD5>>	1	0
Flexo	unsigned long std::__1::__tree<FFMD5, std::__1::less<FFMD5>, std::__1::allocator<FFMD5>>	1	0
Flexo	std::__1::unique_ptr<PCAtomMetadataHandler, std::__1::default_delete<PCAtomMetadataHandler>>	1	0
Flexo	std::__1::vector<CoreMediaMovieReader_Intra*, std::__1::allocator<CoreMediaMovieReader_Intra*>>	1	0
Flexo	std::__1::vector<CoreMediaMovieReader_LongGOP*, std::__1::allocator<CoreMediaMovieReader_LongGOP*>>	1	0
Flexo	FFVideoPropsGroupingKey	1	0
Flexo	std::__1::unordered_map<NSString*, std::__1::vector<NSString*, std::__1::allocator<NSString*>>, std::__1::hash<NSString*>, std::__1::equal_to<NSString*>, std::__1::allocator<std::__1::pair<NSString* const, std::__1::vector<NSString*, std::__1::allocator<NSString*>>>>>	1	0
Flexo	std::__1::unordered_map<FFCameraModeProperty, std::__1::vector<NSString*, std::__1::allocator<NSString*>>, std::__1::hash<FFCameraModeProperty>, std::__1::equal_to<FFCameraModeProperty>, std::__1::allocator<std::__1::pair<FFCameraModeProperty const, std::__1::vector<NSString*, std::__1::allocator<NSString*>>>>>	1	0
Flexo	std::__1::map<std::__1::pair<int, int>, std::__1::list<NSString*, std::__1::allocator<NSString*>>, std::__1::less<std::__1::pair<int, int>>, std::__1::allocator<std::__1::pair<std::__1::pair<int, int> const, std::__1::list<NSString*, std::__1::allocator<NSString*>>>>>	1	0
Flexo	std::__1::map<int, std::__1::list<NSString*, std::__1::allocator<NSString*>>, std::__1::less<int>, std::__1::allocator<std::__1::pair<int const, std::__1::list<NSString*, std::__1::allocator<NSString*>>>>>	1	0
Flexo	std::__1::map<FFCameraModeProperty, std::__1::list<NSString*, std::__1::allocator<NSString*>>, std::__1::less<FFCameraModeProperty>, std::__1::allocator<std::__1::pair<FFCameraModeProperty const, std::__1::list<NSString*, std::__1::allocator<NSString*>>>>>	1	0
Flexo	std::__1::pair<FFCameraModeProperty const, std::__1::list<NSString*, std::__1::allocator<NSString*>>>	1	0
Flexo	std::__1::pair<int const, std::__1::list<NSString*, std::__1::allocator<NSString*>>>	1	0
Flexo	std::__1::list<std::__1::list<NSString*, std::__1::allocator<NSString*>>, std::__1::allocator<std::__1::list<NSString*, std::__1::allocator<NSString*>>>>	1	0
Flexo	std::__1::unordered_map<NSString*, FFCameraModeProperty, std::__1::hash<NSString*>, std::__1::equal_to<NSString*>, std::__1::allocator<std::__1::pair<NSString* const, FFCameraModeProperty>>>	1	0
Flexo	std::__1::__tree_node_base<void*>*& std::__1::__tree<std::__1::__value_type<FFVideoPropsGroupingKey, FFVideoPropsGroup*>, std::__1::__map_value_compare<FFVideoPropsGroupingKey, std::__1::pair<FFVideoPropsGroupingKey const, FFVideoPropsGroup*>, FFVideoPropsGroupingKey::FFVideoPropsGroupingKeyCompare, true>, std::__1::allocator<std::__1::pair<FFVideoPropsGroupingKey const, FFVideoPropsGroup*>>>	1	0
Flexo	std::__1::vector<NSString*, std::__1::allocator<NSString*>>	1	0
Flexo	std::__1::__set_intersection_result<std::__1::__list_iterator<NSString*, void*>, std::__1::__list_iterator<NSString*, void*>, std::__1::back_insert_iterator<std::__1::list<NSString*, std::__1::allocator<NSString*>>>> std::__1::__set_intersection[abi:nqe210106]<std::__1::_ClassicAlgPolicy, std::__1::__less<void, void>, std::__1::__list_iterator<NSString*, void*>, std::__1::__list_iterator<NSString*, void*>, std::__1::__list_iterator<NSString*, void*>, std::__1::__list_iterator<NSString*, void*>, std::__1::back_insert_iterator<std::__1::list<NSString*, std::__1	1	0
Flexo	std::__1::__tree_iterator<FFVideoFormat*, std::__1::__tree_node<FFVideoFormat*, void*>*, long> std::__1::__tree<FFVideoFormat*, VideoFormatRegistry::VideoFormatWidthCompare, std::__1::allocator<FFVideoFormat*>>	1	0
Flexo	std::__1::__hash_table<std::__1::__hash_value_type<FFCameraModeProperty, std::__1::vector<NSString*, std::__1::allocator<NSString*>>>, std::__1::__unordered_map_hasher<FFCameraModeProperty, std::__1::pair<FFCameraModeProperty const, std::__1::vector<NSString*, std::__1::allocator<NSString*>>>, std::__1::hash<FFCameraModeProperty>, std::__1::equal_to<FFCameraModeProperty>, true>, std::__1::__unordered_map_equal<FFCameraModeProperty, std::__1::pair<FFCameraModeProperty const, std::__1::vector<NSString*, std::__1::allocator<NSString*>>>, std::__1::equal_to<FFCameraModeProperty>, std::__1::hash<FFCameraModeProperty>, true>, std::__1::allocator<std::__1::pair<FFCameraModeProperty const, std::__1::vector<NSString*, std::__1::allocator<NSString*>>>>>	1	0
Flexo	std::__1::__hash_table<std::__1::__hash_value_type<NSString*, std::__1::vector<NSString*, std::__1::allocator<NSString*>>>, std::__1::__unordered_map_hasher<NSString*, std::__1::pair<NSString* const, std::__1::vector<NSString*, std::__1::allocator<NSString*>>>, std::__1::hash<NSString*>, std::__1::equal_to<NSString*>, true>, std::__1::__unordered_map_equal<NSString*, std::__1::pair<NSString* const, std::__1::vector<NSString*, std::__1::allocator<NSString*>>>, std::__1::equal_to<NSString*>, std::__1::hash<NSString*>, true>, std::__1::allocator<std::__1::pair<NSString* const, std::__1::vector<NSString*, std::__1::allocator<NSString*>>>>>	1	0
Flexo	std::__1::pair<std::__1::__hash_iterator<std::__1::__hash_node<std::__1::__hash_value_type<NSString*, std::__1::vector<NSString*, std::__1::allocator<NSString*>>>, void*>*>, bool> std::__1::__hash_table<std::__1::__hash_value_type<NSString*, std::__1::vector<NSString*, std::__1::allocator<NSString*>>>, std::__1::__unordered_map_hasher<NSString*, std::__1::pair<NSString* const, std::__1::vector<NSString*, std::__1::allocator<NSString*>>>, std::__1::hash<NSString*>, std::__1::equal_to<NSString*>, true>, std::__1::__unordered_map_equal<NSString*, std::__1::pair<NSString* const, std::__1::vector<NSString*, std::__1::allocator<NSString*>>>, std::__1::equal_to<NSString*>, std::__1::hash<NSString*>, true>, std::__1::allocator<std::__1::pair<NSString* const, std::__1::vector<NSString*, std::__1::allocator<NSString*>>>>>::__emplace_unique_key_args<NSString*, std::__1::pair<NSString* const, std::__1::vector<NSString*, std::__1	1	0
Flexo	std::__1::unique_ptr<std::__1::__hash_node<std::__1::__hash_value_type<NSString*, std::__1::vector<NSString*, std::__1::allocator<NSString*>>>, void*>, std::__1::__hash_node_destructor<std::__1::allocator<std::__1::__hash_node<std::__1::__hash_value_type<NSString*, std::__1::vector<NSString*, std::__1::allocator<NSString*>>>, void*>>>> std::__1::__hash_table<std::__1::__hash_value_type<NSString*, std::__1::vector<NSString*, std::__1::allocator<NSString*>>>, std::__1::__unordered_map_hasher<NSString*, std::__1::pair<NSString* const, std::__1::vector<NSString*, std::__1::allocator<NSString*>>>, std::__1::hash<NSString*>, std::__1::equal_to<NSString*>, true>, std::__1::__unordered_map_equal<NSString*, std::__1::pair<NSString* const, std::__1::vector<NSString*, std::__1::allocator<NSString*>>>, std::__1::equal_to<NSString*>, std::__1::hash<NSString*>, true>, std::__1::allocator<std::__1::pair<NSString* const, std::__1::vector<NSString*, std::__1::allocator<NSString*>>>>>::__construct_node_hash<std::__1::pair<NSString* const, std::__1::vector<NSString*, std::__1	1	0
Flexo	std::__1::unique_ptr<std::__1::__hash_node<std::__1::__hash_value_type<FFCameraModeProperty, std::__1::vector<NSString*, std::__1::allocator<NSString*>>>, void*>, std::__1::__hash_node_destructor<std::__1::allocator<std::__1::__hash_node<std::__1::__hash_value_type<FFCameraModeProperty, std::__1::vector<NSString*, std::__1::allocator<NSString*>>>, void*>>>>	1	0
Flexo	std::__1::unique_ptr<std::__1::__hash_node<std::__1::__hash_value_type<objc_object*, Observers::List>, void*>, std::__1::__hash_node_destructor<std::__1::allocator<std::__1::__hash_node<std::__1::__hash_value_type<objc_object*, Observers::List>, void*>>>>	1	0
Flexo	std::__1::unique_ptr<std::__1::__hash_node<std::__1::__hash_value_type<NSString*, std::__1::vector<NSString*, std::__1::allocator<NSString*>>>, void*>, std::__1::__hash_node_destructor<std::__1::allocator<std::__1::__hash_node<std::__1::__hash_value_type<NSString*, std::__1::vector<NSString*, std::__1::allocator<NSString*>>>, void*>>>>	1	0
Flexo	std::__1::pair<std::__1::__hash_iterator<std::__1::__hash_node<std::__1::__hash_value_type<FFCameraModeProperty, std::__1::vector<NSString*, std::__1::allocator<NSString*>>>, void*>*>, bool> std::__1::__hash_table<std::__1::__hash_value_type<FFCameraModeProperty, std::__1::vector<NSString*, std::__1::allocator<NSString*>>>, std::__1::__unordered_map_hasher<FFCameraModeProperty, std::__1::pair<FFCameraModeProperty const, std::__1::vector<NSString*, std::__1::allocator<NSString*>>>, std::__1::hash<FFCameraModeProperty>, std::__1::equal_to<FFCameraModeProperty>, true>, std::__1::__unordered_map_equal<FFCameraModeProperty, std::__1::pair<FFCameraModeProperty const, std::__1::vector<NSString*, std::__1::allocator<NSString*>>>, std::__1::equal_to<FFCameraModeProperty>, std::__1::hash<FFCameraModeProperty>, true>, std::__1::allocator<std::__1::pair<FFCameraModeProperty const, std::__1::vector<NSString*, std::__1::allocator<NSString*>>>>>::__emplace_unique_key_args<FFCameraModeProperty, std::__1::pair<FFCameraModeProperty const, std::__1::vector<NSString*, std::__1	1	0
Flexo	std::__1::unique_ptr<std::__1::__hash_node<std::__1::__hash_value_type<FFCameraModeProperty, std::__1::vector<NSString*, std::__1::allocator<NSString*>>>, void*>, std::__1::__hash_node_destructor<std::__1::allocator<std::__1::__hash_node<std::__1::__hash_value_type<FFCameraModeProperty, std::__1::vector<NSString*, std::__1::allocator<NSString*>>>, void*>>>> std::__1::__hash_table<std::__1::__hash_value_type<FFCameraModeProperty, std::__1::vector<NSString*, std::__1::allocator<NSString*>>>, std::__1::__unordered_map_hasher<FFCameraModeProperty, std::__1::pair<FFCameraModeProperty const, std::__1::vector<NSString*, std::__1::allocator<NSString*>>>, std::__1::hash<FFCameraModeProperty>, std::__1::equal_to<FFCameraModeProperty>, true>, std::__1::__unordered_map_equal<FFCameraModeProperty, std::__1::pair<FFCameraModeProperty const, std::__1::vector<NSString*, std::__1::allocator<NSString*>>>, std::__1::equal_to<FFCameraModeProperty>, std::__1::hash<FFCameraModeProperty>, true>, std::__1::allocator<std::__1::pair<FFCameraModeProperty const, std::__1::vector<NSString*, std::__1::allocator<NSString*>>>>>::__construct_node_hash<std::__1::pair<FFCameraModeProperty const, std::__1::vector<NSString*, std::__1	1	0
Flexo	std::__1::__tree<std::__1::__value_type<std::__1::pair<int, int>, std::__1::list<NSString*, std::__1::allocator<NSString*>>>, std::__1::__map_value_compare<std::__1::pair<int, int>, std::__1::pair<std::__1::pair<int, int> const, std::__1::list<NSString*, std::__1::allocator<NSString*>>>, std::__1::less<std::__1::pair<int, int>>, true>, std::__1::allocator<std::__1::pair<std::__1::pair<int, int> const, std::__1::list<NSString*, std::__1::allocator<NSString*>>>>>	1	0
Flexo	void std::__1::__tree<std::__1::__value_type<int, std::__1::list<NSString*, std::__1::allocator<NSString*>>>, std::__1::__map_value_compare<int, std::__1::pair<int const, std::__1::list<NSString*, std::__1::allocator<NSString*>>>, std::__1::less<int>, true>, std::__1::allocator<std::__1::pair<int const, std::__1::list<NSString*, std::__1::allocator<NSString*>>>>>::__assign_unique<std::__1::pair<int const, std::__1::list<NSString*, std::__1	1	0
Flexo	std::__1::__tree<std::__1::__value_type<FFCameraModeProperty, std::__1::list<NSString*, std::__1::allocator<NSString*>>>, std::__1::__map_value_compare<FFCameraModeProperty, std::__1::pair<FFCameraModeProperty const, std::__1::list<NSString*, std::__1::allocator<NSString*>>>, std::__1::less<FFCameraModeProperty>, true>, std::__1::allocator<std::__1::pair<FFCameraModeProperty const, std::__1::list<NSString*, std::__1::allocator<NSString*>>>>>::_DetachedTreeCache	1	0
Flexo	std::__1::__tree<std::__1::__value_type<int, std::__1::list<NSString*, std::__1::allocator<NSString*>>>, std::__1::__map_value_compare<int, std::__1::pair<int const, std::__1::list<NSString*, std::__1::allocator<NSString*>>>, std::__1::less<int>, true>, std::__1::allocator<std::__1::pair<int const, std::__1::list<NSString*, std::__1::allocator<NSString*>>>>>::_DetachedTreeCache	1	0
Flexo	std::__1::__list_iterator<NSString*, void*> std::__1::list<NSString*, std::__1::allocator<NSString*>>::__insert_with_sentinel[abi:nqe210106]<std::__1::__list_const_iterator<NSString*, void*>, std::__1	1	0
Flexo	std::__1::pair<std::__1::__tree_iterator<std::__1::__value_type<int, std::__1::list<NSString*, std::__1::allocator<NSString*>>>, std::__1::__tree_node<std::__1::__value_type<int, std::__1::list<NSString*, std::__1::allocator<NSString*>>>, void*>*, long>, bool> std::__1::__tree<std::__1::__value_type<int, std::__1::list<NSString*, std::__1::allocator<NSString*>>>, std::__1::__map_value_compare<int, std::__1::pair<int const, std::__1::list<NSString*, std::__1::allocator<NSString*>>>, std::__1::less<int>, true>, std::__1::allocator<std::__1::pair<int const, std::__1::list<NSString*, std::__1::allocator<NSString*>>>>>::__emplace_unique_key_args<int, std::__1::pair<int const, std::__1::list<NSString*, std::__1	1	0
Flexo	std::__1::unique_ptr<std::__1::__tree_node<std::__1::__value_type<FFCameraModeProperty, std::__1::list<NSString*, std::__1::allocator<NSString*>>>, void*>, std::__1::__tree_node_destructor<std::__1::allocator<std::__1::__tree_node<std::__1::__value_type<FFCameraModeProperty, std::__1::list<NSString*, std::__1::allocator<NSString*>>>, void*>>>>	1	0
Flexo	std::__1::unique_ptr<std::__1::__tree_node<std::__1::__value_type<int, std::__1::list<NSString*, std::__1::allocator<NSString*>>>, void*>, std::__1::__tree_node_destructor<std::__1::allocator<std::__1::__tree_node<std::__1::__value_type<int, std::__1::list<NSString*, std::__1::allocator<NSString*>>>, void*>>>>	1	0
Flexo	void std::__1::__tree<std::__1::__value_type<FFCameraModeProperty, std::__1::list<NSString*, std::__1::allocator<NSString*>>>, std::__1::__map_value_compare<FFCameraModeProperty, std::__1::pair<FFCameraModeProperty const, std::__1::list<NSString*, std::__1::allocator<NSString*>>>, std::__1::less<FFCameraModeProperty>, true>, std::__1::allocator<std::__1::pair<FFCameraModeProperty const, std::__1::list<NSString*, std::__1::allocator<NSString*>>>>>::__assign_unique<std::__1::pair<FFCameraModeProperty const, std::__1::list<NSString*, std::__1	1	0
Flexo	std::__1::pair<std::__1::__tree_iterator<std::__1::__value_type<FFCameraModeProperty, std::__1::list<NSString*, std::__1::allocator<NSString*>>>, std::__1::__tree_node<std::__1::__value_type<FFCameraModeProperty, std::__1::list<NSString*, std::__1::allocator<NSString*>>>, void*>*, long>, bool> std::__1::__tree<std::__1::__value_type<FFCameraModeProperty, std::__1::list<NSString*, std::__1::allocator<NSString*>>>, std::__1::__map_value_compare<FFCameraModeProperty, std::__1::pair<FFCameraModeProperty const, std::__1::list<NSString*, std::__1::allocator<NSString*>>>, std::__1::less<FFCameraModeProperty>, true>, std::__1::allocator<std::__1::pair<FFCameraModeProperty const, std::__1::list<NSString*, std::__1::allocator<NSString*>>>>>::__emplace_unique_key_args<FFCameraModeProperty, std::__1::pair<FFCameraModeProperty const, std::__1::list<NSString*, std::__1	1	0
Flexo	std::__1::__list_iterator<NSString*, void*> std::__1::list<NSString*, std::__1::allocator<NSString*>>::__sort<std::__1	1	0
Flexo	void std::__1::list<NSString*, std::__1::allocator<NSString*>>::unique<std::__1	1	0
Flexo	std::__1::pair<std::__1::__hash_iterator<std::__1::__hash_node<std::__1::__hash_value_type<NSString*, FFCameraModeProperty>, void*>*>, bool> std::__1::__hash_table<std::__1::__hash_value_type<NSString*, FFCameraModeProperty>, std::__1::__unordered_map_hasher<NSString*, std::__1::pair<NSString* const, FFCameraModeProperty>, std::__1::hash<NSString*>, std::__1::equal_to<NSString*>, true>, std::__1::__unordered_map_equal<NSString*, std::__1::pair<NSString* const, FFCameraModeProperty>, std::__1::equal_to<NSString*>, std::__1::hash<NSString*>, true>, std::__1::allocator<std::__1::pair<NSString* const, FFCameraModeProperty>>>::__emplace_unique_key_args<NSString*, std::__1::piecewise_construct_t const&, std::__1::tuple<NSString*&&>, std::__1	1	0
Flexo	std::__1::pair<std::__1::__hash_iterator<std::__1::__hash_node<std::__1::__hash_value_type<NSString*, FFCameraModeProperty>, void*>*>, bool> std::__1::__hash_table<std::__1::__hash_value_type<NSString*, FFCameraModeProperty>, std::__1::__unordered_map_hasher<NSString*, std::__1::pair<NSString* const, FFCameraModeProperty>, std::__1::hash<NSString*>, std::__1::equal_to<NSString*>, true>, std::__1::__unordered_map_equal<NSString*, std::__1::pair<NSString* const, FFCameraModeProperty>, std::__1::equal_to<NSString*>, std::__1::hash<NSString*>, true>, std::__1::allocator<std::__1::pair<NSString* const, FFCameraModeProperty>>>::__emplace_unique_key_args<NSString*, std::__1::piecewise_construct_t const&, std::__1::tuple<NSString* const&>, std::__1	1	0
Flexo	std::__1::__hash_const_iterator<std::__1::__hash_node<std::__1::__hash_value_type<NSString*, std::__1::vector<NSString*, std::__1::allocator<NSString*>>>, void*>*> std::__1::__hash_table<std::__1::__hash_value_type<NSString*, std::__1::vector<NSString*, std::__1::allocator<NSString*>>>, std::__1::__unordered_map_hasher<NSString*, std::__1::pair<NSString* const, std::__1::vector<NSString*, std::__1::allocator<NSString*>>>, std::__1::hash<NSString*>, std::__1::equal_to<NSString*>, true>, std::__1::__unordered_map_equal<NSString*, std::__1::pair<NSString* const, std::__1::vector<NSString*, std::__1::allocator<NSString*>>>, std::__1::equal_to<NSString*>, std::__1::hash<NSString*>, true>, std::__1::allocator<std::__1::pair<NSString* const, std::__1::vector<NSString*, std::__1::allocator<NSString*>>>>>	1	0
Flexo	void std::__1::__tree<CMTime, std::__1::less<CMTime>, std::__1::allocator<CMTime>>::__assign_multi<std::__1::__tree_const_iterator<CMTime, std::__1	1	0
Flexo	std::__1::__tree<CMTime, std::__1::less<CMTime>, std::__1::allocator<CMTime>>::_DetachedTreeCache	1	0
Flexo	std::__1::__tree<std::__1::__value_type<FFMD5, float>, std::__1::__map_value_compare<FFMD5, std::__1::pair<FFMD5 const, float>, std::__1::less<FFMD5>, true>, std::__1::allocator<std::__1::pair<FFMD5 const, float>>>::_DetachedTreeCache	1	0
Flexo	std::__1::__tree<std::__1::__value_type<OZChannelRef, std::__1::vector<_OZKeyframeInfo, std::__1::allocator<_OZKeyframeInfo>>>, std::__1::__map_value_compare<OZChannelRef, std::__1::pair<OZChannelRef const, std::__1::vector<_OZKeyframeInfo, std::__1::allocator<_OZKeyframeInfo>>>, std::__1::less<OZChannelRef>, true>, std::__1::allocator<std::__1::pair<OZChannelRef const, std::__1::vector<_OZKeyframeInfo, std::__1::allocator<_OZKeyframeInfo>>>>>	1	0
Flexo	std::__1::pair<std::__1::__tree_iterator<std::__1::__value_type<OZChannelRef, std::__1::vector<_OZKeyframeInfo, std::__1::allocator<_OZKeyframeInfo>>>, std::__1::__tree_node<std::__1::__value_type<OZChannelRef, std::__1::vector<_OZKeyframeInfo, std::__1::allocator<_OZKeyframeInfo>>>, void*>*, long>, bool> std::__1::__tree<std::__1::__value_type<OZChannelRef, std::__1::vector<_OZKeyframeInfo, std::__1::allocator<_OZKeyframeInfo>>>, std::__1::__map_value_compare<OZChannelRef, std::__1::pair<OZChannelRef const, std::__1::vector<_OZKeyframeInfo, std::__1::allocator<_OZKeyframeInfo>>>, std::__1::less<OZChannelRef>, true>, std::__1::allocator<std::__1::pair<OZChannelRef const, std::__1::vector<_OZKeyframeInfo, std::__1::allocator<_OZKeyframeInfo>>>>>::__emplace_unique_key_args<OZChannelRef, std::__1::piecewise_construct_t const&, std::__1::tuple<OZChannelRef const&>, std::__1	1	0
Flexo	std::__1::unique_ptr<std::__1::__tree_node<std::__1::__value_type<OZChannelRef, std::__1::vector<_OZKeyframeInfo, std::__1::allocator<_OZKeyframeInfo>>>, void*>, std::__1::__tree_node_destructor<std::__1::allocator<std::__1::__tree_node<std::__1::__value_type<OZChannelRef, std::__1::vector<_OZKeyframeInfo, std::__1::allocator<_OZKeyframeInfo>>>, void*>>>>	1	0
Flexo	std::__1::vector<_OZKeyframeInfo, std::__1::allocator<_OZKeyframeInfo>>	1	0
Flexo	void std::__1::vector<_OZKeyframeInfo, std::__1::allocator<_OZKeyframeInfo>>	1	0
Flexo	void std::__1::map<OZChannelRef, std::__1::vector<_OZKeyframeInfo, std::__1::allocator<_OZKeyframeInfo>>, std::__1::less<OZChannelRef>, std::__1::allocator<std::__1::pair<OZChannelRef const, std::__1::vector<_OZKeyframeInfo, std::__1::allocator<_OZKeyframeInfo>>>>>::insert[abi:nqe210106]<std::__1::__map_const_iterator<std::__1::__tree_const_iterator<std::__1::__value_type<OZChannelRef, std::__1::vector<_OZKeyframeInfo, std::__1::allocator<_OZKeyframeInfo>>>, std::__1::__tree_node<std::__1::__value_type<OZChannelRef, std::__1::vector<_OZKeyframeInfo, std::__1	1	0
Flexo	std::__1::__tree_node_base<void*>*& std::__1::__tree<std::__1::__value_type<OZChannelRef, std::__1::vector<_OZKeyframeInfo, std::__1::allocator<_OZKeyframeInfo>>>, std::__1::__map_value_compare<OZChannelRef, std::__1::pair<OZChannelRef const, std::__1::vector<_OZKeyframeInfo, std::__1::allocator<_OZKeyframeInfo>>>, std::__1::less<OZChannelRef>, true>, std::__1::allocator<std::__1::pair<OZChannelRef const, std::__1::vector<_OZKeyframeInfo, std::__1::allocator<_OZKeyframeInfo>>>>>	1	0
Flexo	std::__1::unique_ptr<std::__1::__tree_node<std::__1::__value_type<OZChannelRef, std::__1::vector<_OZKeyframeInfo, std::__1::allocator<_OZKeyframeInfo>>>, void*>, std::__1::__tree_node_destructor<std::__1::allocator<std::__1::__tree_node<std::__1::__value_type<OZChannelRef, std::__1::vector<_OZKeyframeInfo, std::__1::allocator<_OZKeyframeInfo>>>, void*>>>> std::__1::__tree<std::__1::__value_type<OZChannelRef, std::__1::vector<_OZKeyframeInfo, std::__1::allocator<_OZKeyframeInfo>>>, std::__1::__map_value_compare<OZChannelRef, std::__1::pair<OZChannelRef const, std::__1::vector<_OZKeyframeInfo, std::__1::allocator<_OZKeyframeInfo>>>, std::__1::less<OZChannelRef>, true>, std::__1::allocator<std::__1::pair<OZChannelRef const, std::__1::vector<_OZKeyframeInfo, std::__1::allocator<_OZKeyframeInfo>>>>>::__construct_node<std::__1::pair<OZChannelRef const, std::__1::vector<_OZKeyframeInfo, std::__1	1	0
Flexo	std::__1::__tree_node_base<void*>*& std::__1::__tree<CMTime, std::__1::less<CMTime>, std::__1::allocator<CMTime>>	1	0
Flexo	void std::__1::set<CMTime, std::__1::less<CMTime>, std::__1::allocator<CMTime>>::insert[abi:nqe210106]<std::__1::__tree_const_iterator<CMTime, std::__1	1	0
Flexo	FFBackgroundTaskLowOverHeadModeRAII_CADRE	1	0
Flexo	std::__1::vector<HistoRange, std::__1::allocator<HistoRange>>	1	0
Flexo	std::__1::vector<Vec2i, std::__1::allocator<Vec2i>>	1	0
Flexo	std::__1::__exception_guard_exceptions<std::__1::vector<OMRgbChar, std::__1::allocator<OMRgbChar>>::__destroy_vector>	1	0
Flexo	FFToolManagerDestructor	1	0
Flexo	std::__1::unique_ptr<FFAudioSamplesCache::Block::SamplesReadyBlockInfo, std::__1::default_delete<FFAudioSamplesCache::Block::SamplesReadyBlockInfo>>	1	0
Flexo	FFAudioSamplesCache::BlockRequestIDSort	1	0
Flexo	void std::__1::__tree<std::__1::shared_ptr<FFAudioSamplesCache::Block>, FFAudioSamplesCache::BlockRequestIDSort, std::__1::allocator<std::__1::shared_ptr<FFAudioSamplesCache::Block>>>::__assign_multi<std::__1::__tree_const_iterator<std::__1::shared_ptr<FFAudioSamplesCache::Block>, std::__1::__tree_node<std::__1::shared_ptr<FFAudioSamplesCache	1	0
Flexo	std::__1::__tree<std::__1::shared_ptr<FFAudioSamplesCache::Block>, FFAudioSamplesCache::BlockRequestIDSort, std::__1::allocator<std::__1::shared_ptr<FFAudioSamplesCache::Block>>>::_DetachedTreeCache	1	0
Flexo	std::__1::__tree_iterator<std::__1::shared_ptr<FFAudioSamplesCache::Block>, std::__1::__tree_node<std::__1::shared_ptr<FFAudioSamplesCache::Block>, void*>*, long> std::__1::__tree<std::__1::shared_ptr<FFAudioSamplesCache::Block>, FFAudioSamplesCache::BlockRequestIDSort, std::__1::allocator<std::__1::shared_ptr<FFAudioSamplesCache::Block>>>::__emplace_hint_multi<std::__1::shared_ptr<FFAudioSamplesCache	1	0
Flexo	std::__1::unique_ptr<std::__1::__tree_node<std::__1::shared_ptr<FFAudioSamplesCache::Block>, void*>, std::__1::__tree_node_destructor<std::__1::allocator<std::__1::__tree_node<std::__1::shared_ptr<FFAudioSamplesCache::Block>, void*>>>>	1	0
Flexo	std::__1::vector<FFAudioSamplesCache*, std::__1::allocator<FFAudioSamplesCache*>>	1	0
Flexo	std::__1::vector<FFAudioSamplesCacheRange, std::__1::allocator<FFAudioSamplesCacheRange>>	1	0
Flexo	void std::__1::__introsort<std::__1	1	0
Flexo	void std::__1::__sort5[abi:nqe210106]<std::__1	1	0
Flexo	bool std::__1::__insertion_sort_incomplete[abi:nqe210106]<std::__1	1	0
Flexo	FFAudioSamplesCacheRange* std::__1::__partial_sort_impl[abi:nqe210106]<std::__1	1	0
Flexo	std::__1::shared_ptr<FFAudioSamplesCache::Block> std::__1::allocate_shared[abi:nqe210106]<FFAudioSamplesCache::Block, std::__1::allocator<FFAudioSamplesCache::Block>, FFAudioSamplesCache*&, std::__1::shared_ptr<FFAudioSamplesCache::SubCache>, FFAudioSamplesCacheRange&, FFAudioSamplesCache	1	0
Flexo	std::__1::shared_ptr<FFAudioSamplesCache::Block>& std::__1::vector<std::__1::shared_ptr<FFAudioSamplesCache::Block>, std::__1::allocator<std::__1::shared_ptr<FFAudioSamplesCache::Block>>>::emplace_back<std::__1::shared_ptr<FFAudioSamplesCache	1	0
Flexo	void std::__1::vector<FFAudioSamplesCacheRange, std::__1::allocator<FFAudioSamplesCacheRange>>	1	0
Flexo	void std::__1::vector<std::__1::shared_ptr<FFAudioSamplesCache::Block>, std::__1::allocator<std::__1::shared_ptr<FFAudioSamplesCache::Block>>>::__assign_with_size[abi:nqe210106]<std::__1::shared_ptr<FFAudioSamplesCache::Block>*, std::__1::shared_ptr<FFAudioSamplesCache	1	0
Flexo	std::__1::__tree<std::__1::__value_type<FFMD5, std::__1::shared_ptr<FFAudioSamplesCache::SubCache>>, std::__1::__map_value_compare<FFMD5, std::__1::pair<FFMD5 const, std::__1::shared_ptr<FFAudioSamplesCache::SubCache>>, std::__1::less<FFMD5>, true>, std::__1::allocator<std::__1::pair<FFMD5 const, std::__1::shared_ptr<FFAudioSamplesCache::SubCache>>>>	1	0
Flexo	std::__1::shared_ptr<FFAudioSamplesCache::SubCache> std::__1::allocate_shared[abi:nqe210106]<FFAudioSamplesCache::SubCache, std::__1::allocator<FFAudioSamplesCache	1	0
Flexo	std::__1::pair<std::__1::__tree_iterator<std::__1::__value_type<FFMD5, std::__1::shared_ptr<FFAudioSamplesCache::SubCache>>, std::__1::__tree_node<std::__1::__value_type<FFMD5, std::__1::shared_ptr<FFAudioSamplesCache::SubCache>>, void*>*, long>, bool> std::__1::__tree<std::__1::__value_type<FFMD5, std::__1::shared_ptr<FFAudioSamplesCache::SubCache>>, std::__1::__map_value_compare<FFMD5, std::__1::pair<FFMD5 const, std::__1::shared_ptr<FFAudioSamplesCache::SubCache>>, std::__1::less<FFMD5>, true>, std::__1::allocator<std::__1::pair<FFMD5 const, std::__1::shared_ptr<FFAudioSamplesCache::SubCache>>>>::__emplace_unique_key_args<FFMD5, FFMD5 const&, std::__1::shared_ptr<FFAudioSamplesCache	1	0
Flexo	std::__1::shared_ptr<FFAudioSamplesCache::Request> std::__1::allocate_shared[abi:nqe210106]<FFAudioSamplesCache::Request, std::__1::allocator<FFAudioSamplesCache::Request>, std::__1::shared_ptr<FFAudioSamplesCache	1	0
Flexo	unsigned long std::__1::__tree<std::__1::shared_ptr<FFAudioSamplesCache::Block>, FFAudioSamplesCache::BlockRequestIDSort, std::__1::allocator<std::__1::shared_ptr<FFAudioSamplesCache::Block>>>::__erase_unique<std::__1::shared_ptr<FFAudioSamplesCache	1	0
Flexo	std::__1::__tree_iterator<std::__1::shared_ptr<FFAudioSamplesCache::Block>, std::__1::__tree_node<std::__1::shared_ptr<FFAudioSamplesCache::Block>, void*>*, long> std::__1::__tree<std::__1::shared_ptr<FFAudioSamplesCache::Block>, FFAudioSamplesCache::BlockRequestIDSort, std::__1::allocator<std::__1::shared_ptr<FFAudioSamplesCache::Block>>>::find<std::__1::shared_ptr<FFAudioSamplesCache	1	0
Flexo	unsigned long std::__1::__tree<std::__1::shared_ptr<FFAudioSamplesCache::Block>, std::__1::less<std::__1::shared_ptr<FFAudioSamplesCache::Block>>, std::__1::allocator<std::__1::shared_ptr<FFAudioSamplesCache::Block>>>::__erase_unique<std::__1::shared_ptr<FFAudioSamplesCache	1	0
Flexo	std::__1::unique_ptr<(anonymous namespace)::Key, std::__1::default_delete<(anonymous namespace)::Key>> std::__1::make_unique[abi:nqe210106]<(anonymous namespace)	1	0
Flexo	std::__1::unique_ptr<(anonymous namespace)::GeneratePeaksSkimmableChangedListener, std::__1::default_delete<(anonymous namespace)::GeneratePeaksSkimmableChangedListener>> std::__1::make_unique[abi:nqe210106]<(anonymous namespace)	1	0
Flexo	std::__1::unique_ptr<(anonymous namespace)::WaveformData, std::__1::default_delete<(anonymous namespace)::WaveformData>>	1	0
Flexo	std::__1::unique_ptr<(anonymous namespace)::WaveformDataCache, std::__1::default_delete<(anonymous namespace)::WaveformDataCache>>	1	0
Flexo	std::__1::vector<FFScopedEffect*, std::__1::allocator<FFScopedEffect*>>	1	0
Flexo	CAX4CCString	1	0
Flexo	auto_cfref<void const*>	1	0
Flexo	std::__1::vector<FFParameterChaser*, std::__1::allocator<FFParameterChaser*>>	1	0
Flexo	std::__1::unique_ptr<FFScopedExternalUnitEffect::AURenderCallbackInfo, std::__1::default_delete<FFScopedExternalUnitEffect::AURenderCallbackInfo>>	1	0
Flexo	std::__1::unique_ptr<FFScopedAnalyzingEffect, std::__1::default_delete<FFScopedAnalyzingEffect>> std::__1	1	0
Flexo	std::__1::unique_ptr<FFScopedVoiceIsolationEffect, std::__1::default_delete<FFScopedVoiceIsolationEffect>> std::__1	1	0
Flexo	void std::__1::vector<unsigned int, std::__1::allocator<unsigned int>>	1	0
Flexo	std::__1::vector<FFSelfAdvancingParameterChaser*, std::__1::allocator<FFSelfAdvancingParameterChaser*>>	1	0
Flexo	std::__1::vector<FFSharedAudioUnit*, std::__1::allocator<FFSharedAudioUnit*>>	1	0
Flexo	std::__1::vector<STBuiltinAudioUnitsRegistrar::DeferredRegistration, std::__1::allocator<STBuiltinAudioUnitsRegistrar::DeferredRegistration>>	1	0
Flexo	auto_cfref<OpaqueCMBlockBuffer*>	1	0
Flexo	std::__1::vector<FFAudioSignal*, std::__1::allocator<FFAudioSignal*>>	1	0
Flexo	std::__1::map<qos_class_t, FFPrioritizedWorkQueue*, std::__1::less<qos_class_t>, std::__1::allocator<std::__1::pair<qos_class_t const, FFPrioritizedWorkQueue*>>>	1	0
Flexo	void std::__1::vector<double, std::__1::allocator<double>>	1	0
Flexo	void std::__1::__call_once_proxy[abi:nqe210106]<std::__1::tuple<OZCurveDoubleSplineState::getInstance()	1	0
Flexo	void std::__1::__call_once_proxy[abi:nqe210106]<std::__1::tuple<FFOZObservableFolder_Factory::getInstance()	1	0
Flexo	void std::__1::__call_once_proxy[abi:nqe210106]<std::__1::tuple<FFOZRootChannel_Factory::getInstance()	1	0
Flexo	PCICCProfile	1	0
Flexo	FFLockBase::NestingReleaser	1	0
Flexo	FFMemoryPressureStateInfo	1	0
Flexo	std::__1::map<unsigned int, __CFString const*, std::__1::less<unsigned int>, std::__1::allocator<std::__1::pair<unsigned int const, __CFString const*>>>	1	0
Flexo	Observers::ContextBlock	1	0
Flexo	Observers::Context	1	0
Flexo	std::__1::vector<FFSynchronizable*, std::__1::allocator<FFSynchronizable*>>	1	0
Flexo	std::__1::vector<(anonymous namespace)::Observer, std::__1::allocator<(anonymous namespace)::Observer>>	1	0
Flexo	std::__1::pair<std::__1::__hash_iterator<std::__1::__hash_node<std::__1::__hash_value_type<objc_object*, Observers::List>, void*>*>, bool> std::__1::__hash_table<std::__1::__hash_value_type<objc_object*, Observers::List>, std::__1::__unordered_map_hasher<objc_object*, std::__1::pair<objc_object* const, Observers::List>, std::__1::hash<objc_object*>, std::__1::equal_to<objc_object*>, true>, std::__1::__unordered_map_equal<objc_object*, std::__1::pair<objc_object* const, Observers::List>, std::__1::equal_to<objc_object*>, std::__1::hash<objc_object*>, true>, std::__1::allocator<std::__1::pair<objc_object* const, Observers::List>>>::__emplace_unique_key_args<objc_object*, std::__1::piecewise_construct_t const&, std::__1::tuple<objc_object* const&>, std::__1	1	0
Flexo	std::__1::pair<std::__1::__hash_iterator<std::__1::__hash_node<std::__1::__hash_value_type<void*, unsigned int>, void*>*>, bool> std::__1::__hash_table<std::__1::__hash_value_type<void*, unsigned int>, std::__1::__unordered_map_hasher<void*, std::__1::pair<void* const, unsigned int>, std::__1::hash<void*>, std::__1::equal_to<void*>, true>, std::__1::__unordered_map_equal<void*, std::__1::pair<void* const, unsigned int>, std::__1::equal_to<void*>, std::__1::hash<void*>, true>, std::__1::allocator<std::__1::pair<void* const, unsigned int>>>::__emplace_unique_key_args<void*, std::__1::piecewise_construct_t const&, std::__1::tuple<void* const&>, std::__1	1	0
Flexo	std::__1::__hash_table<objc_class*, std::__1::hash<objc_class*>, std::__1::equal_to<objc_class*>, std::__1::allocator<objc_class*>>	1	0
Flexo	std::__1::pair<std::__1::__hash_iterator<std::__1::__hash_node<objc_class*, void*>*>, bool> std::__1::__hash_table<objc_class*, std::__1::hash<objc_class*>, std::__1::equal_to<objc_class*>, std::__1::allocator<objc_class*>>	1	0
Flexo	std::__1::__function::__value_func<void (opaqueCMSampleBuffer**)>	1	0
Flexo	std::__1::unique_ptr<std::__1::__hash_node<std::__1::__hash_value_type<(anonymous namespace)::FileLineKey, objc::ref<objc_object>>, void*>, std::__1::__hash_node_destructor<std::__1::allocator<std::__1::__hash_node<std::__1::__hash_value_type<(anonymous namespace)::FileLineKey, objc::ref<objc_object>>, void*>>>>	1	0
Flexo	FFDecodeCostInfo	1	0
Flexo	void std::__1::__tree<std::__1::__value_type<FFMD5, float>, std::__1::__map_value_compare<FFMD5, std::__1::pair<FFMD5 const, float>, std::__1::less<FFMD5>, true>, std::__1::allocator<std::__1::pair<FFMD5 const, float>>>::__assign_multi<std::__1::__tree_const_iterator<std::__1::__value_type<FFMD5, float>, std::__1::__tree_node<std::__1	1	0
Flexo	void std::__1::map<FFMD5, float, std::__1::less<FFMD5>, std::__1::allocator<std::__1::pair<FFMD5 const, float>>>::insert[abi:nqe210106]<std::__1::__map_const_iterator<std::__1::__tree_const_iterator<std::__1::__value_type<FFMD5, float>, std::__1::__tree_node<std::__1	1	0
Flexo	std::__1::__tree_iterator<std::__1::__value_type<FFMD5, float>, std::__1::__tree_node<std::__1::__value_type<FFMD5, float>, void*>*, long> std::__1::__tree<std::__1::__value_type<FFMD5, float>, std::__1::__map_value_compare<FFMD5, std::__1::pair<FFMD5 const, float>, std::__1::less<FFMD5>, true>, std::__1::allocator<std::__1::pair<FFMD5 const, float>>>	1	0
Flexo	void std::__1::map<FFThermalStateEnum, double, std::__1::less<FFThermalStateEnum>, std::__1::allocator<std::__1::pair<FFThermalStateEnum const, double>>>::insert[abi:nqe210106]<std::__1::__map_const_iterator<std::__1::__tree_const_iterator<std::__1::__value_type<FFThermalStateEnum, double>, std::__1::__tree_node<std::__1	1	0
Flexo	PCCFRef<__CFBag*>	1	0
Flexo	PCLockSentry<PCRecursiveMutex>	1	0
Flexo	Synchronizable::NestingReleaser	1	0
Flexo	void std::__1::set<FFWorkerQueue::ReferenceMapInfo, std::__1::less<FFWorkerQueue::ReferenceMapInfo>, std::__1::allocator<FFWorkerQueue::ReferenceMapInfo>>::insert[abi:nqe210106]<std::__1::__tree_const_iterator<FFWorkerQueue::ReferenceMapInfo, std::__1::__tree_node<FFWorkerQueue	1	0
Flexo	videoanalysis::autoreframe	1	0
Flexo	std::__1::map<long long, int, std::__1::less<long long>, std::__1::allocator<std::__1::pair<long long const, int>>>	1	0
Flexo	void FFDestAnalyzerSynchronizer::run_<FFDestAnalyzerSynchronizer::joinAndCompleteTracking()	1	0
Flexo	void FFDestAnalyzerSynchronizer::run_<FFDestAnalyzerSynchronizer::startTracking(id<FFDestAnalyzerProcess>)	1	0
Flexo	void FFDestAnalyzerSynchronizer::run_<FFDestAnalyzerSynchronizer::RunProcess_(void*)	1	0
Flexo	std::__1::__wrap_iter<cc::spatialclustering::datapoint_t<FFVideoAnalysisCollatedFace*, videoanalysis::collation::box_t>*> std::__1::vector<cc::spatialclustering::datapoint_t<FFVideoAnalysisCollatedFace*, videoanalysis::collation::box_t>, std::__1::allocator<cc::spatialclustering::datapoint_t<FFVideoAnalysisCollatedFace*, videoanalysis::collation::box_t>>>::__insert_with_size[abi:nqe210106]<std::__1::__wrap_iter<cc::spatialclustering::datapoint_t<FFVideoAnalysisCollatedFace*, videoanalysis::collation::box_t> const*>, std::__1::__wrap_iter<cc::spatialclustering::datapoint_t<FFVideoAnalysisCollatedFace*, videoanalysis::collation	1	0
Flexo	std::__1::__wrap_iter<cc::spatialclustering::datapoint_t<FFVideoAnalysisCollatedFace*, videoanalysis::collation::box_t>*> std::__1::vector<cc::spatialclustering::datapoint_t<FFVideoAnalysisCollatedFace*, videoanalysis::collation::box_t>, std::__1::allocator<cc::spatialclustering::datapoint_t<FFVideoAnalysisCollatedFace*, videoanalysis::collation::box_t>>>::__insert_with_size[abi:nqe210106]<std::__1::__wrap_iter<cc::spatialclustering::datapoint_t<FFVideoAnalysisCollatedFace*, videoanalysis::collation::box_t>*>, std::__1::__wrap_iter<cc::spatialclustering::datapoint_t<FFVideoAnalysisCollatedFace*, videoanalysis::collation	1	0
Flexo	std::__1::vector<cc::spatialclustering::datapoint_t<FFVideoAnalysisCollatedFace*, videoanalysis::collation::box_t>, std::__1::allocator<cc::spatialclustering::datapoint_t<FFVideoAnalysisCollatedFace*, videoanalysis::collation::box_t>>>	1	0
Flexo	std::__1::__wrap_iter<unsigned long*> std::__1::vector<unsigned long, std::__1::allocator<unsigned long>>::__insert_with_size[abi:nqe210106]<std::__1::__wrap_iter<unsigned long*>, std::__1	1	0
Flexo	void std::__1::vector<std::__1::vector<cc::spatialclustering::datapoint_t<FFVideoAnalysisCollatedFace*, videoanalysis::collation::box_t>, std::__1::allocator<cc::spatialclustering::datapoint_t<FFVideoAnalysisCollatedFace*, videoanalysis::collation::box_t>>>, std::__1::allocator<std::__1::vector<cc::spatialclustering::datapoint_t<FFVideoAnalysisCollatedFace*, videoanalysis::collation::box_t>, std::__1::allocator<cc::spatialclustering::datapoint_t<FFVideoAnalysisCollatedFace*, videoanalysis::collation::box_t>>>>>::__emplace_back_assume_capacity[abi:nqe210106]<std::__1::vector<cc::spatialclustering::datapoint_t<FFVideoAnalysisCollatedFace*, videoanalysis::collation::box_t>, std::__1::allocator<cc::spatialclustering::datapoint_t<FFVideoAnalysisCollatedFace*, videoanalysis::collation	1	0
Flexo	std::__1::vector<cc::spatialclustering::datapoint_t<FFVideoAnalysisCollatedFace*, videoanalysis::collation::box_t>, std::__1::allocator<cc::spatialclustering::datapoint_t<FFVideoAnalysisCollatedFace*, videoanalysis::collation::box_t>>>* std::__1::vector<std::__1::vector<cc::spatialclustering::datapoint_t<FFVideoAnalysisCollatedFace*, videoanalysis::collation::box_t>, std::__1::allocator<cc::spatialclustering::datapoint_t<FFVideoAnalysisCollatedFace*, videoanalysis::collation::box_t>>>, std::__1::allocator<std::__1::vector<cc::spatialclustering::datapoint_t<FFVideoAnalysisCollatedFace*, videoanalysis::collation::box_t>, std::__1::allocator<cc::spatialclustering::datapoint_t<FFVideoAnalysisCollatedFace*, videoanalysis::collation::box_t>>>>>::__emplace_back_slow_path<std::__1::vector<cc::spatialclustering::datapoint_t<FFVideoAnalysisCollatedFace*, videoanalysis::collation::box_t>, std::__1::allocator<cc::spatialclustering::datapoint_t<FFVideoAnalysisCollatedFace*, videoanalysis::collation	1	0
Flexo	cc::spatialclustering::datapoint_t<FFVideoAnalysisCollatedFace*, videoanalysis::collation::box_t>* std::__1::vector<cc::spatialclustering::datapoint_t<FFVideoAnalysisCollatedFace*, videoanalysis::collation::box_t>, std::__1::allocator<cc::spatialclustering::datapoint_t<FFVideoAnalysisCollatedFace*, videoanalysis::collation::box_t>>>::__emplace_back_slow_path<cc::spatialclustering::datapoint_t<FFVideoAnalysisCollatedFace*, videoanalysis::collation	1	0
Flexo	std::__1::__wrap_iter<videoanalysis::collation::box_t*> std::__1::vector<videoanalysis::collation::box_t, std::__1::allocator<videoanalysis::collation::box_t>>::__insert_with_size[abi:nqe210106]<std::__1::__wrap_iter<videoanalysis::collation::box_t*>, std::__1::__wrap_iter<videoanalysis::collation	1	0
Flexo	std::__1::vector<videoanalysis::collation::box_t, std::__1::allocator<videoanalysis::collation::box_t>>	1	0
Flexo	videoanalysis::collation::box_t* std::__1::vector<videoanalysis::collation::box_t, std::__1::allocator<videoanalysis::collation::box_t>>::__emplace_back_slow_path<videoanalysis::collation	1	0
Flexo	std::__1::vector<std::__1::pair<double, CGRect>, std::__1::allocator<std::__1::pair<double, CGRect>>>	1	0
Flexo	std::__1::vector<HPMChannelTagType, std::__1::allocator<HPMChannelTagType>>	1	0
Flexo	std::__1::vector<MXF::essContIDs, std::__1::allocator<MXF::essContIDs>>	1	0
Flexo	std::__1::vector<MXF::indexMediaData, std::__1::allocator<MXF::indexMediaData>>	1	0
Flexo	void std::__1::vector<unsigned char, std::__1::allocator<unsigned char>>	1	0
Flexo	std::__1::vector<MXF::MXObject*, std::__1::allocator<MXF::MXObject*>>	1	0
Flexo	bool std::__1::operator==[abi:nqe210106]<char, std::__1::char_traits<char>, std::__1	1	0
Flexo	std::__1::map<unsigned int, MXF::MXFEssenceContainer*, std::__1::less<unsigned int>, std::__1::allocator<std::__1::pair<unsigned int const, MXF::MXFEssenceContainer*>>>	1	0
Flexo	HGBinding* std::__1::vector<HGBinding, std::__1::allocator<HGBinding>>	1	0
Flexo	FFCc2DParameterController	1	0
Flexo	FFCcDoubleParameterController	1	0
Flexo	FFAnchoredBlackGeneratorComponent	1	0
Flexo	FFBreakApartClipsRoleChangeOperation	1	0
Flexo	FFLibraryFolderPrivate	1	0
Flexo	FFResourceLocator	1	0
Flexo	FFModelCoordinatorQueue	1	0
Flexo	FFResolveLanesUitilities	1	0
Flexo	FFMediaUsage	1	0
Flexo	FFTimelineSelectionFilter	1	0
Flexo	FFTimelineSelection	1	0
Flexo	FFAudioEffectEditorManager_macOS	1	0
Flexo	FFHeMultiCamEffectNode	1	0
Flexo	FFSourceHeMulitCamVideoEffect	1	0
Flexo	NoClickTextField	1	0
Flexo	CAPropertyAnimation	1	0
Flexo	CATextLayer	1	0
Flexo	iMovieNoArchiveLayer	1	0
Flexo	PKInk	1	0
Flexo	PKStrokePoint	1	0
Flexo	PKDrawing	1	0
Flexo	FFInnerOuterCorrectionBaseEffect	1	0
Flexo	_FFColorIsolationTypeSoftnessController	1	0
Flexo	_FFSegmentationMasksDoubleController	1	0
Flexo	FFTrackerShapeMaskAnimStateCell	1	0
Flexo	FFTrackerShapeMaskChannelGroupController	1	0
Flexo	FFIOColorCorrectionLabelController	1	0
Flexo	FFColorEffectLabelController	1	0
Flexo	FFPuckChannelController	1	0
Flexo	FFSemanticMaskAnimStateCell	1	0
Flexo	FFVideoTrackerEffectInspectorController	1	0
Flexo	FFVideoTrackerEffectLabelController	1	0
Flexo	FFAudioEffectNode	1	0
Flexo	FFEffectWarningController	1	0
Flexo	FFRateConformAudioEffectNode	1	0
Flexo	FFRateConformEffectNode	1	0
Flexo	FFRetimingAudioEffectNode	1	0
Flexo	FFRetimingEffectNode	1	0
Flexo	FFBladeSpeedBeatDetectionAlert	1	0
Flexo	FFUpdateBeatGridCollectionStateActionHook	1	0
Flexo	FFImageColorDescription	1	0
Flexo	FFImageOutputFormat	1	0
Flexo	FFIMovieIOSEditTransformer	1	0
Flexo	FFAddEffectComponentChooserTextLabel	1	0
Flexo	FFAudioAnalysisConfigEffectLabelController	1	0
Flexo	FFAudioEnhancementsBrickGroupController	1	0
Flexo	FFInspectorRoleColorEnableButton	1	0
Flexo	FFAudioComponentsConfigText	1	0
Flexo	FFAudioComponentsSelectionRing	1	0
Flexo	FFAudioPanSettingsLabelController	1	0
Flexo	FFAudioPanSettingsFolderGroupController	1	0
Flexo	_FFComparePickerPanel	1	0
Flexo	FFDataListHeaderView	1	0
Flexo	FFDataListPaneCapView	1	0
Flexo	FFEffectLibraryIconLayerDelegate	1	0
Flexo	FFInspectorAudioBadgeChanLabelController	1	0
Flexo	FFAudioEffectPlaceholderView	1	0
Flexo	FFAudioEffectPlaceholderViewController	1	0
Flexo	FFInspectorAudioVolumeController	1	0
Flexo	FFInspectorAudioVolumeBrickController	1	0
Flexo	FFInspectorTemperatureParameterController	1	0
Flexo	FFInspectorExposureOffsetParameterController	1	0
Flexo	FFInspectorTintColorParameterController	1	0
Flexo	_FFInspectorTokenFieldCell	1	0
Flexo	_FFInspectorMetaDataTextFieldCell	1	0
Flexo	FFInspectorMetaDataTextField	1	0
Flexo	FFInspectorTriangleDisclosureButton	1	0
Flexo	FFInspectorControllerFrameDrawerLayer	1	0
Flexo	FFInspectorFileInfoContainerTile	1	0
Flexo	FFInspectorFileInfoCollapsableContainerTile	1	0
Flexo	FFInspectorModuleAudioComponentsFlippedView	1	0
Flexo	FFInspectorModuleAudioComponentsRootView	1	0
Flexo	FFInspectorAudioComponentsHeaderViewController	1	0
Flexo	FFInspectorModuleAudioVolumeChannels	1	0
Flexo	FFInspectorColorController	1	0
Flexo	_FFColorHeaderPopUpButtonCell	1	0
Flexo	_FFMetadataNullModelLocking	1	0
Flexo	_FFMetadataBooleanItem	1	0
Flexo	_FFMetadataEnumItem	1	0
Flexo	_FFMetadataStringItem	1	0
Flexo	_FFMetadataStaticStringItem	1	0
Flexo	_FFMetadataTimeItem	1	0
Flexo	_FFMetadataTintColorItem	1	0
Flexo	_FFMetadataRatingItem	1	0
Flexo	_FFMetadataHeadlessContainerController	1	0
Flexo	_FFProjectPropertiesTextParameterController	1	0
Flexo	_FFProjectSharingContainerController	1	0
Flexo	_FFProjectSharingEnumItem	1	0
Flexo	_FFProjectSharingStringItem	1	0
Flexo	FFDividerView	1	0
Flexo	FFInspectorModuleTextField	1	0
Flexo	FFInspectorControllerStackView	1	0
Flexo	FFInspectorOutlineView	1	0
Flexo	FFInspectorTabView	1	0
Flexo	FFInspectorUserEffectsFolderGroupController	1	0
Flexo	FFColumnSetModuleLayoutDisplayName	1	0
Flexo	FFColumnSetEditorSortDescriptor	1	0
Flexo	FFEventLibraryHeaderBackgroundView	1	0
Flexo	FFFilterHUDWindow	1	0
Flexo	FFOrganizerFilterHUDWindowModule	1	0
Flexo	FFFilterHudTileView	1	0
Flexo	FFOrganizerFilmListTableCellView	1	0
Flexo	FFOrganizerFilmListTextField	1	0
Flexo	FFOrganizerFilmListOutlineTableHeaderCell	1	0
Flexo	FFClusterHeaderItemCountLayer	1	0
Flexo	FFOrganizerNoTickSliderCell	1	0
Flexo	FFOrganizerZoomBezelSegmentedControl	1	0
Flexo	FFOrganizerFilmstripModuleUnderlyingView	1	0
Flexo	FFTapeBottomView	1	0
Flexo	FFImportPaneCapView	1	0
Flexo	FFImportTapeControlsContainerView	1	0
Flexo	_FFExternalServiceHostingWindow	1	0
Flexo	FFMDITunesModule	1	0
Flexo	FFMDMusicLibraryModule	1	0
Flexo	FFMDPopUpButton	1	0
Flexo	FFMDPhotoFrameBackgroundLayer	1	0
Flexo	FFMDPhotoLibraryHeaderButton	1	0
Flexo	FFAlwaysHitButton	1	0
Flexo	FFMDToggleSidebarModule	1	0
Flexo	FFProjectExtrasTitlesCategoryNode	1	0
Flexo	FFProjectExtrasGeneratorsCategoryNode	1	0
Flexo	FFOrganizerLinenBackground	1	0
Flexo	FFOrganizerInactiveTableHeaderView	1	0
Flexo	DatePickerWithEscapeFixed	1	0
Flexo	FFPasteEffectsListView	1	0
Flexo	FFPasteEffectsBox	1	0
Flexo	_FFPlayerModuleLineView	1	0
Flexo	FFProSplitView	1	0
Flexo	FFVoiceOverLibraryRolesMenuContext	1	0
Flexo	FFShareDestinationAddView	1	0
Flexo	FFShareSeparatorView	1	0
Flexo	FFSharePixelmatorDestinationController	1	0
Flexo	FFShareDestinationTheaterController	1	0
Flexo	FFShareDestinationVideoResolutionMenuMakerMasteringAudio	1	0
Flexo	FFTheaterEmptyStateButtonLabelLayer	1	0
Flexo	FFTheaterDateFormatter	1	0
Flexo	FFHistogramBackgroundLayer	1	0
Flexo	FFWaveformYUnitPQTextLayer	1	0
Flexo	FFWaveformTransientYUnitTextLayer	1	0
Flexo	FFAudioEffectHeaderView	1	0
Flexo	FFAudioEffectContentView	1	0
Flexo	FFChangeAffectsTranscodedMediaWarning	1	0
Flexo	LKViewModule	1	0
Flexo	LKWindowModule	1	0
Flexo	RAWSettingsLineSeparatorView	1	0
Flexo	FFRAWSettingsControllerBase	1	0
Flexo	_REDRAWSettingsLineSeparatorView	1	0
Flexo	FFAddMaskButton	1	0
Flexo	FFVTRAWProcessorSettingsControllerFactory	1	0
Flexo	FFVTRAWHUDControllerFactory	1	0
Flexo	VTRAWScroller	1	0
Flexo	VTRAWFlippedView	1	0
Flexo	FFProjectInfoOSCBackgroundView	1	0
Flexo	FFAudioSplitDisabledLayer	1	0
Flexo	TLKTimelineView	1	0
Flexo	FFStreamOptions	1	0
Flexo	FFCurveEditorButtonLayer	1	0
Flexo	FFCurveEditorForegroundMaskLayer	1	0
Flexo	FFVideoKeyframeEditorRangeSelectionOverlayLayer	1	0
Flexo	FFSegmentationPropagationStartLayer	1	0
Flexo	FFCSDestinationPopoverDView	1	0
Flexo	FFShareDestinationMenuNameFormatter	1	0
Flexo	FFAdjustmentToolLabel	1	0
Flexo	FFFontSettingsSegmentedControl	1	0
Flexo	FFFontSettingsSegmentedCell	1	0
Flexo	FFNumbersOnlyNumberFormatter	1	0
Flexo	FFIntegerOnlyNumberFormatter	1	0
Flexo	FFShareInfoView	1	0
Flexo	FFShareSettingsView	1	0
Flexo	FFSharePanelRolesListAudioHeaderBrickViewController	1	0
Flexo	FFSharePanelRolesListVideoHeaderBrickViewController	1	0
Flexo	FFSharePanelAddRolePopupButtonCell	1	0
Flexo	FFSharePanelRolesTreeBuilder_Empty	1	0
Flexo	LKTimecode	1	0
Flexo	FFCancelablePromise	1	0
Flexo	FFShareFooterView	1	0
Flexo	NSSet	1	0
Flexo	NSBitmapImageRep	1	0
Flexo	FMSong	1	0
Flexo	PHAssetCollection	1	0
Flexo	FFPaginatedOutlineView	1	0
Flexo	FFMDUIUtilities	1	0
Flexo	FFDefaultNotificationAuthorizationProvider	1	0
Flexo	FFProgressIndicator	1	0
Flexo	FFTaskProgressViewController	1	0
Flexo	NSSegmentedCell	1	0
Flexo	FFITTCharacterMapper	1	0
Flexo	FFDestAudioAnalyzerController	1	0
Flexo	FFIXParameterStringFormatter	1	0
Flexo	FFIXParameterValueFormatter	1	0
Flexo	CHChannelDouble	1	0
Flexo	CHChannelEnum	1	0
Helium	HGRef<HGParamField>* std::__1::vector<HGRef<HGParamField>, std::__1::allocator<HGRef<HGParamField>>>	1	0
Helium	std::__1::__split_buffer<HGRef<HGParamField>, std::__1::allocator<HGRef<HGParamField>>&>	1	0
Helium	std::length_error	1	0
Helium	std	1	0
Helium	std::__1::__exception_guard_exceptions<std::__1::_AllocatorDestroyRangeReverse<std::__1::allocator<HGRef<HGParamField>>, HGRef<HGParamField>*>>	1	0
Helium	reorient_util	1	0
Helium	std::__1::shared_ptr<HGRAWRendererBase>	1	0
Helium	std::__1::shared_ptr<HGPRRawSdkRendererBase>	1	0
Helium	std::__1::shared_ptr<HGVTRAWProcessorRendererBase>	1	0
Helium	std::__1::shared_ptr<HGCPUComputeDevice const>	1	0
Helium	std::__1::shared_ptr<HGPool::ServicingPolicy>	1	0
Helium	std::__1::shared_ptr<HGPool::AllocationPolicy<HGMetalHeapPool::Descriptor>>	1	0
Helium	std::__1::shared_ptr<HGPool::AllocationPolicy<HGMetalBufferPool::Descriptor>>	1	0
Helium	std::__1::shared_ptr<HGPool::AllocationPolicy<HGMetalTexturePool::Descriptor>>	1	0
Helium	std::__1::shared_ptr<HGPool::FixedServicingPolicy>	1	0
Helium	std::__1::shared_ptr<HGPool::FixedGroupServicingPolicy>	1	0
Helium	std::__1::shared_ptr<HGPool::FixedTotalUsageServicingPolicy>	1	0
Helium	std::__1::shared_ptr<HGPool::Allocator<__CVBuffer*, HGCVPixelBufferPool::Descriptor>>	1	0
Helium	std::__1::shared_ptr<HGPool::Allocator<id<MTLHeap>, HGMetalHeapPool::Descriptor>>	1	0
Helium	std::__1::shared_ptr<HGPool::Allocator<id<MTLBuffer>, HGMetalBufferPool::Descriptor>>	1	0
Helium	std::__1::shared_ptr<HGPool::Allocator<id<MTLBuffer>, HGMetalBufferWrapperInfinipool::Descriptor>>	1	0
Helium	std::__1::shared_ptr<HGPool::Allocator<id<MTLTexture>, HGMetalTexturePool::Descriptor>>	1	0
Helium	std::__1::shared_ptr<HGPool::Allocator<id<MTLTexture>, HGMetalTextureWrapperInfinipool::Descriptor>>	1	0
Helium	HGSignPost::EventScopeGuard	1	0
Helium	PBOStrategy::PBOTilingPolicy	1	0
Helium	PBOStrategy::Pipeliner	1	0
Helium	std::__1::vector<HGBitmap*, std::__1::allocator<HGBitmap*>>	1	0
Helium	void std::__1::__introsort<std::__1::_ClassicAlgPolicy, std::__1	1	0
Helium	bool std::__1::__insertion_sort_incomplete[abi:nqe210106]<std::__1::_ClassicAlgPolicy, std::__1	1	0
Helium	HGBitmap** std::__1::__partial_sort_impl[abi:nqe210106]<std::__1::_ClassicAlgPolicy, std::__1	1	0
Helium	std::__1::__split_buffer<HGRef<HGBitmap>, std::__1::allocator<HGRef<HGBitmap>>&>	1	0
Helium	std::__1::__exception_guard_exceptions<std::__1::_AllocatorDestroyRangeReverse<std::__1::allocator<HGRef<HGBitmap>>, HGRef<HGBitmap>*>>	1	0
Helium	std::__1::__tree<std::__1::__value_type<HGMetalDeviceInfo const*, HGRef<HGMetalContext>>, std::__1::__map_value_compare<HGMetalDeviceInfo const*, std::__1::pair<HGMetalDeviceInfo const* const, HGRef<HGMetalContext>>, std::__1::less<HGMetalDeviceInfo const*>, true>, std::__1::allocator<std::__1::pair<HGMetalDeviceInfo const* const, HGRef<HGMetalContext>>>>	1	0
Helium	std::__1::__tree<std::__1::__value_type<__HGStats_private::RoiStatsID<HGNode>, __HGStats_private::RoiStats>, std::__1::__map_value_compare<__HGStats_private::RoiStatsID<HGNode>, std::__1::pair<__HGStats_private::RoiStatsID<HGNode> const, __HGStats_private::RoiStats>, std::__1::less<__HGStats_private::RoiStatsID<HGNode>>, true>, std::__1::allocator<std::__1::pair<__HGStats_private::RoiStatsID<HGNode> const, __HGStats_private::RoiStats>>>	1	0
Helium	std::__1::__tree<std::__1::__value_type<__HGStats_private::RoiStatsID<std::type_info const>, __HGStats_private::RoiStats>, std::__1::__map_value_compare<__HGStats_private::RoiStatsID<std::type_info const>, std::__1::pair<__HGStats_private::RoiStatsID<std::type_info const> const, __HGStats_private::RoiStats>, std::__1::less<__HGStats_private::RoiStatsID<std::type_info const>>, true>, std::__1::allocator<std::__1::pair<__HGStats_private::RoiStatsID<std::type_info const> const, __HGStats_private::RoiStats>>>	1	0
Helium	std::__1::__tree<std::__1::__value_type<HGMetalSamplerStateCache::Info, HGMTLSamplerStateType>, std::__1::__map_value_compare<HGMetalSamplerStateCache::Info, std::__1::pair<HGMetalSamplerStateCache::Info const, HGMTLSamplerStateType>, std::__1::less<HGMetalSamplerStateCache::Info>, true>, std::__1::allocator<std::__1::pair<HGMetalSamplerStateCache::Info const, HGMTLSamplerStateType>>>	1	0
Helium	std::__1::__tree<std::__1::__value_type<HGPixelBufferObj*, unsigned long long>, std::__1::__map_value_compare<HGPixelBufferObj*, std::__1::pair<HGPixelBufferObj* const, unsigned long long>, std::__1::less<HGPixelBufferObj*>, true>, std::__1::allocator<std::__1::pair<HGPixelBufferObj* const, unsigned long long>>>	1	0
Helium	std::__1::__tree<std::__1::__value_type<HGNode*, __HGStats_private::StatsTimer>, std::__1::__map_value_compare<HGNode*, std::__1::pair<HGNode* const, __HGStats_private::StatsTimer>, std::__1::less<HGNode*>, true>, std::__1::allocator<std::__1::pair<HGNode* const, __HGStats_private::StatsTimer>>>	1	0
Helium	std::__1::__tree<std::__1::__value_type<HGNode*, __HGStats_private::StatsProfile>, std::__1::__map_value_compare<HGNode*, std::__1::pair<HGNode* const, __HGStats_private::StatsProfile>, std::__1::less<HGNode*>, true>, std::__1::allocator<std::__1::pair<HGNode* const, __HGStats_private::StatsProfile>>>	1	0
Helium	std::__1::__tree<std::__1::__value_type<HGNode*, __HGStats_private::NodePixelsStats>, std::__1::__map_value_compare<HGNode*, std::__1::pair<HGNode* const, __HGStats_private::NodePixelsStats>, std::__1::less<HGNode*>, true>, std::__1::allocator<std::__1::pair<HGNode* const, __HGStats_private::NodePixelsStats>>>	1	0
Helium	std::__1::__tree<std::__1::__value_type<HGMetalDeviceInfo const*, HGMetalContext*>, std::__1::__map_value_compare<HGMetalDeviceInfo const*, std::__1::pair<HGMetalDeviceInfo const* const, HGMetalContext*>, std::__1::less<HGMetalDeviceInfo const*>, true>, std::__1::allocator<std::__1::pair<HGMetalDeviceInfo const* const, HGMetalContext*>>>	1	0
Helium	std::__1::__tree<std::__1::__value_type<std::type_info const*, __HGStats_private::StatsProfile>, std::__1::__map_value_compare<std::type_info const*, std::__1::pair<std::type_info const* const, __HGStats_private::StatsProfile>, std::__1::less<std::type_info const*>, true>, std::__1::allocator<std::__1::pair<std::type_info const* const, __HGStats_private::StatsProfile>>>	1	0
Helium	std::__1::__tree<std::__1::__value_type<std::type_info const*, __HGStats_private::NodePixelsStats>, std::__1::__map_value_compare<std::type_info const*, std::__1::pair<std::type_info const* const, __HGStats_private::NodePixelsStats>, std::__1::less<std::type_info const*>, true>, std::__1::allocator<std::__1::pair<std::type_info const* const, __HGStats_private::NodePixelsStats>>>	1	0
Helium	std::__1::__tree<std::__1::__value_type<char const*, HGColorConform::hgColorConformRAWToLogEncoding>, std::__1::__map_value_compare<char const*, std::__1::pair<char const* const, HGColorConform::hgColorConformRAWToLogEncoding>, std::__1::less<char const*>, true>, std::__1::allocator<std::__1::pair<char const* const, HGColorConform::hgColorConformRAWToLogEncoding>>>	1	0
Helium	std::__1::__tree<std::__1::__value_type<char const*, std::__1::pair<HGColorConform::hgColorConformLogLinearization, HGColorGamma::hgColorGammaLogGamut>>, std::__1::__map_value_compare<char const*, std::__1::pair<char const* const, std::__1::pair<HGColorConform::hgColorConformLogLinearization, HGColorGamma::hgColorGammaLogGamut>>, std::__1::less<char const*>, true>, std::__1::allocator<std::__1::pair<char const* const, std::__1::pair<HGColorConform::hgColorConformLogLinearization, HGColorGamma::hgColorGammaLogGamut>>>>	1	0
Helium	std::__1::__tree<std::__1::__value_type<HGLUTCache::LUTEntryFactory*, HGLUTCache*>, std::__1::__map_value_compare<HGLUTCache::LUTEntryFactory*, std::__1::pair<HGLUTCache::LUTEntryFactory* const, HGLUTCache*>, std::__1::less<HGLUTCache::LUTEntryFactory*>, true>, std::__1::allocator<std::__1::pair<HGLUTCache::LUTEntryFactory* const, HGLUTCache*>>>	1	0
Helium	std::__1::__tree<std::__1::__value_type<void*, HGGLUniformLocations*>, std::__1::__map_value_compare<void*, std::__1::pair<void* const, HGGLUniformLocations*>, std::__1::less<void*>, true>, std::__1::allocator<std::__1::pair<void* const, HGGLUniformLocations*>>>	1	0
Helium	std::__1::__tree<std::__1::__value_type<unsigned int, HGLimits*>, std::__1::__map_value_compare<unsigned int, std::__1::pair<unsigned int const, HGLimits*>, std::__1::less<unsigned int>, true>, std::__1::allocator<std::__1::pair<unsigned int const, HGLimits*>>>	1	0
Helium	std::__1::__tree<HGNodeInput*, std::__1::less<HGNodeInput*>, std::__1::allocator<HGNodeInput*>>	1	0
Helium	std::__1::__tree<HGMetalTexture*, std::__1::less<HGMetalTexture*>, std::__1::allocator<HGMetalTexture*>>	1	0
Helium	std::__1::__tree<HGNode*, std::__1::less<HGNode*>, std::__1::allocator<HGNode*>>	1	0
Helium	std::__1::__tree<HGNode const*, std::__1::less<HGNode const*>, std::__1::allocator<HGNode const*>>	1	0
Helium	std::__1::basic_ostream<char, std::__1::char_traits<char>>& std::__1::__put_character_sequence[abi:nqe210106]<char, std::__1	1	0
Helium	std::__1::ostreambuf_iterator<char, std::__1::char_traits<char>> std::__1::__pad_and_output[abi:nqe210106]<char, std::__1	1	0
Helium	HGRef<HGPixelBufferObj>* std::__1::vector<HGRef<HGPixelBufferObj>, std::__1::allocator<HGRef<HGPixelBufferObj>>>	1	0
Helium	std::__1::__split_buffer<HGRef<HGPixelBufferObj>, std::__1::allocator<HGRef<HGPixelBufferObj>>&>	1	0
Helium	std::__1::__exception_guard_exceptions<std::__1::_AllocatorDestroyRangeReverse<std::__1::allocator<HGRef<HGPixelBufferObj>>, HGRef<HGPixelBufferObj>*>>	1	0
Helium	void std::__1::__tree_balance_after_insert[abi:nqe210106]<std::__1	1	0
Helium	void std::__1::__introsort<std::__1	1	0
Helium	void std::__1::__sort4[abi:nqe210106]<std::__1	1	0
Helium	void std::__1::__sort5[abi:nqe210106]<std::__1	1	0
Helium	bool std::__1::__insertion_sort_incomplete[abi:nqe210106]<std::__1	1	0
Helium	HGROIsInfo* std::__1::__partial_sort_impl[abi:nqe210106]<std::__1	1	0
Helium	std::__1::vector<HGROIsInfo, std::__1::allocator<HGROIsInfo>>	1	0
Helium	std::__1::pair<std::__1::__deque_iterator<HGRenderJob*, HGRenderJob**, HGRenderJob*&, HGRenderJob***, long, 512l>, std::__1::__deque_iterator<HGRenderJob*, HGRenderJob**, HGRenderJob*&, HGRenderJob***, long, 512l>> std::__1::__move_backward_impl<std::__1::_ClassicAlgPolicy>	1	0
Helium	std::__1::pair<std::__1::__deque_iterator<HGGPUReadbackJob*, HGGPUReadbackJob**, HGGPUReadbackJob*&, HGGPUReadbackJob***, long, 512l>, std::__1::__deque_iterator<HGGPUReadbackJob*, HGGPUReadbackJob**, HGGPUReadbackJob*&, HGGPUReadbackJob***, long, 512l>> std::__1::__move_backward_impl<std::__1::_ClassicAlgPolicy>	1	0
Helium	std::__1::pair<std::__1::__deque_iterator<HGBitmap*, HGBitmap**, HGBitmap*&, HGBitmap***, long, 512l>, std::__1::__deque_iterator<HGBitmap*, HGBitmap**, HGBitmap*&, HGBitmap***, long, 512l>> std::__1::__move_backward_impl<std::__1::_ClassicAlgPolicy>	1	0
Helium	std::__1::pair<std::__1::__deque_iterator<HGUserJob*, HGUserJob**, HGUserJob*&, HGUserJob***, long, 512l>, std::__1::__deque_iterator<HGUserJob*, HGUserJob**, HGUserJob*&, HGUserJob***, long, 512l>> std::__1::__move_backward_impl<std::__1::_ClassicAlgPolicy>	1	0
Helium	std::__1::pair<std::__1::__deque_iterator<HGMemoryManager::Block*, HGMemoryManager::Block**, HGMemoryManager::Block*&, HGMemoryManager::Block***, long, 512l>, std::__1::__deque_iterator<HGMemoryManager::Block*, HGMemoryManager::Block**, HGMemoryManager::Block*&, HGMemoryManager::Block***, long, 512l>> std::__1::__move_backward_impl<std::__1::_ClassicAlgPolicy>	1	0
Helium	void std::__1::__for_each_segment[abi:nqe210106]<std::__1::__deque_iterator<HGRenderJob*, HGRenderJob**, HGRenderJob*&, HGRenderJob***, long, 512l>, std::__1::__move_impl<std::__1::_ClassicAlgPolicy>::_MoveSegment<std::__1::__deque_iterator<HGRenderJob*, HGRenderJob**, HGRenderJob*&, HGRenderJob***, long, 512l>, std::__1	1	0
Helium	void std::__1::__for_each_segment[abi:nqe210106]<std::__1::__deque_iterator<HGGPUReadbackJob*, HGGPUReadbackJob**, HGGPUReadbackJob*&, HGGPUReadbackJob***, long, 512l>, std::__1::__move_impl<std::__1::_ClassicAlgPolicy>::_MoveSegment<std::__1::__deque_iterator<HGGPUReadbackJob*, HGGPUReadbackJob**, HGGPUReadbackJob*&, HGGPUReadbackJob***, long, 512l>, std::__1	1	0
Helium	void std::__1::__for_each_segment[abi:nqe210106]<std::__1::__deque_iterator<HGBitmap*, HGBitmap**, HGBitmap*&, HGBitmap***, long, 512l>, std::__1::__move_impl<std::__1::_ClassicAlgPolicy>::_MoveSegment<std::__1::__deque_iterator<HGBitmap*, HGBitmap**, HGBitmap*&, HGBitmap***, long, 512l>, std::__1	1	0
Helium	void std::__1::__for_each_segment[abi:nqe210106]<std::__1::__deque_iterator<HGUserJob*, HGUserJob**, HGUserJob*&, HGUserJob***, long, 512l>, std::__1::__move_impl<std::__1::_ClassicAlgPolicy>::_MoveSegment<std::__1::__deque_iterator<HGUserJob*, HGUserJob**, HGUserJob*&, HGUserJob***, long, 512l>, std::__1	1	0
Helium	void std::__1::__for_each_segment[abi:nqe210106]<std::__1::__deque_iterator<HGMemoryManager::Block*, HGMemoryManager::Block**, HGMemoryManager::Block*&, HGMemoryManager::Block***, long, 512l>, std::__1::__move_impl<std::__1::_ClassicAlgPolicy>::_MoveSegment<std::__1::__deque_iterator<HGMemoryManager::Block*, HGMemoryManager::Block**, HGMemoryManager::Block*&, HGMemoryManager::Block***, long, 512l>, std::__1::__deque_iterator<HGMemoryManager::Block*, HGMemoryManager::Block**, HGMemoryManager::Block*&, HGMemoryManager	1	0
Helium	HGSynchronizer	1	0
Helium	std::__1::__split_buffer<HGRef<HGNode>, std::__1::allocator<HGRef<HGNode>>&>	1	0
Helium	std::__1::__exception_guard_exceptions<std::__1::_AllocatorDestroyRangeReverse<std::__1::allocator<HGRef<HGNode>>, HGRef<HGNode>*>>	1	0
Helium	HGOpticalFlowEffect::StreamID	1	0
Helium	std::__1::__hash_iterator<std::__1::__hash_node<std::__1::__hash_value_type<std::__1::basic_string<char, std::__1::char_traits<char>, std::__1::allocator<char>>, HGRect>, void*>*> std::__1::__hash_table<std::__1::__hash_value_type<std::__1::basic_string<char, std::__1::char_traits<char>, std::__1::allocator<char>>, HGRect>, std::__1::__unordered_map_hasher<std::__1::basic_string<char, std::__1::char_traits<char>, std::__1::allocator<char>>, std::__1::pair<std::__1::basic_string<char, std::__1::char_traits<char>, std::__1::allocator<char>> const, HGRect>, std::__1::hash<std::__1::basic_string<char, std::__1::char_traits<char>, std::__1::allocator<char>>>, std::__1::equal_to<std::__1::basic_string<char, std::__1::char_traits<char>, std::__1::allocator<char>>>, true>, std::__1::__unordered_map_equal<std::__1::basic_string<char, std::__1::char_traits<char>, std::__1::allocator<char>>, std::__1::pair<std::__1::basic_string<char, std::__1::char_traits<char>, std::__1::allocator<char>> const, HGRect>, std::__1::equal_to<std::__1::basic_string<char, std::__1::char_traits<char>, std::__1::allocator<char>>>, std::__1::hash<std::__1::basic_string<char, std::__1::char_traits<char>, std::__1::allocator<char>>>, true>, std::__1::allocator<std::__1::pair<std::__1::basic_string<char, std::__1::char_traits<char>, std::__1::allocator<char>> const, HGRect>>>::find<std::__1::basic_string<char, std::__1::char_traits<char>, std::__1	1	0
Helium	std::__1::__murmur2_or_cityhash<unsigned long, 64ul>	1	0
Helium	std::__1::pair<std::__1::__hash_iterator<std::__1::__hash_node<std::__1::__hash_value_type<std::__1::basic_string<char, std::__1::char_traits<char>, std::__1::allocator<char>>, HGRect>, void*>*>, bool> std::__1::__hash_table<std::__1::__hash_value_type<std::__1::basic_string<char, std::__1::char_traits<char>, std::__1::allocator<char>>, HGRect>, std::__1::__unordered_map_hasher<std::__1::basic_string<char, std::__1::char_traits<char>, std::__1::allocator<char>>, std::__1::pair<std::__1::basic_string<char, std::__1::char_traits<char>, std::__1::allocator<char>> const, HGRect>, std::__1::hash<std::__1::basic_string<char, std::__1::char_traits<char>, std::__1::allocator<char>>>, std::__1::equal_to<std::__1::basic_string<char, std::__1::char_traits<char>, std::__1::allocator<char>>>, true>, std::__1::__unordered_map_equal<std::__1::basic_string<char, std::__1::char_traits<char>, std::__1::allocator<char>>, std::__1::pair<std::__1::basic_string<char, std::__1::char_traits<char>, std::__1::allocator<char>> const, HGRect>, std::__1::equal_to<std::__1::basic_string<char, std::__1::char_traits<char>, std::__1::allocator<char>>>, std::__1::hash<std::__1::basic_string<char, std::__1::char_traits<char>, std::__1::allocator<char>>>, true>, std::__1::allocator<std::__1::pair<std::__1::basic_string<char, std::__1::char_traits<char>, std::__1::allocator<char>> const, HGRect>>>::__emplace_unique_key_args<std::__1::basic_string<char, std::__1::char_traits<char>, std::__1::allocator<char>>, std::__1::basic_string<char, std::__1::char_traits<char>, std::__1	1	0
Helium	std::__1::unique_ptr<std::__1::__hash_node<std::__1::__hash_value_type<HGMetalFunctionCache::Info, HGMTLFunctionType>, void*>, std::__1::__hash_node_destructor<std::__1::allocator<std::__1::__hash_node<std::__1::__hash_value_type<HGMetalFunctionCache::Info, HGMTLFunctionType>, void*>>>>	1	0
Helium	std::__1::unique_ptr<std::__1::__hash_node<std::__1::__hash_value_type<std::__1::basic_string<char, std::__1::char_traits<char>, std::__1::allocator<char>>, HGRect>, void*>, std::__1::__hash_node_destructor<std::__1::allocator<std::__1::__hash_node<std::__1::__hash_value_type<std::__1::basic_string<char, std::__1::char_traits<char>, std::__1::allocator<char>>, HGRect>, void*>>>>	1	0
Helium	std::__1::unique_ptr<std::__1::__hash_node<std::__1::__hash_value_type<std::__1::basic_string<char, std::__1::char_traits<char>, std::__1::allocator<char>>, bool>, void*>, std::__1::__hash_node_destructor<std::__1::allocator<std::__1::__hash_node<std::__1::__hash_value_type<std::__1::basic_string<char, std::__1::char_traits<char>, std::__1::allocator<char>>, bool>, void*>>>>	1	0
Helium	void std::__1::__hash_table<std::__1::__hash_value_type<HGMetalFunctionCache::Info, HGMTLFunctionType>, std::__1::__unordered_map_hasher<HGMetalFunctionCache::Info, std::__1::pair<HGMetalFunctionCache::Info const, HGMTLFunctionType>, HGMetalFunctionCache::InfoHash, std::__1::equal_to<HGMetalFunctionCache::Info>, true>, std::__1::__unordered_map_equal<HGMetalFunctionCache::Info, std::__1::pair<HGMetalFunctionCache::Info const, HGMTLFunctionType>, std::__1::equal_to<HGMetalFunctionCache::Info>, HGMetalFunctionCache::InfoHash, true>, std::__1::allocator<std::__1::pair<HGMetalFunctionCache::Info const, HGMTLFunctionType>>>	1	0
Helium	void std::__1::__hash_table<std::__1::__hash_value_type<std::__1::basic_string<char, std::__1::char_traits<char>, std::__1::allocator<char>>, HGRect>, std::__1::__unordered_map_hasher<std::__1::basic_string<char, std::__1::char_traits<char>, std::__1::allocator<char>>, std::__1::pair<std::__1::basic_string<char, std::__1::char_traits<char>, std::__1::allocator<char>> const, HGRect>, std::__1::hash<std::__1::basic_string<char, std::__1::char_traits<char>, std::__1::allocator<char>>>, std::__1::equal_to<std::__1::basic_string<char, std::__1::char_traits<char>, std::__1::allocator<char>>>, true>, std::__1::__unordered_map_equal<std::__1::basic_string<char, std::__1::char_traits<char>, std::__1::allocator<char>>, std::__1::pair<std::__1::basic_string<char, std::__1::char_traits<char>, std::__1::allocator<char>> const, HGRect>, std::__1::equal_to<std::__1::basic_string<char, std::__1::char_traits<char>, std::__1::allocator<char>>>, std::__1::hash<std::__1::basic_string<char, std::__1::char_traits<char>, std::__1::allocator<char>>>, true>, std::__1::allocator<std::__1::pair<std::__1::basic_string<char, std::__1::char_traits<char>, std::__1::allocator<char>> const, HGRect>>>	1	0
Helium	void std::__1::__hash_table<std::__1::__hash_value_type<std::__1::basic_string<char, std::__1::char_traits<char>, std::__1::allocator<char>>, bool>, std::__1::__unordered_map_hasher<std::__1::basic_string<char, std::__1::char_traits<char>, std::__1::allocator<char>>, std::__1::pair<std::__1::basic_string<char, std::__1::char_traits<char>, std::__1::allocator<char>> const, bool>, std::__1::hash<std::__1::basic_string<char, std::__1::char_traits<char>, std::__1::allocator<char>>>, std::__1::equal_to<std::__1::basic_string<char, std::__1::char_traits<char>, std::__1::allocator<char>>>, true>, std::__1::__unordered_map_equal<std::__1::basic_string<char, std::__1::char_traits<char>, std::__1::allocator<char>>, std::__1::pair<std::__1::basic_string<char, std::__1::char_traits<char>, std::__1::allocator<char>> const, bool>, std::__1::equal_to<std::__1::basic_string<char, std::__1::char_traits<char>, std::__1::allocator<char>>>, std::__1::hash<std::__1::basic_string<char, std::__1::char_traits<char>, std::__1::allocator<char>>>, true>, std::__1::allocator<std::__1::pair<std::__1::basic_string<char, std::__1::char_traits<char>, std::__1::allocator<char>> const, bool>>>	1	0
Helium	void std::__1::__hash_table<std::__1::__hash_value_type<HGNode const*, bool>, std::__1::__unordered_map_hasher<HGNode const*, std::__1::pair<HGNode const* const, bool>, std::__1::hash<HGNode const*>, std::__1::equal_to<HGNode const*>, true>, std::__1::__unordered_map_equal<HGNode const*, std::__1::pair<HGNode const* const, bool>, std::__1::equal_to<HGNode const*>, std::__1::hash<HGNode const*>, true>, std::__1::allocator<std::__1::pair<HGNode const* const, bool>>>	1	0
Helium	void std::__1::__hash_table<std::__1::__hash_value_type<int, HGRect>, std::__1::__unordered_map_hasher<int, std::__1::pair<int const, HGRect>, std::__1::hash<int>, std::__1::equal_to<int>, true>, std::__1::__unordered_map_equal<int, std::__1::pair<int const, HGRect>, std::__1::equal_to<int>, std::__1::hash<int>, true>, std::__1::allocator<std::__1::pair<int const, HGRect>>>	1	0
Helium	void std::__1::__hash_table<std::__1::__hash_value_type<unsigned long, std::__1::basic_string<char, std::__1::char_traits<char>, std::__1::allocator<char>>>, std::__1::__unordered_map_hasher<unsigned long, std::__1::pair<unsigned long const, std::__1::basic_string<char, std::__1::char_traits<char>, std::__1::allocator<char>>>, std::__1::hash<unsigned long>, std::__1::equal_to<unsigned long>, true>, std::__1::__unordered_map_equal<unsigned long, std::__1::pair<unsigned long const, std::__1::basic_string<char, std::__1::char_traits<char>, std::__1::allocator<char>>>, std::__1::equal_to<unsigned long>, std::__1::hash<unsigned long>, true>, std::__1::allocator<std::__1::pair<unsigned long const, std::__1::basic_string<char, std::__1::char_traits<char>, std::__1::allocator<char>>>>>	1	0
Helium	std::__1::vector<HGRenderJob*, std::__1::allocator<HGRenderJob*>>	1	0
Helium	std::__1::vector<HGRendererOutput, std::__1::allocator<HGRendererOutput>>	1	0
Helium	std::__1::unordered_map<HGNode const*, bool, std::__1::hash<HGNode const*>, std::__1::equal_to<HGNode const*>, std::__1::allocator<std::__1::pair<HGNode const* const, bool>>>	1	0
Helium	std::__1::unordered_map<int, HGRect, std::__1::hash<int>, std::__1::equal_to<int>, std::__1::allocator<std::__1::pair<int const, HGRect>>>	1	0
Helium	std::__1::unordered_map<int, HGRef<HGBitmap>, std::__1::hash<int>, std::__1::equal_to<int>, std::__1::allocator<std::__1::pair<int const, HGRef<HGBitmap>>>>	1	0
Helium	std::__1::pair<std::__1::__hash_iterator<std::__1::__hash_node<std::__1::__hash_value_type<int, HGRect>, void*>*>, bool> std::__1::__hash_table<std::__1::__hash_value_type<int, HGRect>, std::__1::__unordered_map_hasher<int, std::__1::pair<int const, HGRect>, std::__1::hash<int>, std::__1::equal_to<int>, true>, std::__1::__unordered_map_equal<int, std::__1::pair<int const, HGRect>, std::__1::equal_to<int>, std::__1::hash<int>, true>, std::__1::allocator<std::__1::pair<int const, HGRect>>>::__emplace_unique_key_args<int, std::__1::piecewise_construct_t const&, std::__1::tuple<int const&>, std::__1	1	0
Helium	std::__1::pair<std::__1::__hash_iterator<std::__1::__hash_node<std::__1::__hash_value_type<int, HGRef<HGBitmap>>, void*>*>, bool> std::__1::__hash_table<std::__1::__hash_value_type<int, HGRef<HGBitmap>>, std::__1::__unordered_map_hasher<int, std::__1::pair<int const, HGRef<HGBitmap>>, std::__1::hash<int>, std::__1::equal_to<int>, true>, std::__1::__unordered_map_equal<int, std::__1::pair<int const, HGRef<HGBitmap>>, std::__1::equal_to<int>, std::__1::hash<int>, true>, std::__1::allocator<std::__1::pair<int const, HGRef<HGBitmap>>>>::__emplace_unique_key_args<int, std::__1::piecewise_construct_t const&, std::__1::tuple<int const&>, std::__1	1	0
Helium	std::__1::unique_ptr<std::__1::__hash_node<std::__1::__hash_value_type<int, HGRef<HGBitmap>>, void*>, std::__1::__hash_node_destructor<std::__1::allocator<std::__1::__hash_node<std::__1::__hash_value_type<int, HGRef<HGBitmap>>, void*>>>>	1	0
Helium	void std::__1::__hash_table<std::__1::__hash_value_type<int, HGRef<HGBitmap>>, std::__1::__unordered_map_hasher<int, std::__1::pair<int const, HGRef<HGBitmap>>, std::__1::hash<int>, std::__1::equal_to<int>, true>, std::__1::__unordered_map_equal<int, std::__1::pair<int const, HGRef<HGBitmap>>, std::__1::equal_to<int>, std::__1::hash<int>, true>, std::__1::allocator<std::__1::pair<int const, HGRef<HGBitmap>>>>	1	0
Helium	std::__1::__tree<std::__1::__value_type<HGMetalDepthStencilStateCache::Info, HGMTLDepthStencilStateType>, std::__1::__map_value_compare<HGMetalDepthStencilStateCache::Info, std::__1::pair<HGMetalDepthStencilStateCache::Info const, HGMTLDepthStencilStateType>, std::__1::less<HGMetalDepthStencilStateCache::Info>, true>, std::__1::allocator<std::__1::pair<HGMetalDepthStencilStateCache::Info const, HGMTLDepthStencilStateType>>>	1	0
Helium	std::__1::__tree<std::__1::__value_type<int, int>, std::__1::__map_value_compare<int, std::__1::pair<int const, int>, std::__1::less<int>, true>, std::__1::allocator<std::__1::pair<int const, int>>>	1	0
Helium	std::__1::list<ClusteredPaddingPolicy::Size, std::__1::allocator<ClusteredPaddingPolicy::Size>>	1	0
Helium	void std::__1::__split_buffer<HGTextureManager::TextureEntry*, std::__1::allocator<HGTextureManager::TextureEntry*>>::emplace_front<HGTextureManager	1	0
Helium	void std::__1::__split_buffer<TextureDeleteQueue::DeleteRequest*, std::__1::allocator<TextureDeleteQueue::DeleteRequest*>>::emplace_front<TextureDeleteQueue	1	0
Helium	void std::__1::__split_buffer<HGPool::Entry<__CVBuffer*, HGCVPixelBufferPool::Descriptor>*, std::__1::allocator<HGPool::Entry<__CVBuffer*, HGCVPixelBufferPool::Descriptor>*>>::emplace_front<HGPool::Entry<__CVBuffer*, HGCVPixelBufferPool	1	0
Helium	void std::__1::__split_buffer<HGPool::Entry<id<MTLHeap>, HGMetalHeapPool::Descriptor>*, std::__1::allocator<HGPool::Entry<id<MTLHeap>, HGMetalHeapPool::Descriptor>>>::emplace_front<HGPool::Entry<id<MTLHeap>, HGMetalHeapPool	1	0
Helium	void std::__1::__split_buffer<HGPool::Entry<id<MTLBuffer>, HGMetalBufferPool::Descriptor>*, std::__1::allocator<HGPool::Entry<id<MTLBuffer>, HGMetalBufferPool::Descriptor>>>::emplace_front<HGPool::Entry<id<MTLBuffer>, HGMetalBufferPool	1	0
Helium	void std::__1::__split_buffer<HGPool::Entry<id<MTLBuffer>, HGMetalBufferWrapperInfinipool::Descriptor>*, std::__1::allocator<HGPool::Entry<id<MTLBuffer>, HGMetalBufferWrapperInfinipool::Descriptor>>>::emplace_front<HGPool::Entry<id<MTLBuffer>, HGMetalBufferWrapperInfinipool	1	0
Helium	void std::__1::__split_buffer<HGPool::Entry<id<MTLTexture>, HGMetalTexturePool::Descriptor>*, std::__1::allocator<HGPool::Entry<id<MTLTexture>, HGMetalTexturePool::Descriptor>>>::emplace_front<HGPool::Entry<id<MTLTexture>, HGMetalTexturePool	1	0
Helium	void std::__1::__split_buffer<HGPool::Entry<id<MTLTexture>, HGMetalTextureWrapperInfinipool::Descriptor>*, std::__1::allocator<HGPool::Entry<id<MTLTexture>, HGMetalTextureWrapperInfinipool::Descriptor>>>::emplace_front<HGPool::Entry<id<MTLTexture>, HGMetalTextureWrapperInfinipool	1	0
Helium	std::__1::vector<void*, std::__1::allocator<void*>>	1	0
Helium	std::__1::vector<RenderbufferCache::RenderbufferEntry, std::__1::allocator<RenderbufferCache::RenderbufferEntry>>	1	0
Helium	std::__1::pair<std::__1::__deque_iterator<HGTextureManager::TextureEntry, HGTextureManager::TextureEntry*, HGTextureManager::TextureEntry&, HGTextureManager::TextureEntry**, long, 42l>, std::__1::__deque_iterator<HGTextureManager::TextureEntry, HGTextureManager::TextureEntry*, HGTextureManager::TextureEntry&, HGTextureManager::TextureEntry**, long, 42l>> std::__1::__move_backward_impl<std::__1::_ClassicAlgPolicy>	1	0
Helium	void std::__1::__for_each_segment[abi:nqe210106]<std::__1::__deque_iterator<HGTextureManager::TextureEntry, HGTextureManager::TextureEntry*, HGTextureManager::TextureEntry&, HGTextureManager::TextureEntry**, long, 42l>, std::__1::__move_impl<std::__1::_ClassicAlgPolicy>::_MoveSegment<std::__1::__deque_iterator<HGTextureManager::TextureEntry, HGTextureManager::TextureEntry*, HGTextureManager::TextureEntry&, HGTextureManager::TextureEntry**, long, 42l>, std::__1::__deque_iterator<HGTextureManager::TextureEntry, HGTextureManager::TextureEntry*, HGTextureManager::TextureEntry&, HGTextureManager	1	0
Helium	std::__1::vector<HGTextureManager*, std::__1::allocator<HGTextureManager*>>	1	0
Helium	void std::__1::__tree_remove[abi:nqe210106]<std::__1	1	0
Helium	std::__1::vector<HGRenderNode*, std::__1::allocator<HGRenderNode*>>	1	0
Helium	std::__1::vector<HGBitmapLoader*, std::__1::allocator<HGBitmapLoader*>>	1	0
Helium	void std::__1::vector<std::__1::shared_ptr<HGComputeDevice const>, std::__1::allocator<std::__1::shared_ptr<HGComputeDevice const>>>::__assign_with_size[abi:nqe210106]<std::__1::shared_ptr<HGComputeDevice const>*, std::__1	1	0
Helium	std::__1::shared_ptr<(anonymous namespace)::HeapAllocator>	1	0
Helium	std::__1::shared_ptr<(anonymous namespace)::BufferAllocator>	1	0
Helium	std::__1::shared_ptr<(anonymous namespace)::TextureAllocator>	1	0
Helium	std::__1::shared_ptr<(anonymous namespace)::HeapTextureAllocator>	1	0
Helium	std::__1::shared_ptr<(anonymous namespace)::BufferWrapperAllocator>	1	0
Helium	std::__1::shared_ptr<(anonymous namespace)::TextureWrapperAllocator>	1	0
Helium	std::__1::shared_ptr<(anonymous namespace)::HGCVPixelBufferAllocator>	1	0
Helium	std::__1::shared_ptr<(anonymous namespace)::InfinipoolServicingPolicy>	1	0
Helium	std::__1::shared_ptr<(anonymous namespace)::HeapPoolFixedAllocationPolicy<0, 2097152>>	1	0
Helium	std::__1::shared_ptr<(anonymous namespace)::BufferPoolFixedAllocationPolicy<0, 1024>>	1	0
Helium	std::__1::shared_ptr<(anonymous namespace)::TexturePoolProgressivePOTAllocationPolicy<-2, 11>>	1	0
Helium	std::__1::shared_ptr<(anonymous namespace)::TexturePoolProgressivePOTAllocationPolicy<-2, 9>>	1	0
Helium	HGPool::EntryTrace<id<MTLTexture>, HGMetalTexturePool::Descriptor>	1	0
Helium	HGPool::DescriptorString<HGMetalTexturePool::Descriptor>	1	0
Helium	HGPool::EntryLog<id<MTLTexture>, HGMetalTexturePool::Descriptor>	1	0
Helium	std::__1::pair<std::__1::__deque_iterator<HGPool::Entry<id<MTLTexture>, HGMetalTexturePool::Descriptor>, HGMetalTexturePool::Descriptor*, HGMetalTexturePool::Descriptor&, HGPool::Entry<id<MTLTexture>, HGMetalTexturePool::Descriptor>*, long, 46l>, HGPool::Entry<id<MTLTexture>, HGMetalTexturePool::Descriptor>*> std::__1::__move_backward_impl<std::__1::_ClassicAlgPolicy>	1	0
Helium	void std::__1::__for_each_segment[abi:nqe210106]<std::__1::__deque_iterator<HGPool::Entry<id<MTLTexture>, HGMetalTexturePool::Descriptor>, HGMetalTexturePool::Descriptor*, HGMetalTexturePool::Descriptor&, HGPool::Entry<id<MTLTexture>, HGMetalTexturePool::Descriptor>*, long, 46l>, std::__1::__move_impl<std::__1::_ClassicAlgPolicy>::_MoveSegment<HGPool::Entry<id<MTLTexture>, HGMetalTexturePool::Descriptor>*, HGPool::Entry<id<MTLTexture>, HGMetalTexturePool	1	0
Helium	std::__1::map<HGMetalDeviceInfo const*, HGMetalContext*, std::__1::less<HGMetalDeviceInfo const*>, std::__1::allocator<std::__1::pair<HGMetalDeviceInfo const* const, HGMetalContext*>>>	1	0
Helium	std::__1::list<HGUserExecUnit*, std::__1::allocator<HGUserExecUnit*>>	1	0
Helium	std::__1::list<HGRenderContext*, std::__1::allocator<HGRenderContext*>>	1	0
Helium	std::__1::list<HGGPUReadbackExecUnit*, std::__1::allocator<HGGPUReadbackExecUnit*>>	1	0
Helium	std::__1::map<HGPixelBufferObj*, unsigned long long, std::__1::less<HGPixelBufferObj*>, std::__1::allocator<std::__1::pair<HGPixelBufferObj* const, unsigned long long>>>	1	0
Helium	std::__1::shared_ptr<HGComputeDevice const>& std::__1::shared_ptr<HGComputeDevice const>	1	0
Helium	std::__1::__tree<std::__1::__value_type<std::__1::shared_ptr<HGGPUComputeDevice const>, HGSynchronizable*>, std::__1::__map_value_compare<std::__1::shared_ptr<HGGPUComputeDevice const>, std::__1::pair<std::__1::shared_ptr<HGGPUComputeDevice const> const, HGSynchronizable*>, std::__1::less<std::__1::shared_ptr<HGGPUComputeDevice const>>, true>, std::__1::allocator<std::__1::pair<std::__1::shared_ptr<HGGPUComputeDevice const> const, HGSynchronizable*>>>	1	0
Helium	std::__1::__tree<std::__1::__value_type<std::__1::shared_ptr<HGGPUComputeDevice const>, bool>, std::__1::__map_value_compare<std::__1::shared_ptr<HGGPUComputeDevice const>, std::__1::pair<std::__1::shared_ptr<HGGPUComputeDevice const> const, bool>, std::__1::less<std::__1::shared_ptr<HGGPUComputeDevice const>>, true>, std::__1::allocator<std::__1::pair<std::__1::shared_ptr<HGGPUComputeDevice const> const, bool>>>	1	0
Helium	std::__1::__tree<std::__1::__value_type<std::__1::shared_ptr<HGGPUComputeDevice const>, unsigned long long>, std::__1::__map_value_compare<std::__1::shared_ptr<HGGPUComputeDevice const>, std::__1::pair<std::__1::shared_ptr<HGGPUComputeDevice const> const, unsigned long long>, std::__1::less<std::__1::shared_ptr<HGGPUComputeDevice const>>, true>, std::__1::allocator<std::__1::pair<std::__1::shared_ptr<HGGPUComputeDevice const> const, unsigned long long>>>	1	0
Helium	std::__1::__exception_guard_exceptions<std::__1::vector<std::__1::shared_ptr<HGComputeDevice const>, std::__1::allocator<std::__1::shared_ptr<HGComputeDevice const>>>::__destroy_vector>	1	0
Helium	HGRef<HGRenderNode>* std::__1::vector<HGRef<HGRenderNode>, std::__1::allocator<HGRef<HGRenderNode>>>	1	0
Helium	std::__1::__split_buffer<HGRef<HGRenderNode>, std::__1::allocator<HGRef<HGRenderNode>>&>	1	0
Helium	std::__1::__exception_guard_exceptions<std::__1::_AllocatorDestroyRangeReverse<std::__1::allocator<HGRef<HGRenderNode>>, HGRef<HGRenderNode>*>>	1	0
Helium	std::__1::__tree<std::__1::__value_type<HGPool::BasePool const*, std::__1::shared_ptr<HGPool::ServicingPolicy>>, std::__1::__map_value_compare<HGPool::BasePool const*, std::__1::pair<HGPool::BasePool const* const, std::__1::shared_ptr<HGPool::ServicingPolicy>>, std::__1::less<HGPool::BasePool const*>, true>, std::__1::allocator<std::__1::pair<HGPool::BasePool const* const, std::__1::shared_ptr<HGPool::ServicingPolicy>>>>	1	0
Helium	std::__1::pair<HGPool::BasePool const* const, std::__1::shared_ptr<HGPool::ServicingPolicy>>	1	0
Helium	void std::__1::__call_once_proxy[abi:nqe210106]<std::__1::tuple<HGPool::registerPool(HGPool::BasePool*)	1	0
Helium	std::__1::thread	1	0
Helium	void* std::__1::__thread_proxy[abi:nqe210106]<std::__1::tuple<std::__1::unique_ptr<std::__1::__thread_struct, std::__1::default_delete<std::__1	1	0
Helium	std::__1::unique_ptr<std::__1::tuple<std::__1::unique_ptr<std::__1::__thread_struct, std::__1::default_delete<std::__1::__thread_struct>>, void (*)()>, std::__1::default_delete<std::__1::tuple<std::__1::unique_ptr<std::__1::__thread_struct, std::__1::default_delete<std::__1::__thread_struct>>, void (*)()>>>	1	0
Helium	std::__1::unique_ptr<std::__1::__thread_struct, std::__1::default_delete<std::__1::__thread_struct>>	1	0
Helium	std::__1::vector<HGPool::BasePool*, std::__1::allocator<HGPool::BasePool*>>	1	0
Helium	void std::__1::__destroy_at[abi:nqe210106]<std::__1::pair<unsigned long const, HGDotGraph	1	0
Helium	std::__1::pair<unsigned long const, HGDotGraph::Node>	1	0
Helium	HGDotGraph::Node	1	0
Helium	std::__1::__tree<std::__1::__value_type<unsigned long, HGDotGraph::Node>, std::__1::__map_value_compare<unsigned long, std::__1::pair<unsigned long const, HGDotGraph::Node>, std::__1::less<unsigned long>, true>, std::__1::allocator<std::__1::pair<unsigned long const, HGDotGraph::Node>>>	1	0
Helium	std::__1::__tree<std::__1::__value_type<std::__1::tuple<unsigned long, unsigned long>, HGDotGraph::Edge>, std::__1::__map_value_compare<std::__1::tuple<unsigned long, unsigned long>, std::__1::pair<std::__1::tuple<unsigned long, unsigned long> const, HGDotGraph::Edge>, std::__1::less<std::__1::tuple<unsigned long, unsigned long>>, true>, std::__1::allocator<std::__1::pair<std::__1::tuple<unsigned long, unsigned long> const, HGDotGraph::Edge>>>	1	0
Helium	int HGFlipAndOffset	1	0
Helium	void std::__1::__call_once_proxy[abi:nqe210106]<std::__1::tuple<HGCV::AllowPixelSizeCastingForHGFormat(HGFormat)	1	0
Helium	std::out_of_range	1	0
Helium	__HGStats_private::NodeKeyMerger<HGNode, HGNode>	1	0
Helium	__HGStats_private::NodeKeyMerger<std::type_info const, HGNode>	1	0
Helium	__HGStats_private	1	0
Helium	__HGStats_private::Stats	1	0
Helium	__HGStats_private::OpStats<__HGStats_private::StatsTimer>	1	0
Helium	std::__1::vector<HGProfiler*, std::__1::allocator<HGProfiler*>>	1	0
Helium	__HGStats_private::InOutRoiStatsPrinter<HGNode>	1	0
Helium	__HGStats_private::OpStats<__HGStats_private::StatsProfile>	1	0
Helium	__HGStats_private::MergeNodeStats<HGNode, __HGStats_private::StatsTimer, HGNode, __HGStats_private::StatsProfile>	1	0
Helium	std::__1::__invoke_result_impl<void, __HGStats_private::MergeRoiStats<HGNode, HGNode>&, std::__1::pair<__HGStats_private::RoiStatsID<HGNode> const, __HGStats_private::RoiStats> const&>::type std::__1::__invoke[abi:nqe210106]<__HGStats_private::MergeRoiStats<HGNode, HGNode>&, std::__1::pair<__HGStats_private::RoiStatsID<HGNode> const, __HGStats_private	1	0
Helium	__HGStats_private::ReadRenderAccumulator<HGNode, __HGStats_private::StatsProfile>	1	0
Helium	__HGStats_private::NodePixelsPrinter<HGNode>	1	0
Helium	__HGStats_private::NodeStatsVerbosePrinter<HGNode, __HGStats_private::StatsProfile, (__HGStats_private::NodeStatsType)1>	1	0
Helium	__HGStats_private::NodePixels<HGNode>	1	0
Helium	__HGStats_private::NodeStatsVerbosePrinter<HGNode, __HGStats_private::StatsProfile, (__HGStats_private::NodeStatsType)0>	1	0
Helium	__HGStats_private::MergeNodeStats<HGNode, __HGStats_private::StatsProfile, std::type_info const, __HGStats_private::StatsProfile>	1	0
Helium	__HGStats_private::MergeRoiStats<HGNode, std::type_info const>	1	0
Helium	__HGStats_private::MergeNodePixels<HGNode, std::type_info const>	1	0
Helium	__HGStats_private::ReadRenderAccumulator<std::type_info const, __HGStats_private::StatsProfile>	1	0
Helium	void __HGStats_private::printNodeStats<std::type_info, __HGStats_private	1	0
Helium	__HGStats_private::NodePixelsPrinter<std::type_info const>	1	0
Helium	__HGStats_private::InOutRoiStatsPrinter<std::type_info const>	1	0
Helium	__HGStats_private::NodeStatsVerbosePrinter<std::type_info const, __HGStats_private::StatsProfile, (__HGStats_private::NodeStatsType)1>	1	0
Helium	__HGStats_private::NodePixels<std::type_info const>	1	0
Helium	__HGStats_private::NodeStatsVerbosePrinter<std::type_info const, __HGStats_private::StatsProfile, (__HGStats_private::NodeStatsType)0>	1	0
Helium	void std::__1::__call_once_proxy[abi:nqe210106]<std::__1::tuple<HGFormatUtils::adjustPrecision(unsigned int, unsigned int)	1	0
Helium	void std::__1::vector<unsigned int, std::__1::allocator<unsigned int>>	1	0
Helium	std::__1::vector<unsigned int, std::__1::allocator<unsigned int>>	1	0
Helium	HGTraversal::RecursiveTraversal<(HGTraversal::NodeInput)1, (HGTraversal::InputOrder)0>	1	0
Helium	HGTraversal::IterativeTraversal<(HGTraversal::NodeInput)1, (HGTraversal::InputOrder)0>	1	0
Helium	HGTraversal::IterativeUniqueTraversal<(HGTraversal::NodeInput)0, (HGTraversal::IteratorOrder)0, (HGTraversal::TraversalOrder)0, (HGTraversal::InputOrder)0>	1	0
Helium	HGTraversal::IterativeUniqueTraversal<(HGTraversal::NodeInput)0, (HGTraversal::IteratorOrder)1, (HGTraversal::TraversalOrder)1, (HGTraversal::InputOrder)1>	1	0
Helium	std::__1::__deque_iterator<HGNode*, HGNode**, HGNode*&, HGNode***, long, 512l> hgstd::stable_unique<std::__1	1	0
Helium	HGTraversal::IterativeUniqueTraversal<(HGTraversal::NodeInput)0, (HGTraversal::IteratorOrder)0, (HGTraversal::TraversalOrder)1, (HGTraversal::InputOrder)1>	1	0
Helium	HGTraversal::IterativeUniqueTraversal<(HGTraversal::NodeInput)1, (HGTraversal::IteratorOrder)0, (HGTraversal::TraversalOrder)0, (HGTraversal::InputOrder)0>	1	0
Helium	HGTraversal::IterativeUniqueTraversal<(HGTraversal::NodeInput)1, (HGTraversal::IteratorOrder)1, (HGTraversal::TraversalOrder)1, (HGTraversal::InputOrder)1>	1	0
Helium	HGTraversal::IterativeUniqueTraversal<(HGTraversal::NodeInput)1, (HGTraversal::IteratorOrder)0, (HGTraversal::TraversalOrder)1, (HGTraversal::InputOrder)1>	1	0
Helium	metal	1	0
Helium	string_t	1	0
Helium	std::__1::vector<HGShaderHistory, std::__1::allocator<HGShaderHistory>>	1	0
Helium	std::__1::vector<HGLUTCache::LUTEntry*, std::__1::allocator<HGLUTCache::LUTEntry*>>	1	0
Helium	std::__1::vector<HGBuffer*, std::__1::allocator<HGBuffer*>>	1	0
Helium	StaticInitTracker	1	0
Helium	std::__1::vector<HGExecutionUnit*, std::__1::allocator<HGExecutionUnit*>>	1	0
Helium	std::__1::vector<DepthBufferManager*, std::__1::allocator<DepthBufferManager*>>	1	0
Helium	void std::__1::__call_once_proxy[abi:nqe210106]<std::__1::tuple<HGBitmapLoader::RenderPage(HGPage*, HGGPURenderAPI)	1	0
Helium	HGARRILogC	1	0
Helium	std::__1::__tree_node_base<void*>*& std::__1::__tree<std::__1::__value_type<char const*, HGColorConform::hgColorConformRAWToLogEncoding>, std::__1::__map_value_compare<char const*, std::__1::pair<char const* const, HGColorConform::hgColorConformRAWToLogEncoding>, std::__1::less<char const*>, true>, std::__1::allocator<std::__1::pair<char const* const, HGColorConform::hgColorConformRAWToLogEncoding>>>	1	0
Helium	std::__1::__tree_node_base<void*>*& std::__1::__tree<std::__1::__value_type<char const*, std::__1::pair<HGColorConform::hgColorConformLogLinearization, HGColorGamma::hgColorGammaLogGamut>>, std::__1::__map_value_compare<char const*, std::__1::pair<char const* const, std::__1::pair<HGColorConform::hgColorConformLogLinearization, HGColorGamma::hgColorGammaLogGamut>>, std::__1::less<char const*>, true>, std::__1::allocator<std::__1::pair<char const* const, std::__1::pair<HGColorConform::hgColorConformLogLinearization, HGColorGamma::hgColorGammaLogGamut>>>>	1	0
Helium	void std::__1::map<char const*, HGColorConform::hgColorConformRAWToLogEncoding, std::__1::less<char const*>, std::__1::allocator<std::__1::pair<char const* const, HGColorConform::hgColorConformRAWToLogEncoding>>>::insert[abi:nqe210106]<std::__1::__map_const_iterator<std::__1::__tree_const_iterator<std::__1::__value_type<char const*, HGColorConform::hgColorConformRAWToLogEncoding>, std::__1::__tree_node<std::__1::__value_type<char const*, HGColorConform	1	0
Helium	void std::__1::map<char const*, std::__1::pair<HGColorConform::hgColorConformLogLinearization, HGColorGamma::hgColorGammaLogGamut>, std::__1::less<char const*>, std::__1::allocator<std::__1::pair<char const* const, std::__1::pair<HGColorConform::hgColorConformLogLinearization, HGColorGamma::hgColorGammaLogGamut>>>>::insert[abi:nqe210106]<std::__1::__map_const_iterator<std::__1::__tree_const_iterator<std::__1::__value_type<char const*, std::__1::pair<HGColorConform::hgColorConformLogLinearization, HGColorGamma::hgColorGammaLogGamut>>, std::__1::__tree_node<std::__1::__value_type<char const*, std::__1::pair<HGColorConform::hgColorConformLogLinearization, HGColorGamma	1	0
Helium	HGMath	1	0
Helium	void std::__1::__introsort<std::__1::_ClassicAlgPolicy, SortGPUDevices&, std::__1	1	0
Helium	SortGPUDevices	1	0
Helium	bool std::__1::__sort3[abi:nqe210106]<std::__1::_ClassicAlgPolicy, SortGPUDevices&, std::__1	1	0
Helium	void std::__1::__sort5[abi:nqe210106]<std::__1::_ClassicAlgPolicy, SortGPUDevices&, std::__1	1	0
Helium	void std::__1::__insertion_sort[abi:nqe210106]<std::__1::_ClassicAlgPolicy, SortGPUDevices&, std::__1	1	0
Helium	void std::__1::__insertion_sort_unguarded[abi:nqe210106]<std::__1::_ClassicAlgPolicy, SortGPUDevices&, std::__1	1	0
Helium	std::__1::shared_ptr<HGGPUComputeDevice const>* std::__1::__partition_with_equals_on_left[abi:nqe210106]<std::__1::_ClassicAlgPolicy, std::__1	1	0
Helium	std::__1::pair<std::__1::shared_ptr<HGGPUComputeDevice const>*, bool> std::__1::__partition_with_equals_on_right[abi:nqe210106]<std::__1::_ClassicAlgPolicy, std::__1	1	0
Helium	bool std::__1::__insertion_sort_incomplete[abi:nqe210106]<std::__1::_ClassicAlgPolicy, SortGPUDevices&, std::__1	1	0
Helium	void std::__1::__sift_down[abi:nqe210106]<std::__1::_ClassicAlgPolicy, SortGPUDevices&, std::__1	1	0
Helium	void std::__1::__pop_heap[abi:nqe210106]<std::__1::_ClassicAlgPolicy, SortGPUDevices, std::__1	1	0
Helium	void std::__1::__sift_up[abi:nqe210106]<std::__1::_ClassicAlgPolicy, SortGPUDevices&, std::__1	1	0
Helium	HGTile	1	0
Helium	std::__1::__deque_iterator<HGNode const*, HGNode const**, HGNode const*&, HGNode const***, long, 512l> hgstd::stable_unique<std::__1	1	0
Helium	std::__1::vector<HGNode const*, std::__1::allocator<HGNode const*>>	1	0
Helium	std::__1::pair<std::__1::__hash_iterator<std::__1::__hash_node<std::__1::__hash_value_type<HGNode const*, bool>, void*>*>, bool> std::__1::__hash_table<std::__1::__hash_value_type<HGNode const*, bool>, std::__1::__unordered_map_hasher<HGNode const*, std::__1::pair<HGNode const* const, bool>, std::__1::hash<HGNode const*>, std::__1::equal_to<HGNode const*>, true>, std::__1::__unordered_map_equal<HGNode const*, std::__1::pair<HGNode const* const, bool>, std::__1::equal_to<HGNode const*>, std::__1::hash<HGNode const*>, true>, std::__1::allocator<std::__1::pair<HGNode const* const, bool>>>::__emplace_unique_key_args<HGNode const*, std::__1::piecewise_construct_t const&, std::__1::tuple<HGNode const* const&>, std::__1	1	0
Helium	std::__1::vector<HGStackPage*, std::__1::allocator<HGStackPage*>>	1	0
Helium	operator<<(std::__1::basic_ostream<char, std::__1::char_traits<char>>&, ROIStatIO	1	0
Helium	ROIStatIO::ROITestSet	1	0
Helium	ROIStatIO::ROITestSet* std::__1::vector<ROIStatIO::ROITestSet, std::__1::allocator<ROIStatIO::ROITestSet>>::__emplace_back_slow_path<ROIStatIO	1	0
Helium	std::__1::__split_buffer<ROIStatIO::ROITestSet, std::__1::allocator<ROIStatIO::ROITestSet>&>	1	0
Helium	void std::__1::__uninitialized_allocator_relocate[abi:nqe210106]<std::__1::allocator<ROIStatIO::ROITestSet>, ROIStatIO	1	0
Helium	std::__1::__exception_guard_exceptions<std::__1::_AllocatorDestroyRangeReverse<std::__1::allocator<ROIStatIO::ROITestSet>, ROIStatIO::ROITestSet*>>	1	0
Helium	void std::__1::__split_buffer<ROIStatIO::ROITestSet, std::__1::allocator<ROIStatIO::ROITestSet>&>::emplace_back<ROIStatIO	1	0
Helium	std::__1::vector<HGCGL::RendererProperties*, std::__1::allocator<HGCGL::RendererProperties*>>	1	0
Helium	HGXF	1	0
Helium	HGMetalHandler::CommandEncoderCargo	1	0
Helium	std::__1::vector<HGMTLFunctionType, std::__1::allocator<HGMTLFunctionType>>	1	0
Helium	std::__1::basic_istream<char, std::__1::char_traits<char>>& std::__1::getline[abi:nqe210106]<char, std::__1::char_traits<char>, std::__1	1	0
Helium	std::__1::basic_string<char, std::__1::char_traits<char>, std::__1::allocator<char>>& std::__1::basic_string<char, std::__1::char_traits<char>, std::__1::allocator<char>>	1	0
Helium	std::__1::vector<HGMetalCounterSet*, std::__1::allocator<HGMetalCounterSet*>>	1	0
Helium	void std::__1::vector<HGMTLFunctionType, std::__1::allocator<HGMTLFunctionType>>	1	0
Helium	std::__1::vector<HGMetalHandler::CommandEncoderCargo*, std::__1::allocator<HGMetalHandler::CommandEncoderCargo*>>	1	0
Helium	std::__1::unordered_map<unsigned long, std::__1::basic_string<char, std::__1::char_traits<char>, std::__1::allocator<char>>, std::__1::hash<unsigned long>, std::__1::equal_to<unsigned long>, std::__1::allocator<std::__1::pair<unsigned long const, std::__1::basic_string<char, std::__1::char_traits<char>, std::__1::allocator<char>>>>>	1	0
Helium	std::__1::unordered_map<HGMetalFunctionCache::Info, HGMTLFunctionType, HGMetalFunctionCache::InfoHash, std::__1::equal_to<HGMetalFunctionCache::Info>, std::__1::allocator<std::__1::pair<HGMetalFunctionCache::Info const, HGMTLFunctionType>>>	1	0
Helium	std::__1::unordered_map<std::__1::basic_string<char, std::__1::char_traits<char>, std::__1::allocator<char>>, bool, std::__1::hash<std::__1::basic_string<char, std::__1::char_traits<char>, std::__1::allocator<char>>>, std::__1::equal_to<std::__1::basic_string<char, std::__1::char_traits<char>, std::__1::allocator<char>>>, std::__1::allocator<std::__1::pair<std::__1::basic_string<char, std::__1::char_traits<char>, std::__1::allocator<char>> const, bool>>>	1	0
Helium	HGProgramDescriptor::Dependency	1	0
Helium	void std::__1::vector<HGBinding, std::__1::allocator<HGBinding>>	1	0
Helium	std::__1::__exception_guard_exceptions<std::__1::_AllocatorDestroyRangeReverse<std::__1::allocator<HGBinding>, HGBinding*>>	1	0
Helium	std::__1::pair<HGProgramDescriptor::InputType, HGRef<HGProgramDescriptor>>* std::__1::vector<std::__1::pair<HGProgramDescriptor::InputType, HGRef<HGProgramDescriptor>>, std::__1::allocator<std::__1::pair<HGProgramDescriptor::InputType, HGRef<HGProgramDescriptor>>>>::__emplace_back_slow_path<std::__1::pair<HGProgramDescriptor	1	0
Helium	std::__1::__split_buffer<std::__1::pair<HGProgramDescriptor::InputType, HGRef<HGProgramDescriptor>>, std::__1::allocator<std::__1::pair<HGProgramDescriptor::InputType, HGRef<HGProgramDescriptor>>>&>	1	0
Helium	std::__1::__exception_guard_exceptions<std::__1::_AllocatorDestroyRangeReverse<std::__1::allocator<std::__1::pair<HGProgramDescriptor::InputType, HGRef<HGProgramDescriptor>>>, std::__1::pair<HGProgramDescriptor::InputType, HGRef<HGProgramDescriptor>>*>>	1	0
Helium	std::__1::__split_buffer<HGBinding, std::__1::allocator<HGBinding>&>	1	0
Helium	std::__1::pair<std::__1::__hash_iterator<std::__1::__hash_node<std::__1::__hash_value_type<unsigned long, std::__1::basic_string<char, std::__1::char_traits<char>, std::__1::allocator<char>>>, void*>*>, bool> std::__1::__hash_table<std::__1::__hash_value_type<unsigned long, std::__1::basic_string<char, std::__1::char_traits<char>, std::__1::allocator<char>>>, std::__1::__unordered_map_hasher<unsigned long, std::__1::pair<unsigned long const, std::__1::basic_string<char, std::__1::char_traits<char>, std::__1::allocator<char>>>, std::__1::hash<unsigned long>, std::__1::equal_to<unsigned long>, true>, std::__1::__unordered_map_equal<unsigned long, std::__1::pair<unsigned long const, std::__1::basic_string<char, std::__1::char_traits<char>, std::__1::allocator<char>>>, std::__1::equal_to<unsigned long>, std::__1::hash<unsigned long>, true>, std::__1::allocator<std::__1::pair<unsigned long const, std::__1::basic_string<char, std::__1::char_traits<char>, std::__1::allocator<char>>>>>::__emplace_unique_key_args<unsigned long, std::__1::piecewise_construct_t const&, std::__1::tuple<unsigned long const&>, std::__1	1	0
Helium	std::__1::unique_ptr<std::__1::__hash_node<std::__1::__hash_value_type<unsigned long, std::__1::basic_string<char, std::__1::char_traits<char>, std::__1::allocator<char>>>, void*>, std::__1::__hash_node_destructor<std::__1::allocator<std::__1::__hash_node<std::__1::__hash_value_type<unsigned long, std::__1::basic_string<char, std::__1::char_traits<char>, std::__1::allocator<char>>>, void*>>>>	1	0
Helium	std::__1::vector<unsigned long, std::__1::allocator<unsigned long>>	1	0
Helium	std::__1::pair<std::__1::__hash_iterator<std::__1::__hash_node<std::__1::__hash_value_type<unsigned long, std::__1::basic_string<char, std::__1::char_traits<char>, std::__1::allocator<char>>>, void*>*>, bool> std::__1::__hash_table<std::__1::__hash_value_type<unsigned long, std::__1::basic_string<char, std::__1::char_traits<char>, std::__1::allocator<char>>>, std::__1::__unordered_map_hasher<unsigned long, std::__1::pair<unsigned long const, std::__1::basic_string<char, std::__1::char_traits<char>, std::__1::allocator<char>>>, std::__1::hash<unsigned long>, std::__1::equal_to<unsigned long>, true>, std::__1::__unordered_map_equal<unsigned long, std::__1::pair<unsigned long const, std::__1::basic_string<char, std::__1::char_traits<char>, std::__1::allocator<char>>>, std::__1::equal_to<unsigned long>, std::__1::hash<unsigned long>, true>, std::__1::allocator<std::__1::pair<unsigned long const, std::__1::basic_string<char, std::__1::char_traits<char>, std::__1::allocator<char>>>>>::__emplace_unique_key_args<unsigned long, std::__1::pair<unsigned long const, std::__1::basic_string<char, std::__1::char_traits<char>, std::__1	1	0
Helium	std::__1::pair<std::__1::__hash_iterator<std::__1::__hash_node<std::__1::__hash_value_type<std::__1::basic_string<char, std::__1::char_traits<char>, std::__1::allocator<char>>, bool>, void*>*>, bool> std::__1::__hash_table<std::__1::__hash_value_type<std::__1::basic_string<char, std::__1::char_traits<char>, std::__1::allocator<char>>, bool>, std::__1::__unordered_map_hasher<std::__1::basic_string<char, std::__1::char_traits<char>, std::__1::allocator<char>>, std::__1::pair<std::__1::basic_string<char, std::__1::char_traits<char>, std::__1::allocator<char>> const, bool>, std::__1::hash<std::__1::basic_string<char, std::__1::char_traits<char>, std::__1::allocator<char>>>, std::__1::equal_to<std::__1::basic_string<char, std::__1::char_traits<char>, std::__1::allocator<char>>>, true>, std::__1::__unordered_map_equal<std::__1::basic_string<char, std::__1::char_traits<char>, std::__1::allocator<char>>, std::__1::pair<std::__1::basic_string<char, std::__1::char_traits<char>, std::__1::allocator<char>> const, bool>, std::__1::equal_to<std::__1::basic_string<char, std::__1::char_traits<char>, std::__1::allocator<char>>>, std::__1::hash<std::__1::basic_string<char, std::__1::char_traits<char>, std::__1::allocator<char>>>, true>, std::__1::allocator<std::__1::pair<std::__1::basic_string<char, std::__1::char_traits<char>, std::__1::allocator<char>> const, bool>>>::__emplace_unique_key_args<std::__1::basic_string<char, std::__1::char_traits<char>, std::__1::allocator<char>>, std::__1::piecewise_construct_t const&, std::__1::tuple<std::__1::basic_string<char, std::__1::char_traits<char>, std::__1::allocator<char>> const&>, std::__1	1	0
Helium	HGProgramDescriptor::Dependency* std::__1::vector<HGProgramDescriptor::Dependency, std::__1::allocator<HGProgramDescriptor::Dependency>>::__emplace_back_slow_path<HGProgramDescriptor	1	0
Helium	std::__1::vector<HGProgramDescriptor::Dependency, std::__1::allocator<HGProgramDescriptor::Dependency>>	1	0
Helium	HGPool::EntryTrace<id<MTLHeap>, HGMetalHeapPool::Descriptor>	1	0
Helium	HGPool::EntryLog<id<MTLHeap>, HGMetalHeapPool::Descriptor>	1	0
Helium	std::__1::pair<std::__1::__deque_iterator<HGPool::Entry<id<MTLHeap>, HGMetalHeapPool::Descriptor>, HGMetalHeapPool::Descriptor*, HGMetalHeapPool::Descriptor&, HGPool::Entry<id<MTLHeap>, HGMetalHeapPool::Descriptor>*, long, 73l>, HGPool::Entry<id<MTLHeap>, HGMetalHeapPool::Descriptor>*> std::__1::__move_backward_impl<std::__1::_ClassicAlgPolicy>	1	0
Helium	void std::__1::__for_each_segment[abi:nqe210106]<std::__1::__deque_iterator<HGPool::Entry<id<MTLHeap>, HGMetalHeapPool::Descriptor>, HGMetalHeapPool::Descriptor*, HGMetalHeapPool::Descriptor&, HGPool::Entry<id<MTLHeap>, HGMetalHeapPool::Descriptor>*, long, 73l>, std::__1::__move_impl<std::__1::_ClassicAlgPolicy>::_MoveSegment<HGPool::Entry<id<MTLHeap>, HGMetalHeapPool::Descriptor>*, HGPool::Entry<id<MTLHeap>, HGMetalHeapPool	1	0
Helium	HGPool::EntryTrace<id<MTLBuffer>, HGMetalBufferWrapperInfinipool::Descriptor>	1	0
Helium	HGPool::EntryLog<id<MTLBuffer>, HGMetalBufferWrapperInfinipool::Descriptor>	1	0
Helium	std::__1::pair<std::__1::__deque_iterator<HGPool::Entry<__CVBuffer*, HGCVPixelBufferPool::Descriptor>, HGPool::Entry<__CVBuffer*, HGCVPixelBufferPool::Descriptor>*, HGPool::Entry<__CVBuffer*, HGCVPixelBufferPool::Descriptor>&, HGPool::Entry<__CVBuffer*, HGCVPixelBufferPool::Descriptor>**, long, 64l>, std::__1::__deque_iterator<HGPool::Entry<__CVBuffer*, HGCVPixelBufferPool::Descriptor>, HGPool::Entry<__CVBuffer*, HGCVPixelBufferPool::Descriptor>*, HGPool::Entry<__CVBuffer*, HGCVPixelBufferPool::Descriptor>&, HGPool::Entry<__CVBuffer*, HGCVPixelBufferPool::Descriptor>**, long, 64l>> std::__1::__move_backward_impl<std::__1::_ClassicAlgPolicy>	1	0
Helium	std::__1::pair<std::__1::__deque_iterator<HGPool::Entry<id<MTLBuffer>, HGMetalBufferWrapperInfinipool::Descriptor>, HGMetalBufferWrapperInfinipool::Descriptor*, HGMetalBufferWrapperInfinipool::Descriptor&, HGPool::Entry<id<MTLBuffer>, HGMetalBufferWrapperInfinipool::Descriptor>*, long, 64l>, HGPool::Entry<id<MTLBuffer>, HGMetalBufferWrapperInfinipool::Descriptor>*> std::__1::__move_backward_impl<std::__1::_ClassicAlgPolicy>	1	0
Helium	void std::__1::__for_each_segment[abi:nqe210106]<std::__1::__deque_iterator<HGPool::Entry<__CVBuffer*, HGCVPixelBufferPool::Descriptor>, HGPool::Entry<__CVBuffer*, HGCVPixelBufferPool::Descriptor>*, HGPool::Entry<__CVBuffer*, HGCVPixelBufferPool::Descriptor>&, HGPool::Entry<__CVBuffer*, HGCVPixelBufferPool::Descriptor>**, long, 64l>, std::__1::__move_impl<std::__1::_ClassicAlgPolicy>::_MoveSegment<std::__1::__deque_iterator<HGPool::Entry<__CVBuffer*, HGCVPixelBufferPool::Descriptor>, HGPool::Entry<__CVBuffer*, HGCVPixelBufferPool::Descriptor>*, HGPool::Entry<__CVBuffer*, HGCVPixelBufferPool::Descriptor>&, HGPool::Entry<__CVBuffer*, HGCVPixelBufferPool::Descriptor>**, long, 64l>, std::__1::__deque_iterator<HGPool::Entry<__CVBuffer*, HGCVPixelBufferPool::Descriptor>, HGPool::Entry<__CVBuffer*, HGCVPixelBufferPool::Descriptor>*, HGPool::Entry<__CVBuffer*, HGCVPixelBufferPool::Descriptor>&, HGPool::Entry<__CVBuffer*, HGCVPixelBufferPool	1	0
Helium	void std::__1::__for_each_segment[abi:nqe210106]<std::__1::__deque_iterator<HGPool::Entry<id<MTLBuffer>, HGMetalBufferWrapperInfinipool::Descriptor>, HGMetalBufferWrapperInfinipool::Descriptor*, HGMetalBufferWrapperInfinipool::Descriptor&, HGPool::Entry<id<MTLBuffer>, HGMetalBufferWrapperInfinipool::Descriptor>*, long, 64l>, std::__1::__move_impl<std::__1::_ClassicAlgPolicy>::_MoveSegment<HGPool::Entry<id<MTLBuffer>, HGMetalBufferWrapperInfinipool::Descriptor>*, HGPool::Entry<id<MTLBuffer>, HGMetalBufferWrapperInfinipool	1	0
Helium	HGPool::DescriptorString<HGMetalTextureWrapperInfinipool::Descriptor>	1	0
Helium	HGPool::EntryTrace<id<MTLTexture>, HGMetalTextureWrapperInfinipool::Descriptor>	1	0
Helium	HGPool::EntryLog<id<MTLTexture>, HGMetalTextureWrapperInfinipool::Descriptor>	1	0
Helium	std::__1::pair<std::__1::__deque_iterator<HGPool::Entry<id<MTLTexture>, HGMetalTextureWrapperInfinipool::Descriptor>, HGMetalTextureWrapperInfinipool::Descriptor*, HGMetalTextureWrapperInfinipool::Descriptor&, HGPool::Entry<id<MTLTexture>, HGMetalTextureWrapperInfinipool::Descriptor>*, long, 36l>, HGPool::Entry<id<MTLTexture>, HGMetalTextureWrapperInfinipool::Descriptor>*> std::__1::__move_backward_impl<std::__1::_ClassicAlgPolicy>	1	0
Helium	void std::__1::__for_each_segment[abi:nqe210106]<std::__1::__deque_iterator<HGPool::Entry<id<MTLTexture>, HGMetalTextureWrapperInfinipool::Descriptor>, HGMetalTextureWrapperInfinipool::Descriptor*, HGMetalTextureWrapperInfinipool::Descriptor&, HGPool::Entry<id<MTLTexture>, HGMetalTextureWrapperInfinipool::Descriptor>*, long, 36l>, std::__1::__move_impl<std::__1::_ClassicAlgPolicy>::_MoveSegment<HGPool::Entry<id<MTLTexture>, HGMetalTextureWrapperInfinipool::Descriptor>*, HGPool::Entry<id<MTLTexture>, HGMetalTextureWrapperInfinipool	1	0
Helium	HGPool::EntryTrace<id<MTLBuffer>, HGMetalBufferPool::Descriptor>	1	0
Helium	HGPool::EntryLog<id<MTLBuffer>, HGMetalBufferPool::Descriptor>	1	0
Helium	std::__1::pair<std::__1::__deque_iterator<HGPool::Entry<id<MTLBuffer>, HGMetalBufferPool::Descriptor>, HGMetalBufferPool::Descriptor*, HGMetalBufferPool::Descriptor&, HGPool::Entry<id<MTLBuffer>, HGMetalBufferPool::Descriptor>*, long, 85l>, HGPool::Entry<id<MTLBuffer>, HGMetalBufferPool::Descriptor>*> std::__1::__move_backward_impl<std::__1::_ClassicAlgPolicy>	1	0
Helium	void std::__1::__for_each_segment[abi:nqe210106]<std::__1::__deque_iterator<HGPool::Entry<id<MTLBuffer>, HGMetalBufferPool::Descriptor>, HGMetalBufferPool::Descriptor*, HGMetalBufferPool::Descriptor&, HGPool::Entry<id<MTLBuffer>, HGMetalBufferPool::Descriptor>*, long, 85l>, std::__1::__move_impl<std::__1::_ClassicAlgPolicy>::_MoveSegment<HGPool::Entry<id<MTLBuffer>, HGMetalBufferPool::Descriptor>*, HGPool::Entry<id<MTLBuffer>, HGMetalBufferPool	1	0
Helium	HGSynchronizable::NestingReleaser	1	0
Helium	void std::__1::__call_once_proxy[abi:nqe210106]<std::__1::tuple<HGRasterizer::getIsROIDebug()	1	0
Helium	HGTW	1	0
Helium	std::__1::pair<std::__1::vector<HGTW::HGTextureWrapRepeat::Segment, std::__1::allocator<HGTW::HGTextureWrapRepeat::Segment>>, std::__1::vector<HGTW::HGTextureWrapRepeat::Segment, std::__1::allocator<HGTW::HGTextureWrapRepeat::Segment>>>	1	0
Helium	std::__1::vector<HGTW::HGTextureWrapRepeat::Segment, std::__1::allocator<HGTW::HGTextureWrapRepeat::Segment>>	1	0
Helium	HGLC	1	0
Helium	std::__1::pair<std::__1::__tree_iterator<std::__1::__value_type<char const*, int>, std::__1::__tree_node<std::__1::__value_type<char const*, int>, void*>*, long>, bool> std::__1::__tree<std::__1::__value_type<char const*, int>, std::__1::__map_value_compare<char const*, std::__1::pair<char const* const, int>, HGLC::ltstr, true>, std::__1::allocator<std::__1::pair<char const* const, int>>>::__emplace_unique_key_args<char const*, std::__1::piecewise_construct_t const&, std::__1::tuple<char const* const&>, std::__1	1	0
Helium	std::__1::vector<char, std::__1::allocator<char>>	1	0
Helium	void std::__1::__call_once_proxy[abi:nqe210106]<std::__1::tuple<HGMemoryManager::INSTANCE()	1	0
Helium	HGMemoryManager::Stats	1	0
Helium	void std::__1::__for_each_segment[abi:nqe210106]<std::__1::__deque_iterator<HGMemoryManager::Block*, HGMemoryManager::Block**, HGMemoryManager::Block*&, HGMemoryManager::Block***, long, 512l>, std::__1::__deque_iterator<HGMemoryManager::Block*, HGMemoryManager::Block**, HGMemoryManager::Block*&, HGMemoryManager::Block***, long, 512l> std::__1::__for_each[abi:nqe210106]<std::__1::__deque_iterator<HGMemoryManager::Block*, HGMemoryManager::Block**, HGMemoryManager::Block*&, HGMemoryManager::Block***, long, 512l>, HGMemoryManager::BlockDumper, std::__1::__identity, 0>(std::__1::__deque_iterator<HGMemoryManager::Block*, HGMemoryManager::Block**, HGMemoryManager::Block*&, HGMemoryManager::Block***, long, 512l>, std::__1::__deque_iterator<HGMemoryManager::Block*, HGMemoryManager::Block**, HGMemoryManager::Block*&, HGMemoryManager::Block***, long, 512l>, HGMemoryManager::BlockDumper&, std::__1::__identity&)::'lambda'(HGMemoryManager::Block**, HGMemoryManager	1	0
Helium	std::__1::vector<float vector[3], std::__1::allocator<float vector[3]>>	1	0
Helium	std::__1::vector<project_util::Triangle, std::__1::allocator<project_util::Triangle>>	1	0
Helium	void std::__1::__call_once_proxy[abi:nqe210106]<std::__1::tuple<getIcosphereP()	1	0
Helium	std::__1::vector<HGBuffer**, std::__1::allocator<HGBuffer**>>	1	0
Helium	void std::__1::__call_once_proxy[abi:nqe210106]<std::__1::tuple<HGMetalDeviceInfo::_initAllDevices()	1	0
Helium	std::__1::vector<HGMetalDeviceInfo*, std::__1::allocator<HGMetalDeviceInfo*>>	1	0
Helium	std::__1::vector<HKNode* __strong, std::__1::allocator<HKNode* __strong>>	1	0
Helium	HKNode* __strong* std::__1::vector<HKNode* __strong, std::__1::allocator<HKNode* __strong>>	1	0
Helium	void std::__1::vector<unsigned char, std::__1::allocator<unsigned char>>	1	0
Helium	HGMetalFunctionCache::Info::operator<(HGMetalFunctionCache	1	0
Helium	HGMetalFunctionCache::Info	1	0
Helium	HGMetalFunctionCache::InfoHash	1	0
Helium	HGMetalRenderPipelineStateCache::Info::RenderTarget	1	0
Helium	HGMetalRenderPipelineStateCache::Info::RenderTarget::operator<(HGMetalRenderPipelineStateCache::Info	1	0
Helium	HGMetalRenderPipelineStateCache::Info	1	0
Helium	HGMetalRenderPipelineStateCache::Info::operator<(HGMetalRenderPipelineStateCache	1	0
Helium	HGMetalSamplerStateCache::Info::operator<(HGMetalSamplerStateCache	1	0
Helium	HGMetalDepthStencilStateCache::Info::operator<(HGMetalDepthStencilStateCache	1	0
Helium	std::__1::__hash_iterator<std::__1::__hash_node<std::__1::__hash_value_type<HGMetalFunctionCache::Info, HGMTLFunctionType>, void*>*> std::__1::__hash_table<std::__1::__hash_value_type<HGMetalFunctionCache::Info, HGMTLFunctionType>, std::__1::__unordered_map_hasher<HGMetalFunctionCache::Info, std::__1::pair<HGMetalFunctionCache::Info const, HGMTLFunctionType>, HGMetalFunctionCache::InfoHash, std::__1::equal_to<HGMetalFunctionCache::Info>, true>, std::__1::__unordered_map_equal<HGMetalFunctionCache::Info, std::__1::pair<HGMetalFunctionCache::Info const, HGMTLFunctionType>, std::__1::equal_to<HGMetalFunctionCache::Info>, HGMetalFunctionCache::InfoHash, true>, std::__1::allocator<std::__1::pair<HGMetalFunctionCache::Info const, HGMTLFunctionType>>>::find<HGMetalFunctionCache	1	0
Helium	std::__1::pair<std::__1::__hash_iterator<std::__1::__hash_node<std::__1::__hash_value_type<HGMetalFunctionCache::Info, HGMTLFunctionType>, void*>*>, bool> std::__1::__hash_table<std::__1::__hash_value_type<HGMetalFunctionCache::Info, HGMTLFunctionType>, std::__1::__unordered_map_hasher<HGMetalFunctionCache::Info, std::__1::pair<HGMetalFunctionCache::Info const, HGMTLFunctionType>, HGMetalFunctionCache::InfoHash, std::__1::equal_to<HGMetalFunctionCache::Info>, true>, std::__1::__unordered_map_equal<HGMetalFunctionCache::Info, std::__1::pair<HGMetalFunctionCache::Info const, HGMTLFunctionType>, std::__1::equal_to<HGMetalFunctionCache::Info>, HGMetalFunctionCache::InfoHash, true>, std::__1::allocator<std::__1::pair<HGMetalFunctionCache::Info const, HGMTLFunctionType>>>::__emplace_unique_key_args<HGMetalFunctionCache::Info, std::__1::piecewise_construct_t const&, std::__1::tuple<HGMetalFunctionCache::Info const&>, std::__1	1	0
Helium	std::__1::__tree<std::__1::__value_type<HGMetalRenderPipelineStateCache::Info, HGMTLRenderPipelineStateType>, std::__1::__map_value_compare<HGMetalRenderPipelineStateCache::Info, std::__1::pair<HGMetalRenderPipelineStateCache::Info const, HGMTLRenderPipelineStateType>, std::__1::less<HGMetalRenderPipelineStateCache::Info>, true>, std::__1::allocator<std::__1::pair<HGMetalRenderPipelineStateCache::Info const, HGMTLRenderPipelineStateType>>>	1	0
Helium	std::__1::pair<std::__1::__tree_iterator<std::__1::__value_type<HGMetalRenderPipelineStateCache::Info, HGMTLRenderPipelineStateType>, std::__1::__tree_node<std::__1::__value_type<HGMetalRenderPipelineStateCache::Info, HGMTLRenderPipelineStateType>, void*>*, long>, bool> std::__1::__tree<std::__1::__value_type<HGMetalRenderPipelineStateCache::Info, HGMTLRenderPipelineStateType>, std::__1::__map_value_compare<HGMetalRenderPipelineStateCache::Info, std::__1::pair<HGMetalRenderPipelineStateCache::Info const, HGMTLRenderPipelineStateType>, std::__1::less<HGMetalRenderPipelineStateCache::Info>, true>, std::__1::allocator<std::__1::pair<HGMetalRenderPipelineStateCache::Info const, HGMTLRenderPipelineStateType>>>::__emplace_unique_key_args<HGMetalRenderPipelineStateCache::Info, std::__1::piecewise_construct_t const&, std::__1::tuple<HGMetalRenderPipelineStateCache::Info const&>, std::__1	1	0
Helium	std::__1::unique_ptr<std::__1::__tree_node<std::__1::__value_type<HGMetalRenderPipelineStateCache::Info, HGMTLRenderPipelineStateType>, void*>, std::__1::__tree_node_destructor<std::__1::allocator<std::__1::__tree_node<std::__1::__value_type<HGMetalRenderPipelineStateCache::Info, HGMTLRenderPipelineStateType>, void*>>>>	1	0
Helium	std::__1::__tree_iterator<std::__1::__value_type<HGMetalSamplerStateCache::Info, HGMTLSamplerStateType>, std::__1::__tree_node<std::__1::__value_type<HGMetalSamplerStateCache::Info, HGMTLSamplerStateType>, void*>*, long> std::__1::__tree<std::__1::__value_type<HGMetalSamplerStateCache::Info, HGMTLSamplerStateType>, std::__1::__map_value_compare<HGMetalSamplerStateCache::Info, std::__1::pair<HGMetalSamplerStateCache::Info const, HGMTLSamplerStateType>, std::__1::less<HGMetalSamplerStateCache::Info>, true>, std::__1::allocator<std::__1::pair<HGMetalSamplerStateCache::Info const, HGMTLSamplerStateType>>>::find<HGMetalSamplerStateCache	1	0
Helium	std::__1::pair<std::__1::__tree_iterator<std::__1::__value_type<HGMetalSamplerStateCache::Info, HGMTLSamplerStateType>, std::__1::__tree_node<std::__1::__value_type<HGMetalSamplerStateCache::Info, HGMTLSamplerStateType>, void*>*, long>, bool> std::__1::__tree<std::__1::__value_type<HGMetalSamplerStateCache::Info, HGMTLSamplerStateType>, std::__1::__map_value_compare<HGMetalSamplerStateCache::Info, std::__1::pair<HGMetalSamplerStateCache::Info const, HGMTLSamplerStateType>, std::__1::less<HGMetalSamplerStateCache::Info>, true>, std::__1::allocator<std::__1::pair<HGMetalSamplerStateCache::Info const, HGMTLSamplerStateType>>>::__emplace_unique_key_args<HGMetalSamplerStateCache::Info, std::__1::piecewise_construct_t const&, std::__1::tuple<HGMetalSamplerStateCache::Info const&>, std::__1	1	0
Helium	HGLodFilter::Axis	1	0
Helium	HGPool::DescriptorString<HGCVPixelBufferPool::Descriptor>	1	0
Helium	HGPool::EntryLog<__CVBuffer*, HGCVPixelBufferPool::Descriptor>	1	0
Helium	HGPool::EntryTrace<__CVBuffer*, HGCVPixelBufferPool::Descriptor>	1	0
Helium	std::__1::pair<std::__1::__deque_iterator<SessionInfo, SessionInfo*, SessionInfo&, SessionInfo**, long, 73l>, std::__1::__deque_iterator<SessionInfo, SessionInfo*, SessionInfo&, SessionInfo**, long, 73l>> std::__1::__move_backward_impl<std::__1::_ClassicAlgPolicy>	1	0
Helium	void std::__1::__for_each_segment[abi:nqe210106]<std::__1::__deque_iterator<SessionInfo, SessionInfo*, SessionInfo&, SessionInfo**, long, 73l>, std::__1::__move_impl<std::__1::_ClassicAlgPolicy>::_MoveSegment<std::__1::__deque_iterator<SessionInfo, SessionInfo*, SessionInfo&, SessionInfo**, long, 73l>, std::__1	1	0
Helium	HGRef<HGMetalTexture>* std::__1::vector<HGRef<HGMetalTexture>, std::__1::allocator<HGRef<HGMetalTexture>>>	1	0
Helium	std::__1::__split_buffer<HGRef<HGMetalTexture>, std::__1::allocator<HGRef<HGMetalTexture>>&>	1	0
Helium	std::__1::__exception_guard_exceptions<std::__1::_AllocatorDestroyRangeReverse<std::__1::allocator<HGRef<HGMetalTexture>>, HGRef<HGMetalTexture>*>>	1	0
Helium	void std::__1::__call_once_proxy[abi:nqe210106]<std::__1::tuple<HGCinematic::api_performPortraitWithDevice(HGMTLDeviceType, HGMTLCommandQueueType, HGMTLTextureType, HGMTLTextureType, HGMTLTextureType, void (id<MTLCommandBuffer>) block_pointer)	1	0
Helium	std::__1::vector<HGBlurGroup::BlurVal, std::__1::allocator<HGBlurGroup::BlurVal>>	1	0
Helium	HgcSMAAPatternSearch::State	1	0
Helium	HGToneCurve::State	1	0
Helium	HGHWBlend::State	1	0
Helium	std::__1::vector<HGHWBlend::State*, std::__1::allocator<HGHWBlend::State*>>	1	0
Helium	std::__1::vector<HGLightWrap::State*, std::__1::allocator<HGLightWrap::State*>>	1	0
Helium	std::__1::vector<HGStencil::State*, std::__1::allocator<HGStencil::State*>>	1	0
Helium	std::__1::basic_string<char, std::__1::char_traits<char>, std::__1::allocator<char>> HGParamFieldSpecialized	1	0
Helium	HgcComputeDeltaE2000fromLAB::State	1	0
Helium	HgcComputeDeltaEITP::State	1	0
Helium	HgcShadowHighlightFast::State	1	0
Helium	HgcBT2446_Method_A_ITMO::State	1	0
Helium	HKColorBars	1	0
